Sample	0	1	2	3	4	5	6	7	8	9	10	11	12	13	14	15	16	17	18	19	20	21	22	23	24	25	26	27	28	29	30	31	32	33	34	35	36	37	38	39	40	41	42	43	44	45	46	47	48	49	50	51	52	53	54	55	56	57
012024-BEL-CBC-T1-557-SSID_S56_R2_16S	(1, 0.0)	(2, 0.0)	(3, 0.0)	(4, 0.0)	(5, 0.0)	(6, 0.0)	(7, 0.0)	(8, 0.0)	(9, 0.0)	(10, 0.0)	(15, 0.0)	(20, 0.0)	(25, 0.0)	(30, 0.00010521221303368894)	(35, 0.0)	(40, 0.0)	(45, 0.0)	(50, 0.0)	(55, 0.0)	(60, 0.00010521221303368894)	(65, 0.0)	(70, 0.0)	(75, 0.0)	(80, 0.0)	(85, 0.0)	(90, 0.00042084885213475575)	(95, 0.0)	(100, 0.0)	(105, 0.0)	(110, 0.0)	(115, 0.0)	(120, 0.00010521221303368894)	(125, 0.0)	(130, 0.0003156366391010668)	(135, 0.0)	(140, 0.00010521221303368894)	(145, 0.00010521221303368894)	(150, 0.00021042442606737787)	(155, 0.0)	(160, 0.00021042442606737787)	(165, 0.0)	(170, 0.0)	(175, 0.00010521221303368894)	(180, 0.0006312732782021337)	(185, 0.00021042442606737787)	(190, 0.0003156366391010668)	(195, 0.00010521221303368894)	(200, 0.0)	(205, 0.00042084885213475575)	(210, 0.0006312732782021337)	(215, 0.0003156369711897094)	(220, 0.0005260638325854459)	(225, 0.00010522904153179812)	(230, 0.000595506309389348)	(235, 0.0)	(240, 0.0024151672503320855)	(245, 0.0)	(250, 0.0)
012024-BEL-CBC-T1-563-PSTR_S68_R2_16S	(1, 0.0)	(2, 0.0)	(3, 0.0)	(4, 0.0)	(5, 0.0)	(6, 0.0)	(7, 0.0)	(8, 0.0)	(9, 0.0)	(10, 0.0)	(15, 0.0)	(20, 0.0)	(25, 0.0)	(30, 0.0)	(35, 0.0)	(40, 0.00034464634976434807)	(45, 0.0)	(50, 0.0)	(55, 0.0)	(60, 0.0)	(65, 0.0)	(70, 0.00034464634976434807)	(75, 0.0)	(80, 0.0)	(85, 0.0)	(90, 0.0)	(95, 0.0)	(100, 0.00034464634976434807)	(105, 0.0)	(110, 0.0)	(115, 0.0)	(120, 0.0)	(125, 0.0)	(130, 0.0006892926995286961)	(135, 0.0)	(140, 0.0)	(145, 0.0)	(150, 0.00017232317488217403)	(155, 0.0)	(160, 0.0005169695246465221)	(165, 0.0)	(170, 0.0)	(175, 0.0)	(180, 0.0)	(185, 0.00034464634976434807)	(190, 0.0006892926995286961)	(195, 0.0)	(200, 0.0)	(205, 0.00017232317488217403)	(210, 0.0)	(215, 0.00017232525357661064)	(220, 0.0005169784333830207)	(225, 0.0)	(230, 0.0)	(235, 0.0)	(240, 0.0)	(245, 0.0)	(250, 0.0)
012024-BEL-CBC-T2-601-OFAV_S58_R2_16S	(1, 0.00035531552018192155)	(2, 0.0)	(3, 0.0)	(4, 0.0)	(5, 0.0)	(6, 0.0)	(7, 0.0)	(8, 0.0)	(9, 0.0)	(10, 0.0001421262080727686)	(15, 0.0)	(20, 0.0)	(25, 0.0)	(30, 0.0001421262080727686)	(35, 0.0)	(40, 7.10631040363843e-05)	(45, 0.0)	(50, 0.0)	(55, 7.10631040363843e-05)	(60, 0.00021318931210915294)	(65, 0.0001421262080727686)	(70, 0.00035531552018192155)	(75, 0.0001421262080727686)	(80, 7.10631040363843e-05)	(85, 0.0001421262080727686)	(90, 0.0004974417282546902)	(95, 0.00021318931210915294)	(100, 0.0004263786242183059)	(105, 0.0002842524161455372)	(110, 0.00035531552018192155)	(115, 0.00021318931210915294)	(120, 0.0012080727686185333)	(125, 0.0007816941444002274)	(130, 0.0012080727686185333)	(135, 0.0004263786242183059)	(140, 0.0004974417282546902)	(145, 0.0009238203524729961)	(150, 0.0005685048322910744)	(155, 0.0006395679363274588)	(160, 0.0010659465605457647)	(165, 0.0009948834565093804)	(170, 0.00035531552018192155)	(175, 0.0014923251847640704)	(180, 0.0014212620807276862)	(185, 0.0012791358726549175)	(190, 0.0012791358726549175)	(195, 0.0009238203524729961)	(200, 0.0009238203524729961)	(205, 0.0011370096645821489)	(210, 0.0015633882888004549)	(215, 0.0012080727686185333)	(220, 0.001279152234750018)	(225, 0.0009951267222800344)	(230, 0.0013315468413212272)	(235, 0.009422702431057228)	(240, 0.011001273004447658)	(245, 0.006286836935166995)	(250, 0.0)
012024-BEL-CBC-T2-605-SSID_S83_R2_16S	(1, 0.0)	(2, 0.0)	(3, 0.0)	(4, 0.0)	(5, 0.0)	(6, 0.0)	(7, 0.0)	(8, 0.0)	(9, 0.0)	(10, 0.00012570670739563985)	(15, 0.0)	(20, 0.0)	(25, 0.0)	(30, 0.0)	(35, 0.0)	(40, 3.142667684890996e-05)	(45, 0.0)	(50, 0.0)	(55, 0.0)	(60, 0.0)	(65, 0.0)	(70, 0.0001885600610934598)	(75, 0.0)	(80, 0.0)	(85, 0.0)	(90, 0.0)	(95, 0.0)	(100, 6.285335369781992e-05)	(105, 0.0)	(110, 0.0)	(115, 9.42800305467299e-05)	(120, 0.0)	(125, 9.42800305467299e-05)	(130, 0.00012570670739563985)	(135, 0.0)	(140, 0.0)	(145, 0.0)	(150, 0.0)	(155, 0.0)	(160, 0.0001885600610934598)	(165, 0.0)	(170, 0.0)	(175, 0.0)	(180, 6.285335369781992e-05)	(185, 0.00012570670739563985)	(190, 0.00034569344533800963)	(195, 0.0)	(200, 0.0)	(205, 6.285355122564425e-05)	(210, 6.285361048423364e-05)	(215, 0.0)	(220, 0.0002828460472107766)	(225, 0.0)	(230, 0.0)	(235, 0.0)	(240, 0.0010714094391171586)	(245, 0.0)	(250, 0.0)
012024-BEL-CBC-T3-627-PAST_S81_R2_16S	(1, 5.898754949792747e-05)	(2, 0.0)	(3, 0.0)	(4, 0.0)	(5, 0.0)	(6, 0.0)	(7, 0.0)	(8, 0.0)	(9, 0.0)	(10, 0.00023595019799170988)	(15, 0.0)	(20, 0.0)	(25, 0.0)	(30, 1.1797509899585495e-05)	(35, 0.0)	(40, 0.00010617758909626946)	(45, 0.0)	(50, 0.0)	(55, 0.0)	(60, 1.1797509899585495e-05)	(65, 0.0)	(70, 0.0004365078662846633)	(75, 0.0)	(80, 0.0)	(85, 0.0)	(90, 1.1797509899585495e-05)	(95, 0.0)	(100, 0.0002123551781925389)	(105, 0.0)	(110, 0.0)	(115, 3.5392529698756485e-05)	(120, 2.359501979917099e-05)	(125, 3.5392529698756485e-05)	(130, 0.0004129128464854923)	(135, 0.0)	(140, 1.1797509899585495e-05)	(145, 1.1797509899585495e-05)	(150, 3.5392529698756485e-05)	(155, 1.1797509899585495e-05)	(160, 0.00044830537618424876)	(165, 0.0)	(170, 0.0)	(175, 1.1797509899585495e-05)	(180, 4.719003959834198e-05)	(185, 7.078505939751297e-05)	(190, 0.0006960543158316965)	(195, 1.1797530776808414e-05)	(200, 0.0)	(205, 0.0002005581651712106)	(210, 2.359512557738747e-05)	(215, 0.0)	(220, 0.0005426967877541178)	(225, 1.4675374838424123e-05)	(230, 0.0)	(235, 0.0)	(240, 0.0017292361963720624)	(245, 0.0)	(250, 0.0)
012024-BEL-CBC-T3-631-MCAV_S61_R2_16S	(1, 0.0)	(2, 0.0)	(3, 0.0)	(4, 0.0)	(5, 0.0)	(6, 0.0)	(7, 0.0)	(8, 0.0)	(9, 0.0)	(10, 7.439756571164991e-05)	(15, 0.0)	(20, 0.0)	(25, 0.0)	(30, 3.719878285582496e-05)	(35, 0.0)	(40, 0.00011159634856747487)	(45, 0.0)	(50, 0.0)	(55, 0.0)	(60, 3.719878285582496e-05)	(65, 0.0)	(70, 0.00026039147999077473)	(75, 3.719878285582496e-05)	(80, 3.719878285582496e-05)	(85, 7.439756571164991e-05)	(90, 0.00037198782855824957)	(95, 0.00018599391427912479)	(100, 0.0004835841771257244)	(105, 0.00026039147999077473)	(110, 0.00022319269713494974)	(115, 0.00014879513142329983)	(120, 0.0007067768742606743)	(125, 0.0004463853942698995)	(130, 0.001041565919963099)	(135, 0.0003347890457024246)	(140, 0.00018599391427912479)	(145, 0.0006323793085490243)	(150, 0.0004835841771257244)	(155, 0.0006323793085490243)	(160, 0.000818373222828149)	(165, 0.0007067768742606743)	(170, 0.00037198782855824957)	(175, 0.0010043671371072738)	(180, 0.0012647586170980486)	(185, 0.0011903610513863986)	(190, 0.000892770788539799)	(195, 0.000818373222828149)	(200, 0.000781174439972324)	(205, 0.000855572323946465)	(210, 0.0013391616624799266)	(215, 0.0006695870582213387)	(220, 0.0010415918797497055)	(225, 0.0008557388076805162)	(230, 0.00035297647411800003)	(235, 0.003118178983473651)	(240, 0.010402147003141448)	(245, 0.0010403986807744727)	(250, 0.0)
012024-BEL-CBC-T3-633-MCAV_S69_R2_16S	(1, 0.0)	(2, 0.0)	(3, 0.0)	(4, 0.0)	(5, 0.0)	(6, 0.0)	(7, 0.0)	(8, 0.0)	(9, 0.0)	(10, 0.0)	(15, 0.0)	(20, 0.0)	(25, 0.0)	(30, 0.0)	(35, 0.0)	(40, 0.0)	(45, 0.0)	(50, 0.0)	(55, 0.0)	(60, 0.0)	(65, 0.0)	(70, 0.0)	(75, 0.0)	(80, 0.00011026452459450221)	(85, 0.00011026452459450221)	(90, 0.0)	(95, 0.0)	(100, 0.00011026452459450221)	(105, 0.0)	(110, 0.0)	(115, 0.00011026452459450221)	(120, 0.00022052904918900442)	(125, 0.00022052904918900442)	(130, 0.0003307935737835066)	(135, 0.00011026452459450221)	(140, 0.00011026452459450221)	(145, 0.00011026452459450221)	(150, 0.00022052904918900442)	(155, 0.00011026452459450221)	(160, 0.0005513226229725111)	(165, 0.00011026452459450221)	(170, 0.00011026452459450221)	(175, 0.00022052904918900442)	(180, 0.0003307935737835066)	(185, 0.0003307935737835066)	(190, 0.0005513226229725111)	(195, 0.00011026452459450221)	(200, 0.00011026452459450221)	(205, 0.00022052929235458023)	(210, 0.000330795397533369)	(215, 0.00011026646995128427)	(220, 0.0004410804707210784)	(225, 0.0)	(230, 0.0008161266628580756)	(235, 0.0025909420665353924)	(240, 0.0038880248833592533)	(245, 0.0)	(250, 0.0)
012024-BEL-CBC-T3-637-SSID_S70_R2_16S	(1, 0.0026490066225165563)	(2, 0.0)	(3, 0.0)	(4, 0.0)	(5, 0.0)	(6, 0.0)	(7, 0.0)	(8, 0.0)	(9, 0.0)	(10, 0.0005298013245033113)	(15, 0.0)	(20, 0.0)	(25, 0.0)	(30, 0.0005298013245033113)	(35, 0.0)	(40, 0.0)	(45, 0.0)	(50, 0.0)	(55, 0.0)	(60, 0.0)	(65, 0.0)	(70, 0.0005298013245033113)	(75, 0.0)	(80, 0.0)	(85, 0.0)	(90, 0.0005298013245033113)	(95, 0.0)	(100, 0.0)	(105, 0.0)	(110, 0.0)	(115, 0.0)	(120, 0.0005298013245033113)	(125, 0.0005298013245033113)	(130, 0.0)	(135, 0.0)	(140, 0.0010596026490066225)	(145, 0.0005298013245033113)	(150, 0.0015894039735099336)	(155, 0.0005298013245033113)	(160, 0.0)	(165, 0.0005298013245033113)	(170, 0.0005298013245033113)	(175, 0.0010596026490066225)	(180, 0.0010596026490066225)	(185, 0.0010596026490066225)	(190, 0.0005298013245033113)	(195, 0.0005298013245033113)	(200, 0.0)	(205, 0.0010596026490066225)	(210, 0.0005298013245033113)	(215, 0.0005298069383516647)	(220, 0.0)	(225, 0.0)	(230, 0.0023591025973719597)	(235, 0.0034188618608865106)	(240, 0.0034196802598956996)	(245, 0.0034202650705429673)	(250, 0.0)
012024-BEL-CBC-T4-661-PSTR_S71_R2_16S	(1, 0.0)	(2, 0.0)	(3, 0.0)	(4, 0.0)	(5, 0.0)	(6, 0.0)	(7, 0.0)	(8, 0.0)	(9, 0.0)	(10, 0.0002930458135265761)	(15, 0.0)	(20, 0.0)	(25, 0.0)	(30, 0.0)	(35, 0.0)	(40, 8.372737529330746e-05)	(45, 0.0)	(50, 0.0)	(55, 0.0)	(60, 0.0)	(65, 0.0)	(70, 0.0005860916270531522)	(75, 0.0)	(80, 0.0)	(85, 0.0)	(90, 4.186368764665373e-05)	(95, 0.0)	(100, 0.00033490950117322986)	(105, 0.0)	(110, 0.0)	(115, 0.0)	(120, 8.372737529330746e-05)	(125, 0.0)	(130, 0.0005023642517598448)	(135, 0.0)	(140, 4.186368764665373e-05)	(145, 8.372737529330746e-05)	(150, 0.0001255910629399612)	(155, 0.0)	(160, 0.0004186368764665373)	(165, 0.0)	(170, 4.186368764665373e-05)	(175, 8.372737529330746e-05)	(180, 0.0001255910629399612)	(185, 8.372737529330746e-05)	(190, 0.0009210011282263821)	(195, 4.186368764665373e-05)	(200, 0.0)	(205, 0.00020931843823326866)	(210, 8.372737529330746e-05)	(215, 0.0)	(220, 0.0007116981830345387)	(225, 0.0)	(230, 0.00037032579411737474)	(235, 0.001294699500245993)	(240, 0.0025918822248717018)	(245, 0.0)	(250, 0.0)
012024-BEL-CBC-T4-663-PSTR_S82_R2_16S	(1, 0.0)	(2, 0.0)	(3, 0.0)	(4, 0.0)	(5, 0.0)	(6, 0.0)	(7, 0.0)	(8, 0.0)	(9, 0.0)	(10, 0.0003326735308305195)	(15, 0.0)	(20, 0.0)	(25, 0.0)	(30, 0.0)	(35, 0.0)	(40, 0.0)	(45, 0.0)	(50, 0.0)	(55, 0.0)	(60, 0.0)	(65, 0.0)	(70, 0.0003326735308305195)	(75, 0.0)	(80, 0.0)	(85, 0.0)	(90, 0.0003326735308305195)	(95, 0.0)	(100, 0.0)	(105, 0.0)	(110, 0.0)	(115, 0.0)	(120, 0.0)	(125, 0.0)	(130, 0.0)	(135, 0.0)	(140, 0.0)	(145, 0.0)	(150, 0.0003326735308305195)	(155, 0.0)	(160, 0.0)	(165, 0.0)	(170, 0.0)	(175, 0.0)	(180, 0.000665347061661039)	(185, 0.0)	(190, 0.000665347061661039)	(195, 0.0)	(200, 0.0)	(205, 0.0)	(210, 0.0006653537020279981)	(215, 0.0)	(220, 0.0)	(225, 0.00039279920497440913)	(230, 0.0)	(235, 0.0)	(240, 0.006146564838575841)	(245, 0.0)	(250, 0.0)
022024-BEL-CBC-T1-775-OANN_S93_R2_16S	(1, 0.0004362621062734491)	(2, 0.0)	(3, 0.0)	(4, 0.0)	(5, 0.0)	(6, 0.0)	(7, 0.0)	(8, 0.0)	(9, 0.0)	(10, 0.00026175726376406945)	(15, 0.0)	(20, 0.0)	(25, 0.0)	(30, 8.725242125468982e-05)	(35, 0.0)	(40, 8.725242125468982e-05)	(45, 0.0)	(50, 0.0)	(55, 0.0)	(60, 8.725242125468982e-05)	(65, 0.0)	(70, 0.0003490096850187593)	(75, 0.0)	(80, 0.0)	(85, 0.0)	(90, 0.00026175726376406945)	(95, 0.00026175726376406945)	(100, 0.0004362621062734491)	(105, 8.725242125468982e-05)	(110, 0.0)	(115, 0.0004362621062734491)	(120, 0.0005235145275281389)	(125, 0.0004362621062734491)	(130, 0.0007852717912922083)	(135, 0.0)	(140, 8.725242125468982e-05)	(145, 0.00026175726376406945)	(150, 0.0007852717912922083)	(155, 0.0006107669487828287)	(160, 0.0011342814763109677)	(165, 0.0003490096850187593)	(170, 0.0005235145275281389)	(175, 0.0005235145275281389)	(180, 0.0011342814763109677)	(185, 0.0010470290550562778)	(190, 0.0010470290550562778)	(195, 0.00017450484250937964)	(200, 0.0004362621062734491)	(205, 0.0007852717912922083)	(210, 0.0009597950575789781)	(215, 0.0006980376416798276)	(220, 0.0010470710804202942)	(225, 0.00010821597311049501)	(230, 0.01454492563906767)	(235, 0.011734793663211422)	(240, 0.011768397928761965)	(245, 0.007930843048616068)	(250, 0.0)
022024-BEL-CBC-T1-776-PSTR_S59_R2_16S	(1, 0.0)	(2, 0.0)	(3, 0.0)	(4, 0.0)	(5, 0.0)	(6, 0.0)	(7, 0.0)	(8, 0.0)	(9, 0.0)	(10, 0.00017273245470091376)	(15, 0.0)	(20, 0.0)	(25, 0.0)	(30, 0.0)	(35, 0.0)	(40, 0.00017273245470091376)	(45, 0.0)	(50, 0.0)	(55, 0.0)	(60, 0.00017273245470091376)	(65, 0.0)	(70, 0.00017273245470091376)	(75, 0.0)	(80, 0.00017273245470091376)	(85, 0.00017273245470091376)	(90, 0.0005181973641027413)	(95, 0.0)	(100, 0.00017273245470091376)	(105, 0.00017273245470091376)	(110, 0.0)	(115, 0.0)	(120, 0.000690929818803655)	(125, 0.000690929818803655)	(130, 0.0012091271829063964)	(135, 0.00017273245470091376)	(140, 0.0003454649094018275)	(145, 0.0005181973641027413)	(150, 0.0005181973641027413)	(155, 0.0008636622735045688)	(160, 0.0008636622735045688)	(165, 0.000690929818803655)	(170, 0.00017273245470091376)	(175, 0.0008636622735045688)	(180, 0.0008636622735045688)	(185, 0.0010363947282054826)	(190, 0.0005181973641027413)	(195, 0.0003454649094018275)	(200, 0.0003454649094018275)	(205, 0.000690929818803655)	(210, 0.0012091271829063964)	(215, 0.000690929818803655)	(220, 0.0005182027347285654)	(225, 0.00017282828300285686)	(230, 0.001024166925553306)	(235, 0.0038792016602983105)	(240, 0.0038804811796662787)	(245, 0.0009701297063417378)	(250, 0.0)
022024-BEL-CBC-T2-804-OFAV_S87_R2_16S	(1, 0.0)	(2, 0.0)	(3, 0.0)	(4, 0.0)	(5, 0.0)	(6, 0.0)	(7, 0.0)	(8, 0.0)	(9, 0.0)	(10, 0.00020690497061604573)	(15, 0.0)	(20, 0.0)	(25, 0.0)	(30, 0.0)	(35, 0.0)	(40, 8.27619882464183e-05)	(45, 0.0)	(50, 0.0)	(55, 0.0)	(60, 0.0)	(65, 0.0)	(70, 0.0005931275824326645)	(75, 0.0)	(80, 0.0)	(85, 0.0)	(90, 0.0)	(95, 0.0)	(100, 0.0002620796294469913)	(105, 0.0)	(110, 0.0)	(115, 1.3793664707736385e-05)	(120, 2.758732941547277e-05)	(125, 1.3793664707736385e-05)	(130, 0.00041380994123209146)	(135, 0.0)	(140, 0.0)	(145, 2.758732941547277e-05)	(150, 4.138099412320915e-05)	(155, 1.3793664707736385e-05)	(160, 0.0005241592588939826)	(165, 0.0)	(170, 0.0)	(175, 0.0)	(180, 5.517465883094554e-05)	(185, 5.517465883094554e-05)	(190, 0.0008000325530487102)	(195, 0.0)	(200, 0.0)	(205, 0.00011034939376801797)	(210, 2.758738649514669e-05)	(215, 0.0)	(220, 0.0006483178909529307)	(225, 0.0)	(230, 0.0)	(235, 0.0)	(240, 0.0008869100939237789)	(245, 0.0)	(250, 0.0)
022024-BEL-CBC-T2-814-MCAV_S1_R2_16S	(1, 0.0002848215735252651)	(2, 0.0)	(3, 0.0002848215735252651)	(4, 0.0)	(5, 0.0)	(6, 0.0)	(7, 0.0)	(8, 0.0)	(9, 0.0)	(10, 0.00017089294411515906)	(15, 0.0)	(20, 0.0)	(25, 0.0)	(30, 0.0002848215735252651)	(35, 0.0)	(40, 5.6964314705053025e-05)	(45, 0.0)	(50, 0.0)	(55, 0.0)	(60, 0.0002848215735252651)	(65, 0.0)	(70, 0.0002848215735252651)	(75, 0.0)	(80, 5.6964314705053025e-05)	(85, 5.6964314705053025e-05)	(90, 0.0003417858882303181)	(95, 5.6964314705053025e-05)	(100, 0.00017089294411515906)	(105, 5.6964314705053025e-05)	(110, 0.0003417858882303181)	(115, 0.0006266074617555833)	(120, 0.0008544647205757953)	(125, 0.00039875020293537116)	(130, 0.0005696431470505302)	(135, 0.0004557145176404242)	(140, 0.0005696431470505302)	(145, 0.0009683933499859014)	(150, 0.0011392862941010603)	(155, 0.00017089294411515906)	(160, 0.0014241078676263254)	(165, 0.0004557145176404242)	(170, 0.0007975004058707423)	(175, 0.0007405360911656892)	(180, 0.0017658937558566437)	(185, 0.0008544647205757953)	(190, 0.0017089294411515906)	(195, 0.0009683933499859014)	(200, 0.0006835725552454795)	(205, 0.001310194911430824)	(210, 0.0017089713018145858)	(215, 0.00034179854393820284)	(220, 0.001538165299218726)	(225, 0.0014587294188908237)	(230, 0.009685816332707792)	(235, 0.012372103381295855)	(240, 0.01794598876209807)	(245, 0.0031346390149710355)	(250, 0.008269383434771104)
022024-BEL-CBC-T3-851-PSTR_S13_R2_16S	(1, 0.0006171839439596979)	(2, 0.0)	(3, 0.0)	(4, 0.0)	(5, 0.0)	(6, 0.0)	(7, 0.0)	(8, 0.0)	(9, 0.0)	(10, 9.257759159395468e-05)	(15, 0.0)	(20, 0.0)	(25, 0.0)	(30, 6.171839439596979e-05)	(35, 0.0)	(40, 6.171839439596979e-05)	(45, 0.0)	(50, 3.0859197197984894e-05)	(55, 0.0)	(60, 9.257759159395468e-05)	(65, 6.171839439596979e-05)	(70, 0.00030859197197984897)	(75, 6.171839439596979e-05)	(80, 3.0859197197984894e-05)	(85, 0.00012343678879193958)	(90, 0.00037031036637581873)	(95, 0.00015429598598992449)	(100, 0.00030859197197984897)	(105, 0.00021601438038589427)	(110, 0.00018515518318790937)	(115, 0.00021601438038589427)	(120, 0.0005554655495637281)	(125, 0.0004011695635738036)	(130, 0.0008023391271476072)	(135, 0.00033945116917783385)	(140, 0.00021601438038589427)	(145, 0.00043202876077178855)	(150, 0.0005246063523657432)	(155, 0.0005554655495637281)	(160, 0.0008331983243455922)	(165, 0.000586324746761713)	(170, 0.00033945116917783385)	(175, 0.0008023391271476072)	(180, 0.0011109310991274561)	(185, 0.0007097615355536526)	(190, 0.0008640575215435771)	(195, 0.0006480431411576828)	(200, 0.000586324746761713)	(205, 0.0008331983243455922)	(210, 0.0010800719019294714)	(215, 0.0007097624116615816)	(220, 0.0009874973576730858)	(225, 0.0006172414676397272)	(230, 0.001040976296969718)	(235, 0.004578373428785482)	(240, 0.0049966896930783355)	(245, 0.003331195816018055)	(250, 0.0)
022024-BEL-CBC-T4-874-OFAV_S89_R2_16S	(1, 0.0)	(2, 0.0)	(3, 0.0)	(4, 0.0)	(5, 0.0)	(6, 0.0)	(7, 0.0)	(8, 0.0)	(9, 0.0)	(10, 0.00024766005473287207)	(15, 0.0)	(20, 0.0)	(25, 0.0)	(30, 7.076001563796347e-05)	(35, 0.0)	(40, 0.00024766005473287207)	(45, 0.0)	(50, 0.0)	(55, 0.0)	(60, 7.076001563796347e-05)	(65, 0.0)	(70, 0.0005660801251037077)	(75, 0.0)	(80, 3.538000781898173e-05)	(85, 3.538000781898173e-05)	(90, 7.076001563796347e-05)	(95, 7.076001563796347e-05)	(100, 0.00038918008600879897)	(105, 0.0)	(110, 3.538000781898173e-05)	(115, 0.00021228004691389038)	(120, 0.0003538000781898173)	(125, 0.00024766005473287207)	(130, 0.0007076001563796346)	(135, 0.0)	(140, 0.00017690003909490864)	(145, 0.00017690003909490864)	(150, 0.00021228004691389038)	(155, 0.00028304006255185386)	(160, 0.0008137401798365797)	(165, 0.00014152003127592693)	(170, 0.00014152003127592693)	(175, 0.00017690003909490864)	(180, 0.00021228004691389038)	(185, 0.00038918008600879897)	(190, 0.0008845001954745431)	(195, 0.00014152003127592693)	(200, 0.00021228004691389038)	(205, 0.00035380057888850715)	(210, 0.0002830425660639039)	(215, 0.00028304506962024197)	(220, 0.000884530238373823)	(225, 0.0)	(230, 0.014340207072590129)	(235, 0.01519110408944522)	(240, 0.01527417137620284)	(245, 0.003078249091916518)	(250, 0.0)
022024-BEL-CBC-T4-875-MCAV_S76_R2_16S	(1, 0.0)	(2, 0.0)	(3, 0.0)	(4, 0.0)	(5, 0.0)	(6, 0.0)	(7, 0.0)	(8, 0.0)	(9, 0.0)	(10, 0.00037002946359603885)	(15, 0.0)	(20, 0.0)	(25, 0.0)	(30, 0.0)	(35, 0.0)	(40, 9.250736589900971e-05)	(45, 0.0)	(50, 0.0)	(55, 0.0)	(60, 0.0)	(65, 0.0)	(70, 0.00046253682949504854)	(75, 0.0)	(80, 0.0)	(85, 0.0)	(90, 0.0)	(95, 0.0)	(100, 0.00018501473179801943)	(105, 9.250736589900971e-05)	(110, 0.0)	(115, 0.00018501473179801943)	(120, 0.0)	(125, 0.00018501473179801943)	(130, 0.0005550441953940582)	(135, 9.250736589900971e-05)	(140, 0.0)	(145, 0.0002775220976970291)	(150, 0.0002775220976970291)	(155, 0.0002775220976970291)	(160, 0.00046253682949504854)	(165, 0.00018501473179801943)	(170, 0.00018501473179801943)	(175, 9.250736589900971e-05)	(180, 0.0002775220976970291)	(185, 0.0002775220976970291)	(190, 0.0007400589271920777)	(195, 0.00018501473179801943)	(200, 9.250736589900971e-05)	(205, 0.00037002946359603885)	(210, 0.0002775236380758731)	(215, 0.00018501729911746747)	(220, 0.000555058059072979)	(225, 9.254297927314894e-05)	(230, 0.00109140915473999)	(235, 0.0)	(240, 0.0)	(245, 0.0)	(250, 0.0)
042024-BEL-CBC-T1-927-PSTR_S67_R2_16S	(1, 0.0)	(2, 0.0)	(3, 0.0)	(4, 0.0)	(5, 0.0)	(6, 0.0)	(7, 0.0)	(8, 0.0)	(9, 0.0)	(10, 0.0002680533962365303)	(15, 0.0)	(20, 0.0)	(25, 0.0)	(30, 0.0)	(35, 0.0)	(40, 0.0002680533962365303)	(45, 0.0)	(50, 0.0)	(55, 0.0)	(60, 0.0)	(65, 0.0)	(70, 0.0002680533962365303)	(75, 0.0)	(80, 0.0)	(85, 0.0)	(90, 0.0)	(95, 0.0)	(100, 0.0002680533962365303)	(105, 0.0)	(110, 0.0)	(115, 0.0)	(120, 0.0)	(125, 0.0)	(130, 0.0005361067924730607)	(135, 0.0)	(140, 0.0)	(145, 0.0)	(150, 0.0)	(155, 0.0)	(160, 0.0002680533962365303)	(165, 0.0)	(170, 0.0)	(175, 0.0)	(180, 0.0)	(185, 0.0)	(190, 0.0002680533962365303)	(195, 0.0)	(200, 0.0)	(205, 0.0002680533962365303)	(210, 0.0)	(215, 0.0)	(220, 0.0002680648931493336)	(225, 0.0)	(230, 0.0)	(235, 0.0)	(240, 0.0)	(245, 0.0)	(250, 0.0)
042024-BEL-CBC-T2-1014-OFAV_S95_R2_16S	(1, 0.00020932676326399036)	(2, 0.0)	(3, 0.0)	(4, 0.0)	(5, 0.0)	(6, 0.0)	(7, 0.0)	(8, 0.0)	(9, 0.0)	(10, 0.0002930574685695865)	(15, 0.0)	(20, 0.0)	(25, 0.0)	(30, 4.186535265279807e-05)	(35, 0.0)	(40, 8.373070530559614e-05)	(45, 0.0)	(50, 4.186535265279807e-05)	(55, 4.186535265279807e-05)	(60, 8.373070530559614e-05)	(65, 0.0)	(70, 0.0007117109950975672)	(75, 8.373070530559614e-05)	(80, 4.186535265279807e-05)	(85, 0.00012559605795839422)	(90, 8.373070530559614e-05)	(95, 0.00012559605795839422)	(100, 0.0005023842318335769)	(105, 0.00012559605795839422)	(110, 8.373070530559614e-05)	(115, 0.00033492282122238456)	(120, 0.0004186535265279807)	(125, 0.00037678817387518267)	(130, 0.0007954417004031634)	(135, 8.373070530559614e-05)	(140, 0.00033492282122238456)	(145, 0.00033492282122238456)	(150, 0.000627980289791971)	(155, 0.0004186535265279807)	(160, 0.0010466338163199517)	(165, 0.00020932676326399036)	(170, 0.00033492282122238456)	(175, 0.0002930574685695865)	(180, 0.0004186535265279807)	(185, 0.0006698456424447691)	(190, 0.0010884991689727498)	(195, 0.00037678817387518267)	(200, 0.0002093273767135016)	(205, 0.0007954456965969159)	(210, 0.0006698534946675476)	(215, 0.000586128433299631)	(220, 0.0012560058010721265)	(225, 0.0002083925949775301)	(230, 0.040048057669203045)	(235, 0.0275872940805549)	(240, 0.01981296560469171)	(245, 0.02393394231919901)	(250, 0.0)
042024-BEL-CBC-T2-1018-PAST_S15_R2_16S	(1, 0.0006712760958582265)	(2, 0.0)	(3, 4.1954755991139154e-05)	(4, 0.0)	(5, 0.0)	(6, 0.0)	(7, 0.0)	(8, 0.0)	(9, 0.0)	(10, 0.00012586426797341746)	(15, 0.0)	(20, 0.0)	(25, 8.390951198227832e-06)	(30, 0.00014264617036987315)	(35, 0.0)	(40, 5.034570718936699e-05)	(45, 0.0)	(50, 0.0003020742431362019)	(55, 5.034570718936699e-05)	(60, 0.00033563804792911323)	(65, 0.0001594280727663288)	(70, 0.0002936832919379741)	(75, 0.0003272470967308854)	(80, 0.0003524199503255689)	(85, 0.0006628851446599987)	(90, 0.0005789756326777203)	(95, 0.0005034570718936699)	(100, 0.0005538027790830368)	(105, 0.0006209303886688596)	(110, 0.0010236960461837954)	(115, 0.0007887494126334162)	(120, 0.001342552191716453)	(125, 0.001032086997382023)	(130, 0.0017369268980331608)	(135, 0.0007635765590387326)	(140, 0.0012922064845270862)	(145, 0.0014012888501040478)	(150, 0.0014264617036987314)	(155, 0.001342552191716453)	(160, 0.0011663422165536686)	(165, 0.0019131368731959456)	(170, 0.001183124118950124)	(175, 0.0021229106531516413)	(180, 0.0018292273612136672)	(185, 0.0020977377995569577)	(190, 0.0016362354836544273)	(195, 0.0017369268980331608)	(200, 0.0016530173860508828)	(205, 0.001963482909895098)	(210, 0.0017033680957477472)	(215, 0.0015355559232685223)	(220, 0.0018376382036088025)	(225, 0.0016195639294749556)	(230, 0.004299173711214167)	(235, 0.17197206331379639)	(240, 0.1250044015634353)	(245, 0.11447793657922314)	(250, 0.026418915943815773)
042024-BEL-CBC-T2-1026-OFAV_S91_R2_16S	(1, 0.0)	(2, 0.0)	(3, 0.0)	(4, 0.0)	(5, 0.0)	(6, 0.0)	(7, 0.0)	(8, 0.0)	(9, 0.0)	(10, 0.0004294630025292303)	(15, 0.0)	(20, 0.0)	(25, 0.0)	(30, 0.0)	(35, 0.0)	(40, 0.00012270371500835154)	(45, 0.0)	(50, 0.0)	(55, 0.0)	(60, 0.0)	(65, 0.0)	(70, 0.0007362222900501091)	(75, 0.0)	(80, 0.0)	(85, 0.0)	(90, 0.0)	(95, 0.0)	(100, 0.0002454074300167031)	(105, 0.0)	(110, 0.0)	(115, 0.00012270371500835154)	(120, 9.202778625626363e-05)	(125, 0.00021473150126461514)	(130, 0.0005521667175375819)	(135, 0.0)	(140, 9.202778625626363e-05)	(145, 9.202778625626363e-05)	(150, 0.00012270371500835154)	(155, 9.202778625626363e-05)	(160, 0.000521490788785494)	(165, 3.0675928752087885e-05)	(170, 9.202778625626363e-05)	(175, 3.0675928752087885e-05)	(180, 0.0)	(185, 0.0002454074300167031)	(190, 0.0008896019338105486)	(195, 3.0675928752087885e-05)	(200, 0.0)	(205, 0.00021473150126461514)	(210, 0.00012270416669606454)	(215, 6.135215862968727e-05)	(220, 0.0005828497980732213)	(225, 0.0)	(230, 0.0)	(235, 0.0)	(240, 0.0)	(245, 0.0)	(250, 0.0)
042024-BEL-CBC-T2-1144-MCAV_S3_R2_16S	(1, 0.0)	(2, 0.0)	(3, 0.0)	(4, 0.0)	(5, 0.0)	(6, 0.0)	(7, 0.0)	(8, 0.0)	(9, 0.0)	(10, 0.00021619576526544785)	(15, 0.0)	(20, 0.0)	(25, 0.0)	(30, 5.404894131636196e-05)	(35, 0.0)	(40, 5.404894131636196e-05)	(45, 0.0)	(50, 0.0)	(55, 0.0)	(60, 5.404894131636196e-05)	(65, 0.0)	(70, 0.0004323915305308957)	(75, 0.0)	(80, 0.0)	(85, 0.0)	(90, 5.404894131636196e-05)	(95, 0.0)	(100, 0.00032429364789817177)	(105, 0.0)	(110, 0.0)	(115, 0.00010809788263272393)	(120, 0.00032429364789817177)	(125, 0.00021619576526544785)	(130, 0.00037834258921453376)	(135, 0.0002702447065818098)	(140, 0.00021619576526544785)	(145, 0.0004323915305308957)	(150, 0.0005404894131636196)	(155, 5.404894131636196e-05)	(160, 0.0008107341197454295)	(165, 0.0)	(170, 0.0004323915305308957)	(175, 0.00032429364789817177)	(180, 0.0007026362371127056)	(185, 0.00048644047184725765)	(190, 0.0010269298850108775)	(195, 0.00032429364789817177)	(200, 0.00037834258921453376)	(205, 0.000756688450285839)	(210, 0.0005945434959914257)	(215, 0.00021619868659297897)	(220, 0.000972915123965602)	(225, 0.0007286350942456375)	(230, 0.004995004995004995)	(235, 0.0043104686916290704)	(240, 0.007188969245589567)	(245, 0.0007273520747717933)	(250, 0.0038144644491913335)
042024-BEL-CBC-T3-960-OFAV_S4_R2_16S	(1, 0.0)	(2, 0.0)	(3, 0.0)	(4, 0.0)	(5, 0.0)	(6, 0.0)	(7, 0.0)	(8, 0.0)	(9, 0.0)	(10, 0.0)	(15, 0.0)	(20, 0.0)	(25, 0.0)	(30, 0.0)	(35, 0.0)	(40, 0.0)	(45, 0.0)	(50, 0.0)	(55, 0.0)	(60, 0.0)	(65, 0.0)	(70, 0.0005526388505111909)	(75, 0.0)	(80, 0.0)	(85, 0.0)	(90, 0.0)	(95, 0.0)	(100, 0.0)	(105, 0.0)	(110, 0.0)	(115, 0.0)	(120, 0.0005526388505111909)	(125, 0.0)	(130, 0.0)	(135, 0.0)	(140, 0.0)	(145, 0.0)	(150, 0.0005526388505111909)	(155, 0.0)	(160, 0.0005526388505111909)	(165, 0.0)	(170, 0.0)	(175, 0.0)	(180, 0.0011052777010223818)	(185, 0.0)	(190, 0.0005526388505111909)	(195, 0.0)	(200, 0.0)	(205, 0.0)	(210, 0.0011052777010223818)	(215, 0.0)	(220, 0.0005526602300171878)	(225, 0.0)	(230, 0.0)	(235, 0.0)	(240, 0.00272572402044293)	(245, 0.0)	(250, 0.0)
042024-BEL-CBC-T4-1046-PSTR_S60_R2_16S	(1, 0.0004836455265207024)	(2, 0.0)	(3, 0.0)	(4, 0.0)	(5, 0.0)	(6, 0.0)	(7, 0.0)	(8, 0.0)	(9, 0.0)	(10, 0.00019345821060828098)	(15, 0.0)	(20, 0.0)	(25, 0.0)	(30, 0.00019345821060828098)	(35, 0.0)	(40, 0.0)	(45, 0.0)	(50, 0.0)	(55, 0.0)	(60, 0.00019345821060828098)	(65, 0.0)	(70, 0.00038691642121656196)	(75, 0.0)	(80, 0.0)	(85, 0.0)	(90, 0.00029018731591242146)	(95, 0.0)	(100, 0.0)	(105, 0.0)	(110, 0.0)	(115, 0.0)	(120, 0.00038691642121656196)	(125, 9.672910530414049e-05)	(130, 9.672910530414049e-05)	(135, 9.672910530414049e-05)	(140, 0.0)	(145, 0.0)	(150, 0.00019345821060828098)	(155, 0.0)	(160, 9.672910530414049e-05)	(165, 0.0)	(170, 0.0)	(175, 9.672910530414049e-05)	(180, 0.00029018731591242146)	(185, 9.672910530414049e-05)	(190, 0.0004836455265207024)	(195, 0.0)	(200, 0.0)	(205, 9.672910530414049e-05)	(210, 0.0005803746318248429)	(215, 0.0)	(220, 9.673004096517234e-05)	(225, 0.0)	(230, 0.00038529038372995774)	(235, 0.0011294521592301653)	(240, 0.002258993618343028)	(245, 0.0)	(250, 0.0)
042024-BEL-CBC-T4-1047-MCAV_S92_R2_16S	(1, 0.0)	(2, 0.0)	(3, 0.0)	(4, 0.0)	(5, 0.0)	(6, 0.0)	(7, 0.0)	(8, 0.0)	(9, 0.0)	(10, 0.0002221021225559512)	(15, 0.0)	(20, 0.0)	(25, 0.0)	(30, 0.0)	(35, 0.0)	(40, 0.0001480680817039675)	(45, 0.0)	(50, 0.0)	(55, 0.0)	(60, 0.0)	(65, 0.0)	(70, 0.0005182382859638862)	(75, 0.0)	(80, 0.0)	(85, 0.0)	(90, 0.0)	(95, 0.0)	(100, 0.0002221021225559512)	(105, 0.0)	(110, 0.0)	(115, 0.0)	(120, 0.0)	(125, 0.0)	(130, 0.0002221021225559512)	(135, 0.0)	(140, 7.403404085198375e-05)	(145, 0.0001480680817039675)	(150, 0.0001480680817039675)	(155, 0.0)	(160, 0.0007403404085198373)	(165, 0.0)	(170, 0.0)	(175, 7.403404085198375e-05)	(180, 0.0001480680817039675)	(185, 0.0002221021225559512)	(190, 0.0008884098056751618)	(195, 7.403431490495845e-05)	(200, 0.0)	(205, 0.00029613835583984835)	(210, 0.0)	(215, 0.0)	(220, 0.0008143853019740699)	(225, 0.0)	(230, 0.0)	(235, 0.0)	(240, 0.0)	(245, 0.0)	(250, 0.0)
052022-BEL-CBC-T1-2-SSID_S8_R2_16S	(1, 0.0)	(2, 0.0)	(3, 0.0)	(4, 0.0)	(5, 0.0)	(6, 0.0)	(7, 0.0)	(8, 0.0)	(9, 0.0)	(10, 0.00020649992944585743)	(15, 0.0)	(20, 0.0)	(25, 0.0)	(30, 0.0)	(35, 0.0)	(40, 6.883330981528581e-05)	(45, 0.0)	(50, 0.0)	(55, 0.0)	(60, 0.0)	(65, 0.0)	(70, 0.00041299985889171485)	(75, 0.0)	(80, 6.883330981528581e-05)	(85, 0.0)	(90, 0.0)	(95, 6.883330981528581e-05)	(100, 0.00020649992944585743)	(105, 6.883330981528581e-05)	(110, 0.0)	(115, 0.00013766661963057162)	(120, 0.00041299985889171485)	(125, 0.00027533323926114323)	(130, 0.00041299985889171485)	(135, 0.0)	(140, 0.00034416654907642904)	(145, 0.00034416654907642904)	(150, 0.0005506664785222865)	(155, 0.00041299985889171485)	(160, 0.0006194997883375723)	(165, 0.00013766661963057162)	(170, 0.00048183316870700066)	(175, 0.0005506664785222865)	(180, 0.0008259997177834297)	(185, 0.0008259997177834297)	(190, 0.0008948330275987156)	(195, 0.00048183316870700066)	(200, 0.00034416654907642904)	(205, 0.0007571684927046815)	(210, 0.000550669889921089)	(215, 0.0004130055445994362)	(220, 0.0007571794377598501)	(225, 0.0004263661410709124)	(230, 0.011167694094523364)	(235, 0.016013909224011712)	(240, 0.013755158184319119)	(245, 0.00695587655637738)	(250, 0.0060716454159077116)
052022-BEL-CBC-T2-1-SSID_S57_R2_16S	(1, 0.0)	(2, 0.0)	(3, 0.0)	(4, 0.0)	(5, 0.0)	(6, 0.0)	(7, 0.0)	(8, 0.0)	(9, 0.0)	(10, 0.0001375589139035953)	(15, 0.0)	(20, 0.0)	(25, 0.0)	(30, 3.4389728475898824e-05)	(35, 0.0)	(40, 3.4389728475898824e-05)	(45, 0.0)	(50, 0.0)	(55, 0.0)	(60, 0.00010316918542769646)	(65, 0.0)	(70, 0.0005158459271384823)	(75, 0.0)	(80, 0.0)	(85, 0.0)	(90, 3.4389728475898824e-05)	(95, 0.0)	(100, 0.00044706647018668465)	(105, 3.4389728475898824e-05)	(110, 0.0)	(115, 0.0)	(120, 0.00034389728475898816)	(125, 0.00030950755628308935)	(130, 0.0006877945695179763)	(135, 0.00017194864237949408)	(140, 3.4389728475898824e-05)	(145, 6.877945695179765e-05)	(150, 0.00020633837085539292)	(155, 0.00034389728475898816)	(160, 0.000756574026469774)	(165, 0.00034389728475898816)	(170, 0.00017194864237949408)	(175, 0.0002751178278071906)	(180, 0.00020633837085539292)	(185, 0.0005158459271384823)	(190, 0.0008597432118974704)	(195, 0.0001375589139035953)	(200, 6.877945695179765e-05)	(205, 0.00024072809933129176)	(210, 0.0004470670851673114)	(215, 0.000378287663695389)	(220, 0.000687797171365353)	(225, 0.0001031944530917574)	(230, 0.00015973330926684806)	(235, 0.0013437880040044882)	(240, 0.0020166982616060983)	(245, 0.002016928755353265)	(250, 0.0)
052022-BEL-CBC-T2-71-OFAV_S21_R2_16S	(1, 0.0)	(2, 0.0)	(3, 0.0)	(4, 0.0)	(5, 0.0)	(6, 0.0)	(7, 0.0)	(8, 0.0)	(9, 0.0)	(10, 0.00014542316930407742)	(15, 0.0)	(20, 0.0)	(25, 0.0)	(30, 0.0)	(35, 0.0)	(40, 9.694877953605162e-05)	(45, 0.0)	(50, 0.0)	(55, 0.0)	(60, 0.0)	(65, 0.0)	(70, 0.0004847438976802581)	(75, 0.0)	(80, 0.0)	(85, 0.0)	(90, 0.0)	(95, 9.694877953605162e-05)	(100, 0.00024237194884012904)	(105, 4.847438976802581e-05)	(110, 4.847438976802581e-05)	(115, 0.00029084633860815485)	(120, 9.694877953605162e-05)	(125, 0.00038779511814420646)	(130, 0.0004847438976802581)	(135, 4.847438976802581e-05)	(140, 9.694877953605162e-05)	(145, 0.00014542316930407742)	(150, 0.00019389755907210323)	(155, 0.00024237194884012904)	(160, 0.0006301670669843354)	(165, 0.00019389755907210323)	(170, 0.00019389755907210323)	(175, 0.00024237194884012904)	(180, 0.00033932072837618066)	(185, 0.0005332182874482839)	(190, 0.0009210134055924903)	(195, 0.00014542316930407742)	(200, 4.847453075442367e-05)	(205, 0.0003393223732206783)	(210, 0.00019389849898324474)	(215, 0.0002423739461580821)	(220, 0.0008240766100396768)	(225, 0.00011939200813775926)	(230, 0.0034938159457759766)	(235, 0.0017847740922192774)	(240, 0.0008931123178050872)	(245, 0.0018076154840342361)	(250, 0.0)
052022-BEL-CBC-T2-9-PAST_S23_R2_16S	(1, 0.0)	(2, 0.0)	(3, 0.0)	(4, 0.0)	(5, 0.0)	(6, 0.0)	(7, 0.0)	(8, 0.0)	(9, 0.0)	(10, 0.00020388035281495055)	(15, 0.0)	(20, 0.0)	(25, 0.0)	(30, 0.0)	(35, 0.0)	(40, 0.00010194017640747527)	(45, 0.0)	(50, 0.0)	(55, 0.0)	(60, 0.0)	(65, 0.0)	(70, 0.0005097008820373764)	(75, 0.0)	(80, 0.0)	(85, 0.0)	(90, 0.0)	(95, 2.548504410186882e-05)	(100, 0.00022936539691681936)	(105, 0.0)	(110, 0.0)	(115, 0.0001529102646112129)	(120, 7.645513230560645e-05)	(125, 0.00020388035281495055)	(130, 0.0005351859261392452)	(135, 0.0)	(140, 0.0001529102646112129)	(145, 0.0001529102646112129)	(150, 0.0003058205292224258)	(155, 0.00020388035281495055)	(160, 0.0006626111466485892)	(165, 5.097008820373764e-05)	(170, 5.097008820373764e-05)	(175, 0.0001529102646112129)	(180, 0.0003058205292224258)	(185, 0.0005351859261392452)	(190, 0.0007390662789541957)	(195, 0.00020388035281495055)	(200, 0.0)	(205, 0.00040776226440579483)	(210, 0.00015291123884862934)	(215, 0.00015291205721765298)	(220, 0.0007135939650338958)	(225, 6.325756868902168e-05)	(230, 0.010542740269050731)	(235, 0.002163401732884788)	(240, 0.0021652520353369134)	(245, 0.0021837875611460515)	(250, 0.0)
052022-BEL-CBC-T3-11-PAST_S19_R2_16S	(1, 0.0)	(2, 0.0)	(3, 0.0)	(4, 0.0)	(5, 0.0)	(6, 0.0)	(7, 0.0)	(8, 0.0)	(9, 0.0)	(10, 0.0003620564808110065)	(15, 0.0)	(20, 0.0)	(25, 0.0)	(30, 0.0)	(35, 0.0)	(40, 0.00012068549360366884)	(45, 0.0)	(50, 0.0)	(55, 0.0)	(60, 0.0)	(65, 0.0)	(70, 0.0004827419744146754)	(75, 0.0)	(80, 0.0)	(85, 0.0)	(90, 0.0)	(95, 0.00012068549360366884)	(100, 0.0004827419744146754)	(105, 0.0)	(110, 0.0)	(115, 0.0003620564808110065)	(120, 0.0003620564808110065)	(125, 0.0003620564808110065)	(130, 0.0008447984552256819)	(135, 0.0)	(140, 0.0)	(145, 0.00012068549360366884)	(150, 0.0003620564808110065)	(155, 0.0004827419744146754)	(160, 0.0010861694424330196)	(165, 0.00012068549360366884)	(170, 0.0003620564808110065)	(175, 0.0)	(180, 0.0)	(185, 0.0006034274680183442)	(190, 0.0008447984552256819)	(195, 0.0)	(200, 0.0)	(205, 0.0004827419744146754)	(210, 0.0006034311092874082)	(215, 0.0006034347506004176)	(220, 0.0010861995927958416)	(225, 0.0)	(230, 0.0)	(235, 0.0)	(240, 0.0)	(245, 0.0)	(250, 0.0)
052022-BEL-CBC-T3-13-MCAV_S5_R2_16S	(1, 0.0003824837731259251)	(2, 0.0)	(3, 0.0)	(4, 0.0)	(5, 0.0)	(6, 0.0)	(7, 0.0)	(8, 0.0)	(9, 0.0)	(10, 0.0005354772823762951)	(15, 0.0)	(20, 0.0)	(25, 0.0)	(30, 0.0)	(35, 0.0)	(40, 7.649675462518503e-05)	(45, 0.0)	(50, 0.0)	(55, 0.0)	(60, 0.0)	(65, 0.0)	(70, 0.0006119740370014803)	(75, 0.0)	(80, 0.0)	(85, 7.649675462518503e-05)	(90, 0.00022949026387555506)	(95, 0.00015299350925037007)	(100, 0.0003824837731259251)	(105, 7.649675462518503e-05)	(110, 0.00015299350925037007)	(115, 0.00022949026387555506)	(120, 0.0003824837731259251)	(125, 0.0003824837731259251)	(130, 0.0007649675462518503)	(135, 0.0)	(140, 0.00015299350925037007)	(145, 0.00015299350925037007)	(150, 0.0004589805277511101)	(155, 0.0004589805277511101)	(160, 0.0010709545647525902)	(165, 0.00015299350925037007)	(170, 0.0004589805277511101)	(175, 0.0005354772823762951)	(180, 0.0008414668756564397)	(185, 0.0006884813249440608)	(190, 0.0009944753071781227)	(195, 0.0005354916195561539)	(200, 0.0006119904223498903)	(205, 0.0007649880279373628)	(210, 0.0007649880279373628)	(215, 0.0006884913318941315)	(220, 0.0011474987205389265)	(225, 0.00047306285491540686)	(230, 0.006734762599618363)	(235, 0.01232832803215228)	(240, 0.00987605550343193)	(245, 0.004991639004667182)	(250, 0.006520605112154408)
052022-BEL-CBC-T3-19-MCAV_S6_R2_16S	(1, 0.0)	(2, 0.0)	(3, 0.0)	(4, 0.0)	(5, 0.0)	(6, 0.0)	(7, 0.0)	(8, 0.0)	(9, 0.0)	(10, 0.0)	(15, 0.0)	(20, 0.0)	(25, 0.0)	(30, 0.0)	(35, 0.0)	(40, 0.0)	(45, 0.0)	(50, 0.0)	(55, 0.0)	(60, 0.0)	(65, 0.0)	(70, 0.00018956088221634584)	(75, 0.0)	(80, 0.00018956088221634584)	(85, 0.00018956088221634584)	(90, 0.0)	(95, 0.0)	(100, 0.0005686826466490375)	(105, 0.0)	(110, 0.00018956088221634584)	(115, 0.0)	(120, 0.0003791217644326917)	(125, 0.0005686826466490375)	(130, 0.0009478044110817292)	(135, 0.0)	(140, 0.0003791217644326917)	(145, 0.0005686826466490375)	(150, 0.0005686826466490375)	(155, 0.00018956088221634584)	(160, 0.0009478044110817292)	(165, 0.0005686826466490375)	(170, 0.0005686826466490375)	(175, 0.0007582435288653834)	(180, 0.001137365293298075)	(185, 0.001137365293298075)	(190, 0.0005686826466490375)	(195, 0.001137367449301846)	(200, 0.0005686880366993347)	(205, 0.0011373760733986694)	(210, 0.0009478133944988912)	(215, 0.0003791253577995564)	(220, 0.0009478133944988912)	(225, 0.0013831896352989993)	(230, 0.009531798078389508)	(235, 0.011754334410813987)	(240, 0.011761938367442954)	(245, 0.003968805191197191)	(250, 0.010432968179447054)
052022-BEL-CBC-T3-66-OFAV_S40_R2_16S	(1, 0.0)	(2, 0.0)	(3, 0.0)	(4, 0.0)	(5, 0.0)	(6, 0.0)	(7, 0.0)	(8, 0.0)	(9, 0.0)	(10, 0.0005483107459767699)	(15, 0.0)	(20, 0.0)	(25, 0.0)	(30, 0.0)	(35, 0.0)	(40, 0.0)	(45, 0.0)	(50, 0.0)	(55, 0.0)	(60, 0.0)	(65, 0.0)	(70, 0.0007310809946356932)	(75, 0.0)	(80, 0.0)	(85, 0.0)	(90, 0.0)	(95, 0.0)	(100, 0.0001827702486589233)	(105, 0.0)	(110, 0.0)	(115, 0.0)	(120, 0.0)	(125, 0.0)	(130, 0.0009138512432946165)	(135, 0.0)	(140, 0.0)	(145, 0.0)	(150, 0.0001827702486589233)	(155, 0.0)	(160, 0.0003655404973178466)	(165, 0.0)	(170, 0.0)	(175, 0.0001827702486589233)	(180, 0.0)	(185, 0.0007310809946356932)	(190, 0.001827702486589233)	(195, 0.0)	(200, 0.0)	(205, 0.0007310809946356932)	(210, 0.0005483107459767699)	(215, 0.0010966736061735413)	(220, 0.0010967056789247898)	(225, 0.0001831746735369381)	(230, 0.0010826025765941322)	(235, 0.0)	(240, 0.0)	(245, 0.0)	(250, 0.0)
052022-BEL-CBC-T3-8-PAST_S17_R2_16S	(1, 0.0)	(2, 0.0)	(3, 0.0)	(4, 0.0)	(5, 0.0)	(6, 0.0)	(7, 0.0)	(8, 0.0)	(9, 0.0)	(10, 0.0)	(15, 0.0)	(20, 0.0)	(25, 0.0)	(30, 0.0)	(35, 0.0)	(40, 0.0)	(45, 0.0)	(50, 0.0)	(55, 0.0)	(60, 0.0)	(65, 0.0)	(70, 0.0003205744694492531)	(75, 0.0)	(80, 0.0)	(85, 0.0)	(90, 0.0)	(95, 0.0)	(100, 0.0)	(105, 0.0)	(110, 0.0)	(115, 0.00016028723472462654)	(120, 0.0)	(125, 0.00016028723472462654)	(130, 0.0004808617041738796)	(135, 0.0)	(140, 0.0)	(145, 0.0)	(150, 0.0)	(155, 0.0)	(160, 0.0008014361736231327)	(165, 0.0)	(170, 0.0)	(175, 0.0)	(180, 0.0)	(185, 0.00016028723472462654)	(190, 0.0012822978777970123)	(195, 0.0)	(200, 0.0)	(205, 0.0001602874916450145)	(210, 0.0)	(215, 0.0)	(220, 0.0012823389863110314)	(225, 0.0)	(230, 0.0)	(235, 0.0)	(240, 0.0)	(245, 0.0)	(250, 0.0)
062019-BEL-CBC-T1-21-PAST_S16_R2_16S	(1, 0.0)	(2, 0.0)	(3, 0.0)	(4, 0.0)	(5, 0.0)	(6, 0.0)	(7, 0.0)	(8, 0.0)	(9, 0.0)	(10, 0.0)	(15, 0.0)	(20, 0.0)	(25, 0.0)	(30, 0.0)	(35, 0.0)	(40, 0.00042520622501913426)	(45, 0.0)	(50, 0.0)	(55, 0.0)	(60, 0.00042520622501913426)	(65, 0.0)	(70, 0.00042520622501913426)	(75, 0.0)	(80, 0.0008504124500382685)	(85, 0.0008504124500382685)	(90, 0.00042520622501913426)	(95, 0.0)	(100, 0.00042520622501913426)	(105, 0.0)	(110, 0.001700824900076537)	(115, 0.00042520622501913426)	(120, 0.001700824900076537)	(125, 0.0012756186750574028)	(130, 0.001700824900076537)	(135, 0.0)	(140, 0.001700824900076537)	(145, 0.0021260311250956712)	(150, 0.001700824900076537)	(155, 0.0012756186750574028)	(160, 0.00042520622501913426)	(165, 0.0025512373501148057)	(170, 0.0008504124500382685)	(175, 0.0025512373501148057)	(180, 0.001700824900076537)	(185, 0.0025512373501148057)	(190, 0.001700824900076537)	(195, 0.003401649800153074)	(200, 0.0038268560251722085)	(205, 0.0038268560251722085)	(210, 0.0012756186750574028)	(215, 0.001700824900076537)	(220, 0.0012756186750574028)	(225, 0.001276595744680851)	(230, 0.005417778439950698)	(235, 0.006655795533961196)	(240, 0.004437295468412003)	(245, 0.005546619335515004)	(250, 0.0)
062019-BEL-CBC-T1-22-MCAV_S18_R2_16S	(1, 0.0)	(2, 0.0)	(3, 0.0)	(4, 0.0)	(5, 0.0)	(6, 0.0)	(7, 0.0)	(8, 0.0)	(9, 0.0)	(10, 0.00023426610286624578)	(15, 0.0)	(20, 0.0)	(25, 0.0)	(30, 0.0)	(35, 0.0)	(40, 0.0001561774019108305)	(45, 0.0)	(50, 0.0)	(55, 0.0)	(60, 0.0)	(65, 0.0)	(70, 0.0005466209066879068)	(75, 0.0)	(80, 0.0)	(85, 0.0)	(90, 0.0)	(95, 7.808870095541525e-05)	(100, 0.0005466209066879068)	(105, 0.0)	(110, 0.0)	(115, 0.000312354803821661)	(120, 0.00023426610286624578)	(125, 0.0003904435047770763)	(130, 0.0007808870095541526)	(135, 0.0)	(140, 7.808870095541525e-05)	(145, 0.00023426610286624578)	(150, 0.000312354803821661)	(155, 0.0003904435047770763)	(160, 0.001249419215286644)	(165, 7.808870095541525e-05)	(170, 0.000312354803821661)	(175, 7.808870095541525e-05)	(180, 7.808870095541525e-05)	(185, 0.00046853220573249156)	(190, 0.0010151554905856043)	(195, 7.808900584886655e-05)	(200, 0.0)	(205, 0.0005466230409420658)	(210, 0.0005466362736898495)	(215, 0.00039046301885702105)	(220, 0.0011713991191078625)	(225, 0.0)	(230, 0.004678143712574851)	(235, 0.0)	(240, 0.0)	(245, 0.0)	(250, 0.0)
062019-BEL-CBC-T2-18-MCAV_S79_R2_16S	(1, 0.0)	(2, 0.0)	(3, 0.0)	(4, 0.0)	(5, 0.0)	(6, 0.0)	(7, 0.0)	(8, 0.0)	(9, 0.0)	(10, 0.0005062009617818274)	(15, 0.0)	(20, 0.0)	(25, 0.0)	(30, 0.0)	(35, 0.0)	(40, 0.0005062009617818274)	(45, 0.0)	(50, 0.0)	(55, 0.0)	(60, 0.0)	(65, 0.0)	(70, 0.0007593014426727411)	(75, 0.0)	(80, 0.0)	(85, 0.0)	(90, 0.0)	(95, 0.0)	(100, 0.0005062009617818274)	(105, 0.0)	(110, 0.0)	(115, 0.0)	(120, 0.0)	(125, 0.0002531004808909137)	(130, 0.0012655024044545685)	(135, 0.0)	(140, 0.0005062009617818274)	(145, 0.0005062009617818274)	(150, 0.0005062009617818274)	(155, 0.0002531004808909137)	(160, 0.0007593014426727411)	(165, 0.0002531004808909137)	(170, 0.0002531004808909137)	(175, 0.0007593014426727411)	(180, 0.0002531004808909137)	(185, 0.0005062009617818274)	(190, 0.0015186028853454822)	(195, 0.0005062009617818274)	(200, 0.0)	(205, 0.0012655024044545685)	(210, 0.0002531004808909137)	(215, 0.0002531004808909137)	(220, 0.0007593206611151889)	(225, 0.0)	(230, 0.002178396119550379)	(235, 0.002758202203803561)	(240, 0.001379310344827586)	(245, 0.0027590393025148643)	(250, 0.0)
062019-BEL-CBC-T3-1-MCAV_S48_R2_16S	(1, 0.0)	(2, 0.0)	(3, 0.0)	(4, 0.0)	(5, 0.0)	(6, 0.0)	(7, 0.0)	(8, 0.0)	(9, 0.0)	(10, 0.0006716969303450283)	(15, 0.0)	(20, 0.0)	(25, 0.0)	(30, 0.0)	(35, 0.0)	(40, 0.00022389897678167612)	(45, 0.0)	(50, 0.0)	(55, 0.0)	(60, 0.00022389897678167612)	(65, 0.0)	(70, 0.0008955959071267045)	(75, 0.0)	(80, 0.0)	(85, 0.0)	(90, 0.00022389897678167612)	(95, 0.0)	(100, 0.0006716969303450283)	(105, 0.0)	(110, 0.0)	(115, 0.0)	(120, 0.00044779795356335224)	(125, 0.00022389897678167612)	(130, 0.0015672928374717327)	(135, 0.0)	(140, 0.00022389897678167612)	(145, 0.0)	(150, 0.0006716969303450283)	(155, 0.00044779795356335224)	(160, 0.0013433938606900566)	(165, 0.0)	(170, 0.0)	(175, 0.00022389897678167612)	(180, 0.0006716969303450283)	(185, 0.0008955959071267045)	(190, 0.002238989767816761)	(195, 0.0)	(200, 0.0)	(205, 0.0015672928374717327)	(210, 0.0008955959071267045)	(215, 0.0006716999382036057)	(220, 0.001791239941068206)	(225, 0.00022398322813587721)	(230, 0.00041756966105870616)	(235, 0.0009521995810321844)	(240, 0.002856598743096553)	(245, 0.0)	(250, 0.0)
062024-BEL-CBC-T1-1347-OANN_S65_R2_16S	(1, 0.0)	(2, 0.0)	(3, 0.0)	(4, 0.0)	(5, 0.0)	(6, 0.0)	(7, 0.0)	(8, 0.0)	(9, 0.0)	(10, 0.000297548202808855)	(15, 0.0)	(20, 0.0)	(25, 0.0)	(30, 0.0)	(35, 0.0)	(40, 0.0001487741014044275)	(45, 0.0)	(50, 0.0)	(55, 0.0)	(60, 0.0)	(65, 0.0)	(70, 0.00059509640561771)	(75, 0.0)	(80, 0.0)	(85, 0.0)	(90, 0.0)	(95, 0.0)	(100, 0.0001487741014044275)	(105, 0.0)	(110, 0.0)	(115, 0.0)	(120, 0.0)	(125, 0.0)	(130, 0.0004463223042132825)	(135, 0.0)	(140, 0.0001487741014044275)	(145, 0.0001487741014044275)	(150, 0.0001487741014044275)	(155, 0.0)	(160, 0.00059509640561771)	(165, 0.0)	(170, 0.0)	(175, 0.0)	(180, 0.0)	(185, 0.0)	(190, 0.000892644608426565)	(195, 0.0)	(200, 0.0001487741014044275)	(205, 0.000297548202808855)	(210, 0.0001487741014044275)	(215, 0.000297548202808855)	(220, 0.00059509640561771)	(225, 0.0)	(230, 0.0)	(235, 0.0)	(240, 0.0)	(245, 0.0)	(250, 0.0)
062024-BEL-CBC-T1-1353-MCAV_S86_R2_16S	(1, 0.0)	(2, 0.0)	(3, 0.0)	(4, 0.0)	(5, 0.0)	(6, 0.0)	(7, 0.0)	(8, 0.0)	(9, 0.0)	(10, 0.00020192304162184585)	(15, 0.0)	(20, 0.0)	(25, 0.0)	(30, 0.0)	(35, 0.0)	(40, 3.671328029488107e-05)	(45, 0.0)	(50, 0.0)	(55, 0.0)	(60, 0.0)	(65, 0.0)	(70, 0.0004038460832436917)	(75, 0.0)	(80, 0.0)	(85, 0.0)	(90, 0.0)	(95, 0.0)	(100, 0.0001652097613269648)	(105, 0.0)	(110, 0.0)	(115, 3.671328029488107e-05)	(120, 3.671328029488107e-05)	(125, 5.50699204423216e-05)	(130, 0.0004038460832436917)	(135, 0.0)	(140, 0.0)	(145, 1.8356640147440534e-05)	(150, 1.8356640147440534e-05)	(155, 1.8356640147440534e-05)	(160, 0.00029370624235904854)	(165, 0.0)	(170, 0.0)	(175, 0.0)	(180, 5.50699204423216e-05)	(185, 0.00012849648103208374)	(190, 0.0005323425642757755)	(195, 0.0)	(200, 0.0)	(205, 0.00020192311575444532)	(210, 3.671344203938765e-05)	(215, 1.835689624535387e-05)	(220, 0.00036714257522980833)	(225, 0.0)	(230, 0.0)	(235, 0.0)	(240, 0.0)	(245, 0.0)	(250, 0.0)
062024-BEL-CBC-T2-1375-SSID_S33_R2_16S	(1, 4.071470594821496e-05)	(2, 0.0)	(3, 0.0)	(4, 0.0)	(5, 0.0)	(6, 0.0)	(7, 0.0)	(8, 0.0)	(9, 0.0)	(10, 0.00014657294141357386)	(15, 0.0)	(20, 0.0)	(25, 0.0)	(30, 1.017867648705374e-05)	(35, 0.0)	(40, 7.939367659901918e-05)	(45, 0.0)	(50, 0.0)	(55, 0.0)	(60, 1.8321617676696733e-05)	(65, 0.0)	(70, 0.00029925308871938)	(75, 0.0)	(80, 0.0)	(85, 0.0)	(90, 0.00017100176498250285)	(95, 2.035735297410748e-06)	(100, 0.00031350323580125523)	(105, 4.071470594821496e-06)	(110, 0.00015064441200839538)	(115, 0.000291110147529737)	(120, 0.000655506765766261)	(125, 0.0004865407360811688)	(130, 0.0007715436777186737)	(135, 0.0007674722071238522)	(140, 0.0005048623537578656)	(145, 0.0010870826488173395)	(150, 0.0011929408842826985)	(155, 0.00018728764736178886)	(160, 0.0016855888262560996)	(165, 0.00023003808860741455)	(170, 0.0009160808838348367)	(175, 0.0012479057373127888)	(180, 0.002127343385794232)	(185, 0.0006697569128481361)	(190, 0.001752768091070654)	(195, 0.0008550088423182311)	(200, 0.0006534710969835591)	(205, 0.0017079820883775891)	(210, 0.0018891646635006872)	(215, 0.0006025805307655532)	(220, 0.001720214816354752)	(225, 0.0016429711677901102)	(230, 0.001986720265068218)	(235, 0.007952129249318998)	(240, 0.01200981281772627)	(245, 0.002041692426909079)	(250, 0.009574766919480547)
062024-BEL-CBC-T2-1396-MCAV_S49_R2_16S	(1, 0.0)	(2, 0.0)	(3, 0.0)	(4, 0.0)	(5, 0.0)	(6, 0.0)	(7, 0.0)	(8, 0.0)	(9, 0.0)	(10, 0.00026079104443553405)	(15, 0.0)	(20, 0.0)	(25, 0.0)	(30, 0.0)	(35, 0.0)	(40, 0.00013039552221776702)	(45, 0.0)	(50, 0.0)	(55, 0.0)	(60, 0.0)	(65, 0.0)	(70, 0.0005650472629436571)	(75, 0.0)	(80, 0.0)	(85, 0.0)	(90, 0.00010866293518147254)	(95, 0.0)	(100, 0.00036945397961700666)	(105, 0.0)	(110, 0.0)	(115, 0.0)	(120, 6.519776110888351e-05)	(125, 0.00010866293518147254)	(130, 0.0007606405462703078)	(135, 0.0)	(140, 2.173258703629451e-05)	(145, 2.173258703629451e-05)	(150, 2.173258703629451e-05)	(155, 2.173258703629451e-05)	(160, 0.0006737101981251297)	(165, 0.0)	(170, 0.0)	(175, 4.346517407258902e-05)	(180, 0.00013039552221776702)	(185, 0.00021732587036294508)	(190, 0.0008910360684880749)	(195, 0.0)	(200, 0.0)	(205, 0.00030425654912221984)	(210, 0.00010866324218081043)	(215, 0.00015212893579289602)	(220, 0.0007389147038158207)	(225, 0.0)	(230, 5.3111680586352954e-05)	(235, 0.0)	(240, 0.007280033779356736)	(245, 0.0)	(250, 0.0)
062024-BEL-CBC-T3-1415-MCAV_S50_R2_16S	(1, 0.0)	(2, 0.0)	(3, 0.0)	(4, 0.0)	(5, 0.0)	(6, 0.0)	(7, 0.0)	(8, 0.0)	(9, 0.0)	(10, 0.00020368465541648422)	(15, 0.0)	(20, 0.0)	(25, 0.0)	(30, 0.0)	(35, 0.0)	(40, 0.00010184232770824211)	(45, 0.0)	(50, 0.0)	(55, 0.0)	(60, 0.0)	(65, 0.0)	(70, 0.00020368465541648422)	(75, 0.0)	(80, 0.0)	(85, 0.0)	(90, 0.00010184232770824211)	(95, 0.0)	(100, 0.0003055269831247263)	(105, 0.0)	(110, 0.0)	(115, 0.0)	(120, 0.00010184232770824211)	(125, 0.00010184232770824211)	(130, 0.0009165809493741789)	(135, 0.0)	(140, 0.0)	(145, 0.0)	(150, 0.0)	(155, 0.0)	(160, 0.00040736931083296845)	(165, 0.0)	(170, 0.0)	(175, 0.0)	(180, 0.00010184232770824211)	(185, 0.00010184232770824211)	(190, 0.0006110539662494526)	(195, 0.0)	(200, 0.0)	(205, 0.00010184232770824211)	(210, 0.0001018427425843207)	(215, 0.0)	(220, 0.0005092194175548302)	(225, 0.0)	(230, 0.0)	(235, 0.0)	(240, 0.0012664479933131546)	(245, 0.0)	(250, 0.0)
062024-BEL-CBC-T3-1433-PSTR_S2_R2_16S	(1, 0.0003065613321929252)	(2, 0.0)	(3, 0.0)	(4, 0.0)	(5, 0.0)	(6, 0.0)	(7, 0.0)	(8, 0.0)	(9, 0.0)	(10, 0.0002248116436081451)	(15, 0.0)	(20, 0.0)	(25, 0.0)	(30, 4.0874844292390024e-05)	(35, 0.0)	(40, 6.131226643858503e-05)	(45, 0.0)	(50, 0.0)	(55, 0.0)	(60, 2.0437422146195012e-05)	(65, 0.0)	(70, 0.0005518103979472653)	(75, 0.0)	(80, 2.0437422146195012e-05)	(85, 2.0437422146195012e-05)	(90, 8.174968858478005e-05)	(95, 2.0437422146195012e-05)	(100, 0.00040874844292390026)	(105, 2.0437422146195012e-05)	(110, 0.0)	(115, 0.00010218711073097506)	(120, 0.00028612391004673014)	(125, 0.0001634993771695601)	(130, 0.0005313729758010704)	(135, 0.00014306195502336507)	(140, 0.0003065613321929252)	(145, 0.0003678735986315102)	(150, 0.0006335600865320453)	(155, 0.00024524906575434013)	(160, 0.0008174968858478005)	(165, 2.0437422146195012e-05)	(170, 0.0004496232872162902)	(175, 0.0005313729758010704)	(180, 0.0008788091522863855)	(185, 0.0007153097751168253)	(190, 0.0010831833737483356)	(195, 0.0004496232872162902)	(200, 0.0004700612857729412)	(205, 0.0010831866943798961)	(210, 0.0008583780456326032)	(215, 0.0005518167134654927)	(220, 0.0010627663685947634)	(225, 0.0008899018514535148)	(230, 0.02703908499736369)	(235, 0.027782794115604206)	(240, 0.032029857397504455)	(245, 0.01121909489951898)	(250, 0.0144248106743599)
062024-BEL-CBC-T3-1439-OFAV_S41_R2_16S	(1, 0.0)	(2, 0.0)	(3, 0.0)	(4, 0.0)	(5, 0.0)	(6, 0.0)	(7, 0.0)	(8, 0.0)	(9, 0.0)	(10, 0.0)	(15, 0.0)	(20, 0.0)	(25, 0.0)	(30, 8.083780299019033e-05)	(35, 0.0)	(40, 0.00016167560598038066)	(45, 0.0)	(50, 0.0)	(55, 0.0)	(60, 8.083780299019033e-05)	(65, 0.0)	(70, 0.00048502681794114196)	(75, 0.0)	(80, 0.0)	(85, 0.0)	(90, 0.00016167560598038066)	(95, 8.083780299019033e-05)	(100, 0.00048502681794114196)	(105, 0.0)	(110, 0.0)	(115, 0.00040418901495095167)	(120, 0.0006467024239215226)	(125, 0.0005658646209313323)	(130, 0.0009700536358822839)	(135, 0.0003233512119607613)	(140, 0.00040418901495095167)	(145, 0.0006467024239215226)	(150, 0.0006467024239215226)	(155, 0.0006467024239215226)	(160, 0.0015359182568136162)	(165, 8.083780299019033e-05)	(170, 0.000727540226911713)	(175, 0.0008892158328920937)	(180, 0.001697593862793997)	(185, 0.001212567044852855)	(190, 0.0014550863351225508)	(195, 0.00040419064864515296)	(200, 0.0008083812972903059)	(205, 0.0016167625945806118)	(210, 0.0018592860018398847)	(215, 0.00145510986079449)	(220, 0.0017784877357102551)	(225, 0.0012948440926784659)	(230, 0.008332407510276637)	(235, 0.014865909496342988)	(240, 0.026775753068055037)	(245, 0.0014875860940451928)	(250, 0.007438815740534108)
062024-BEL-CBC-T3-1442-OFAV_S35_R2_16S	(1, 0.0)	(2, 0.0)	(3, 0.0)	(4, 0.0)	(5, 0.0)	(6, 0.0)	(7, 0.0)	(8, 0.0)	(9, 0.0)	(10, 6.343165239454488e-05)	(15, 0.0)	(20, 0.0)	(25, 0.0)	(30, 0.0)	(35, 0.0)	(40, 0.0)	(45, 0.0)	(50, 0.0)	(55, 0.0)	(60, 0.0)	(65, 0.0)	(70, 0.00012686330478908975)	(75, 0.0)	(80, 0.0)	(85, 0.0)	(90, 0.00019029495718363463)	(95, 0.0)	(100, 0.00019029495718363463)	(105, 0.0)	(110, 3.171582619727244e-05)	(115, 0.0)	(120, 0.00019029495718363463)	(125, 0.00038058991436726926)	(130, 0.0006343165239454488)	(135, 0.0001585791309863622)	(140, 0.0001585791309863622)	(145, 0.00038058991436726926)	(150, 0.00041230574056454173)	(155, 0.00022201078338090707)	(160, 0.0008880431335236283)	(165, 9.514747859181732e-05)	(170, 0.000285442435775452)	(175, 0.000570884871550904)	(180, 0.0006977481763399936)	(185, 0.00041230574056454173)	(190, 0.0010466222645099904)	(195, 6.343165239454488e-05)	(200, 0.0002537266095781795)	(205, 0.0005708854147339817)	(210, 0.0007294660847430265)	(215, 0.0005074557942571228)	(220, 0.0008246198502490351)	(225, 0.0002538356147866861)	(230, 0.0005510279426269707)	(235, 0.0012465913517724972)	(240, 0.003740555098376599)	(245, 0.0003117517956903432)	(250, 0.0007796419883989271)
082024-BEL-CBC-T1-1479-PAST_S47_R2_16S	(1, 0.0)	(2, 0.0)	(3, 0.0)	(4, 0.0)	(5, 0.0)	(6, 0.0)	(7, 0.0)	(8, 0.0)	(9, 0.0)	(10, 0.00016168377483109097)	(15, 0.0)	(20, 0.0)	(25, 0.0)	(30, 0.0)	(35, 0.0)	(40, 4.0420943707772744e-05)	(45, 0.0)	(50, 4.0420943707772744e-05)	(55, 0.0)	(60, 4.0420943707772744e-05)	(65, 0.0)	(70, 0.000485051324493273)	(75, 8.084188741554549e-05)	(80, 4.0420943707772744e-05)	(85, 8.084188741554549e-05)	(90, 4.0420943707772744e-05)	(95, 8.084188741554549e-05)	(100, 0.00032336754966218195)	(105, 0.00012126283112331824)	(110, 0.00016168377483109097)	(115, 0.0005658932119088184)	(120, 0.0007679979304476822)	(125, 0.0007679979304476822)	(130, 0.0010509445364020914)	(135, 0.0006063141556165912)	(140, 0.0005254722682010457)	(145, 0.0008892607615710004)	(150, 0.0008892607615710004)	(155, 0.00032336754966218195)	(160, 0.001414733029772046)	(165, 0.000485051324493273)	(170, 0.0010913654801098641)	(175, 0.0008084188741554548)	(180, 0.0017785215231420008)	(185, 0.0010913654801098641)	(190, 0.0014955749171875917)	(195, 0.0008892607615710004)	(200, 0.0007275781631157483)	(205, 0.0012530568524020292)	(210, 0.002061488960928721)	(215, 0.0008084280238340749)	(220, 0.001859415270488331)	(225, 0.0014563148034804304)	(230, 0.0309880769684807)	(235, 0.045248137554338166)	(240, 0.06473958501926003)	(245, 0.01295001295001295)	(250, 0.04452720207253886)
082024-BEL-CBC-T1-1482-OANN_S36_R2_16S	(1, 0.0)	(2, 0.0)	(3, 0.0)	(4, 0.0)	(5, 0.0)	(6, 0.0)	(7, 0.0)	(8, 0.0)	(9, 0.0)	(10, 0.00015757461157858246)	(15, 0.0)	(20, 0.0)	(25, 0.0)	(30, 0.0)	(35, 0.0)	(40, 0.0003151492231571649)	(45, 0.0)	(50, 0.0)	(55, 0.0)	(60, 0.0)	(65, 0.0)	(70, 0.0007878730578929124)	(75, 0.0)	(80, 0.0)	(85, 0.0)	(90, 0.00015757461157858246)	(95, 0.0)	(100, 0.0007878730578929124)	(105, 0.0)	(110, 0.0)	(115, 0.0)	(120, 0.00015757461157858246)	(125, 0.0)	(130, 0.0014181715042072421)	(135, 0.0)	(140, 0.0)	(145, 0.0)	(150, 0.0003151492231571649)	(155, 0.0)	(160, 0.0014181715042072421)	(165, 0.0)	(170, 0.0)	(175, 0.0001575758530762746)	(180, 0.0003151517061525492)	(185, 0.0003151517061525492)	(190, 0.001575758530762746)	(195, 0.0)	(200, 0.0)	(205, 0.0004727275592288238)	(210, 0.0006303034123050984)	(215, 0.0004727335185398207)	(220, 0.001890969831152152)	(225, 0.00031605063131113603)	(230, 0.0006410235864628638)	(235, 0.0)	(240, 0.002858776443682104)	(245, 0.0)	(250, 0.0)
082024-BEL-CBC-T2-1510-PAST_S94_R2_16S	(1, 0.0003808580732390075)	(2, 0.0)	(3, 0.0)	(4, 0.0)	(5, 0.0)	(6, 0.0)	(7, 0.0)	(8, 0.0)	(9, 0.0)	(10, 0.000457029687886809)	(15, 0.0)	(20, 0.0)	(25, 0.0)	(30, 5.0781076431867665e-05)	(35, 0.0)	(40, 0.000152343229295603)	(45, 0.0)	(50, 0.0)	(55, 0.0)	(60, 0.00010156215286373533)	(65, 2.5390538215933832e-05)	(70, 0.0008886688375576841)	(75, 5.0781076431867665e-05)	(80, 5.0781076431867665e-05)	(85, 7.61716146478015e-05)	(90, 0.000152343229295603)	(95, 7.61716146478015e-05)	(100, 0.000609372917182412)	(105, 0.00010156215286373533)	(110, 0.000152343229295603)	(115, 0.0002285148439434045)	(120, 0.000457029687886809)	(125, 0.0003808580732390075)	(130, 0.0008886688375576841)	(135, 2.5390538215933832e-05)	(140, 0.0004316391496708752)	(145, 0.0004062486114549413)	(150, 0.0005585918407505443)	(155, 0.0003554675350230737)	(160, 0.0009394499139895518)	(165, 0.00017773376751153684)	(170, 0.000304686458591206)	(175, 0.0004062486114549413)	(180, 0.000457029687886809)	(185, 0.0005585918407505443)	(190, 0.0014472606783082285)	(195, 0.00038085846004705886)	(200, 0.0003554683473210128)	(205, 0.0007363278517533362)	(210, 0.00038086136113248874)	(215, 0.00025390937923473235)	(220, 0.0011426032310280256)	(225, 0.0001580397008371679)	(230, 0.032021860256601836)	(235, 0.03084719621020161)	(240, 0.024364852592641813)	(245, 0.02004008016032064)	(250, 0.0)
082024-BEL-CBC-T3-1554-OANN_S14_R2_16S	(1, 0.00021516319590501404)	(2, 0.0)	(3, 0.0)	(4, 0.0)	(5, 0.0)	(6, 0.0)	(7, 0.0)	(8, 0.0)	(9, 0.0)	(10, 0.00017213055672401123)	(15, 0.0)	(20, 0.0)	(25, 0.0)	(30, 8.606527836200562e-05)	(35, 0.0)	(40, 6.454895877150421e-05)	(45, 0.0)	(50, 0.0)	(55, 0.0)	(60, 6.454895877150421e-05)	(65, 2.1516319590501404e-05)	(70, 0.0003227447938575211)	(75, 2.1516319590501404e-05)	(80, 4.303263918100281e-05)	(85, 6.454895877150421e-05)	(90, 0.0003227447938575211)	(95, 0.00019364687631451266)	(100, 0.0005163916701720337)	(105, 0.0003012284742670197)	(110, 0.0003227447938575211)	(115, 0.0003012284742670197)	(120, 0.0008176201444390534)	(125, 0.0005379079897625351)	(130, 0.0010327833403440674)	(135, 0.0003657774330385239)	(140, 0.0002797121546765183)	(145, 0.0006670059073055435)	(150, 0.0005594243093530366)	(155, 0.0006885222268960449)	(160, 0.0008391364640295548)	(165, 0.0007745875052580507)	(170, 0.0005594243093530366)	(175, 0.0010542996599345689)	(180, 0.001334011814611087)	(185, 0.0012694628558395829)	(190, 0.000903685422801059)	(195, 0.0010112670207535661)	(200, 0.0009467180619820618)	(205, 0.0012049138970680788)	(210, 0.0013770444537920899)	(215, 0.0008606559317052305)	(220, 0.0010543112292322203)	(225, 0.0010328833476610033)	(230, 0.0011776307502941517)	(235, 0.011646716273050792)	(240, 0.014247781879411954)	(245, 0.007124583049969235)	(250, 0.0)
082024-BEL-CBC-T3-1558-MCAV_S34_R2_16S	(1, 0.0)	(2, 0.0)	(3, 0.0)	(4, 0.0)	(5, 0.0)	(6, 0.0)	(7, 0.0)	(8, 0.0)	(9, 0.0)	(10, 0.00024009387670579195)	(15, 0.0)	(20, 0.0)	(25, 0.0)	(30, 0.0)	(35, 0.0)	(40, 0.00012004693835289598)	(45, 0.0)	(50, 0.0)	(55, 0.0)	(60, 0.0)	(65, 0.0)	(70, 0.0005402112225880319)	(75, 0.0)	(80, 0.0)	(85, 0.0)	(90, 0.00012004693835289598)	(95, 0.0)	(100, 0.00036014081505868797)	(105, 0.0)	(110, 0.0)	(115, 0.0)	(120, 6.002346917644799e-05)	(125, 0.00018007040752934399)	(130, 0.0005402112225880319)	(135, 0.00012004693835289598)	(140, 0.00012004693835289598)	(145, 0.00018007040752934399)	(150, 0.00024009387670579195)	(155, 0.00012004693835289598)	(160, 0.000660258160940928)	(165, 6.002346917644799e-05)	(170, 0.00024009387670579195)	(175, 0.00024009387670579195)	(180, 0.000660258160940928)	(185, 0.0004201642842351359)	(190, 0.001020400813439519)	(195, 0.00024009675899387456)	(200, 0.00030012094874234317)	(205, 0.0007202902769816236)	(210, 0.0006602684651579332)	(215, 0.00018007365012290028)	(220, 0.0009604008713236905)	(225, 0.0004205628813604128)	(230, 0.0006964515792039559)	(235, 0.004289360241919918)	(240, 0.009656445140662218)	(245, 0.0010730189387842695)	(250, 0.005366246310705661)
082024-BEL-CBC-T3-1560-PSTR_S54_R2_16S	(1, 0.0)	(2, 0.0)	(3, 0.0)	(4, 0.0)	(5, 0.0)	(6, 0.0)	(7, 0.0)	(8, 0.0)	(9, 0.0)	(10, 4.838140025448617e-05)	(15, 0.0)	(20, 0.0)	(25, 0.0)	(30, 0.0)	(35, 0.0)	(40, 4.838140025448617e-05)	(45, 0.0)	(50, 0.0)	(55, 0.0)	(60, 0.0)	(65, 0.0)	(70, 0.000290288401526917)	(75, 0.0)	(80, 0.0)	(85, 0.0)	(90, 9.676280050897233e-05)	(95, 0.0)	(100, 0.0001451442007634585)	(105, 0.0)	(110, 0.0)	(115, 0.0)	(120, 0.0001451442007634585)	(125, 9.676280050897233e-05)	(130, 0.00024190700127243084)	(135, 0.0)	(140, 4.838140025448617e-05)	(145, 9.676280050897233e-05)	(150, 4.838140025448617e-05)	(155, 4.838140025448617e-05)	(160, 0.0006289582033083201)	(165, 0.0)	(170, 4.838140025448617e-05)	(175, 0.0001451442007634585)	(180, 0.00024190700127243084)	(185, 0.000290288401526917)	(190, 0.0006289582033083201)	(195, 4.838140025448617e-05)	(200, 4.838140025448617e-05)	(205, 9.676280050897233e-05)	(210, 0.0001935257882789171)	(215, 0.0)	(220, 0.0006773477963215176)	(225, 0.0)	(230, 0.00022251990440544907)	(235, 0.000832383029374797)	(240, 0.0041638907395069955)	(245, 0.0)	(250, 0.0)
082024-BEL-CBC-T3-1561-MCAV_S38_R2_16S	(1, 0.0)	(2, 0.0)	(3, 0.0)	(4, 0.0)	(5, 0.0)	(6, 0.0)	(7, 0.0)	(8, 0.0)	(9, 0.0)	(10, 0.00014189831566699304)	(15, 0.0)	(20, 0.0)	(25, 0.0)	(30, 0.0)	(35, 0.0)	(40, 9.45988771113287e-05)	(45, 0.0)	(50, 0.0)	(55, 0.0)	(60, 0.0)	(65, 0.0)	(70, 0.00028379663133398607)	(75, 0.0)	(80, 0.0)	(85, 0.0)	(90, 4.729943855566435e-05)	(95, 0.0)	(100, 0.00042569494700097905)	(105, 0.0)	(110, 0.0)	(115, 9.45988771113287e-05)	(120, 0.00047299438555664343)	(125, 0.0003783955084453148)	(130, 0.0007567910168906296)	(135, 0.0005202938241123078)	(140, 0.0003310960698896504)	(145, 0.0008513898940019581)	(150, 0.0008986893325576225)	(155, 0.0)	(160, 0.0012770848410029372)	(165, 4.729943855566435e-05)	(170, 0.0007094915783349651)	(175, 0.0008040904554462938)	(180, 0.0014662825952255947)	(185, 0.0003310960698896504)	(190, 0.001229785402447273)	(195, 0.0009459887711132869)	(200, 0.0003783955084453148)	(205, 0.00108788708678028)	(210, 0.001182489319756464)	(215, 0.00014189979225870413)	(220, 0.0013717116170256845)	(225, 0.0010414684326184127)	(230, 0.0012762848199747083)	(235, 0.009545229473282306)	(240, 0.010741523147982383)	(245, 0.0017903286446615384)	(250, 0.008952284324550147)
082024-BEL-CBC-T3-1562-OFAV_S31_R2_16S	(1, 0.00047810959783425606)	(2, 0.0)	(3, 0.0)	(4, 0.0)	(5, 0.0)	(6, 0.0)	(7, 0.0)	(8, 0.0)	(9, 0.0)	(10, 0.00021592046353805113)	(15, 0.0)	(20, 0.0)	(25, 0.0)	(30, 0.00013263685617337427)	(35, 0.0)	(40, 9.253734151630762e-05)	(45, 0.0)	(50, 0.00022517419768968187)	(55, 4.626867075815381e-05)	(60, 0.00023134335379076904)	(65, 9.253734151630762e-05)	(70, 0.0005305474246934971)	(75, 0.00023134335379076904)	(80, 0.0002683582903972921)	(85, 0.0006662688589174149)	(90, 0.00028069660259946646)	(95, 0.0005799006735021944)	(100, 0.0005521394710473021)	(105, 0.0005860698296032816)	(110, 0.001045671959134276)	(115, 0.0011721396592065632)	(120, 0.0014374133715533118)	(125, 0.0016841796155967989)	(130, 0.0016348263667881012)	(135, 0.0014034830129973322)	(140, 0.0017828861132141935)	(145, 0.0021437817451277932)	(150, 0.0022085578841892083)	(155, 0.00149602035451364)	(160, 0.0020512444036114856)	(165, 0.001937115015741373)	(170, 0.002214727040290296)	(175, 0.002982786974875649)	(180, 0.003238806953070767)	(185, 0.0025293540014457417)	(190, 0.003059901426139239)	(195, 0.0026589067716649003)	(200, 0.002517017630227901)	(205, 0.0033005038080256713)	(210, 0.002862499379611867)	(215, 0.002156139544117453)	(220, 0.003180264518424204)	(225, 0.002779402952163977)	(230, 0.011565330884523837)	(235, 0.08445299628351498)	(240, 0.077984187206348)	(245, 0.04605657852231298)	(250, 0.044767715554242776)
082024-BEL-CBC-T4-1606-PSTR_S25_R2_16S	(1, 0.0006254945316140573)	(2, 0.0)	(3, 0.0)	(4, 0.0)	(5, 0.0)	(6, 0.0)	(7, 0.0)	(8, 0.0)	(9, 0.0)	(10, 0.00012509890632281148)	(15, 0.0)	(20, 0.0)	(25, 0.0)	(30, 0.00012509890632281148)	(35, 0.0)	(40, 0.0)	(45, 0.0)	(50, 0.0)	(55, 0.0)	(60, 0.00012509890632281148)	(65, 0.0)	(70, 0.00025019781264562296)	(75, 6.254945316140574e-05)	(80, 6.254945316140574e-05)	(85, 0.00012509890632281148)	(90, 0.00018764835948421722)	(95, 0.00012509890632281148)	(100, 0.00018764835948421722)	(105, 0.00012509890632281148)	(110, 0.00012509890632281148)	(115, 0.00037529671896843444)	(120, 0.0006880439847754632)	(125, 0.0006254945316140573)	(130, 0.0005003956252912459)	(135, 0.0008131428910982745)	(140, 0.000938241797421086)	(145, 0.0011884396100667089)	(150, 0.0012509890632281147)	(155, 0.0005003956252912459)	(160, 0.0012509890632281147)	(165, 0.0005003956252912459)	(170, 0.0010633407037438974)	(175, 0.0013760879695509263)	(180, 0.001688835235357955)	(185, 0.0006880439847754632)	(190, 0.0015011868758737377)	(195, 0.0012509890632281147)	(200, 0.00043784617212984015)	(205, 0.0019390330480035778)	(210, 0.0016262959545888132)	(215, 0.000562962332815825)	(220, 0.0013136075353532449)	(225, 0.001376971651283181)	(230, 0.003673641824003984)	(235, 0.01051786124072516)	(240, 0.01195388668671732)	(245, 0.0028691111493659265)	(250, 0.004782858236081882)
082024-BEL-CBC-T4-1607-PSTR_S90_R2_16S	(1, 0.0)	(2, 0.0)	(3, 0.0)	(4, 0.0)	(5, 0.0)	(6, 0.0)	(7, 0.0)	(8, 0.0)	(9, 0.0)	(10, 0.0)	(15, 0.0)	(20, 0.0)	(25, 0.0)	(30, 0.0)	(35, 0.0)	(40, 0.0)	(45, 0.0)	(50, 0.0)	(55, 0.0)	(60, 0.0)	(65, 0.0)	(70, 0.0)	(75, 0.0)	(80, 0.0002985564794219947)	(85, 0.0002985564794219947)	(90, 0.0)	(95, 0.0)	(100, 0.0002985564794219947)	(105, 0.0)	(110, 0.0)	(115, 0.0005971129588439894)	(120, 0.000895669438265984)	(125, 0.0005971129588439894)	(130, 0.0005971129588439894)	(135, 0.0)	(140, 0.0002985564794219947)	(145, 0.0005971129588439894)	(150, 0.0002985564794219947)	(155, 0.0011942259176879787)	(160, 0.0005971129588439894)	(165, 0.0)	(170, 0.000895669438265984)	(175, 0.0005971129588439894)	(180, 0.0005971129588439894)	(185, 0.0011942259176879787)	(190, 0.0002985564794219947)	(195, 0.00029856985041650495)	(200, 0.00029857876507822763)	(205, 0.0011943150603129105)	(210, 0.0011943150603129105)	(215, 0.000895736295234683)	(220, 0.0005971646621839506)	(225, 0.0)	(230, 0.007514277126540426)	(235, 0.007646721468170522)	(240, 0.007654916370038657)	(245, 0.0)	(250, 0.0)
082024-BEL-CBC-T4-1609-OFAV_S12_R2_16S	(1, 0.0)	(2, 0.0)	(3, 0.0)	(4, 0.0)	(5, 0.0)	(6, 0.0)	(7, 0.0)	(8, 0.0)	(9, 0.0)	(10, 0.00026419112805547203)	(15, 0.0)	(20, 0.0)	(25, 0.0)	(30, 2.032239446580554e-05)	(35, 0.0)	(40, 0.00014225676126063876)	(45, 0.0)	(50, 0.0)	(55, 0.0)	(60, 4.064478893161108e-05)	(65, 0.0)	(70, 0.0005080598616451385)	(75, 0.0)	(80, 0.0)	(85, 0.0)	(90, 0.00012193436679483324)	(95, 0.0)	(100, 0.00032515831145288863)	(105, 4.064478893161108e-05)	(110, 0.0)	(115, 0.0)	(120, 0.00018290155019224985)	(125, 0.00012193436679483324)	(130, 0.0008941853564954438)	(135, 6.096718339741662e-05)	(140, 4.064478893161108e-05)	(145, 0.0)	(150, 6.096718339741662e-05)	(155, 0.00016257915572644432)	(160, 0.0006706390173715828)	(165, 0.00010161197232902769)	(170, 0.0)	(175, 0.00014225676126063876)	(180, 0.00018290155019224985)	(185, 0.00032515831145288863)	(190, 0.0009754749343586659)	(195, 0.0)	(200, 0.0)	(205, 0.0003251584436128517)	(210, 0.00032515903833401516)	(215, 0.0002438710629303181)	(220, 0.0007925864310422369)	(225, 6.0973230312963397e-05)	(230, 0.00014972906525641852)	(235, 0.001769786209825853)	(240, 0.012414208948871193)	(245, 0.0)	(250, 0.0)
092023-BEL-CBC-T1-171-PAST_S42_R2_16S	(1, 0.000201935348378863)	(2, 0.0)	(3, 0.0)	(4, 0.0)	(5, 0.0)	(6, 0.0)	(7, 0.0)	(8, 0.0)	(9, 0.0)	(10, 0.000201935348378863)	(15, 0.0)	(20, 0.0)	(25, 0.0)	(30, 4.03870696757726e-05)	(35, 0.0)	(40, 0.00012116120902731781)	(45, 0.0)	(50, 0.0)	(55, 0.0)	(60, 4.03870696757726e-05)	(65, 0.0)	(70, 0.0006461931148123616)	(75, 4.03870696757726e-05)	(80, 8.07741393515452e-05)	(85, 0.00012116120902731781)	(90, 0.00012116120902731781)	(95, 0.00012116120902731781)	(100, 0.000403870696757726)	(105, 0.00012116120902731781)	(110, 0.00012116120902731781)	(115, 0.0003634836270819534)	(120, 0.000403870696757726)	(125, 0.000403870696757726)	(130, 0.000807741393515452)	(135, 4.03870696757726e-05)	(140, 0.00048464483610927123)	(145, 0.00044425776643349863)	(150, 0.0006865801844881343)	(155, 0.00048464483610927123)	(160, 0.0011712250205974054)	(165, 0.0003634836270819534)	(170, 0.00048464483610927123)	(175, 0.0006461931148123616)	(180, 0.0006865801844881343)	(185, 0.0007673543238396794)	(190, 0.0013731603689762686)	(195, 0.0005654189754608164)	(200, 0.000807741393515452)	(205, 0.0011308379509216329)	(210, 0.0008481284631912246)	(215, 0.0006461957246075371)	(220, 0.0014539527118035515)	(225, 0.00032332402968437914)	(230, 0.01303908465625713)	(235, 0.012310722639418936)	(240, 0.01408103636427641)	(245, 0.0070410139060024645)	(250, 0.0)
092023-BEL-CBC-T1-175-PAST_S7_R2_16S	(1, 0.0006466966733923121)	(2, 0.0)	(3, 0.0)	(4, 0.0)	(5, 0.0)	(6, 0.0)	(7, 0.0)	(8, 0.0)	(9, 0.0)	(10, 0.0003017917809164123)	(15, 0.0)	(20, 0.0)	(25, 0.0)	(30, 8.622622311897494e-05)	(35, 0.0)	(40, 0.00012933933467846242)	(45, 0.0)	(50, 8.622622311897494e-05)	(55, 0.0)	(60, 8.622622311897494e-05)	(65, 0.0)	(70, 0.0006035835618328246)	(75, 0.0)	(80, 4.311311155948747e-05)	(85, 8.622622311897494e-05)	(90, 0.0003017917809164123)	(95, 4.311311155948747e-05)	(100, 0.00034490489247589976)	(105, 4.311311155948747e-05)	(110, 0.00043113111559487467)	(115, 0.00038801800403538727)	(120, 0.0009916015658682118)	(125, 0.00038801800403538727)	(130, 0.0006898097849517995)	(135, 0.0005604704502733371)	(140, 0.0007329228965112871)	(145, 0.0010778277889871867)	(150, 0.0015089589045820615)	(155, 0.0005173573387138497)	(160, 0.0014227326814630866)	(165, 0.0004742442271543622)	(170, 0.0011209409005466743)	(175, 0.0012933933467846241)	(180, 0.002284994912652836)	(185, 0.0009916015658682118)	(190, 0.0016814113508200116)	(195, 0.0011640540121061616)	(200, 0.0012071671236656492)	(205, 0.0018107530275143923)	(210, 0.001465855272659859)	(215, 0.0008191561829046415)	(220, 0.0016383243735672746)	(225, 0.0018657462318589497)	(230, 0.03428599417138099)	(235, 0.04093118444614991)	(240, 0.05125445273058097)	(245, 0.01939362596160062)	(250, 0.026793489182128746)
092023-BEL-CBC-T2-174-SSID_S46_R2_16S	(1, 0.0)	(2, 0.0)	(3, 0.0)	(4, 0.0)	(5, 0.0)	(6, 0.0)	(7, 0.0)	(8, 0.0)	(9, 0.0)	(10, 0.00018699068412411695)	(15, 0.0)	(20, 0.0)	(25, 0.0)	(30, 3.7398136824823386e-05)	(35, 0.0)	(40, 7.479627364964677e-05)	(45, 0.0)	(50, 0.0)	(55, 0.0)	(60, 7.479627364964677e-05)	(65, 0.0)	(70, 0.0005609720523723508)	(75, 0.0)	(80, 3.7398136824823386e-05)	(85, 7.479627364964677e-05)	(90, 0.00014959254729929355)	(95, 3.7398136824823386e-05)	(100, 0.0003739813682482339)	(105, 7.479627364964677e-05)	(110, 7.479627364964677e-05)	(115, 0.00014959254729929355)	(120, 0.00044877764189788064)	(125, 0.0003365832314234105)	(130, 0.0011219441047447016)	(135, 0.00014959254729929355)	(140, 0.0004113795050730573)	(145, 0.0004113795050730573)	(150, 0.0007853608733212911)	(155, 0.0005235739155475274)	(160, 0.0010845459679198783)	(165, 0.00011219441047447016)	(170, 0.0005983701891971742)	(175, 0.0007853608733212911)	(180, 0.0009349534206205847)	(185, 0.000860157146970938)	(190, 0.001458527336168112)	(195, 0.0003739813682482339)	(200, 0.0007479627364964678)	(205, 0.0012715385541709082)	(210, 0.0008227636256201113)	(215, 0.0008601626156124002)	(220, 0.0010471568382894394)	(225, 0.0007858255040789956)	(230, 0.01367334381623026)	(235, 0.017564917005767147)	(240, 0.01612619480443324)	(245, 0.0)	(250, 0.007332453438920662)
092023-BEL-CBC-T2-181-PAST_S63_R2_16S	(1, 0.0009238942141124841)	(2, 0.0)	(3, 0.0)	(4, 0.0)	(5, 0.0)	(6, 0.0)	(7, 0.0)	(8, 0.0)	(9, 0.0)	(10, 0.00013858413211687262)	(15, 0.0)	(20, 0.0)	(25, 0.0)	(30, 0.00020787619817530894)	(35, 0.0)	(40, 2.3097355352812103e-05)	(45, 0.0)	(50, 0.00048504446240905415)	(55, 2.3097355352812103e-05)	(60, 0.00025407090888093315)	(65, 6.929206605843631e-05)	(70, 0.00027716826423374524)	(75, 0.00020787619817530894)	(80, 0.00027716826423374524)	(85, 0.0007622127266427994)	(90, 0.00046194710705624206)	(95, 0.00046194710705624206)	(100, 0.0005312391731146784)	(105, 0.0007853100819956116)	(110, 0.0009700889248181083)	(115, 0.0008315047927012358)	(120, 0.0015013280979327866)	(125, 0.0011779651229934173)	(130, 0.0017323016514609077)	(135, 0.0009700889248181083)	(140, 0.001339646610463102)	(145, 0.0013165492551102899)	(150, 0.001339646610463102)	(155, 0.0014782307425799746)	(160, 0.0009238942141124841)	(165, 0.002240443469222774)	(170, 0.0013858413211687262)	(175, 0.0022866381799283983)	(180, 0.001801593717519344)	(185, 0.002055664626400277)	(190, 0.0015244254532855988)	(195, 0.0018708857835777802)	(200, 0.0016168156215801463)	(205, 0.001870887944205964)	(210, 0.0018015957981242616)	(215, 0.0016399152602661004)	(220, 0.001663022261169793)	(225, 0.001732664232311924)	(230, 0.0038341280598772)	(235, 0.03437489257846069)	(240, 0.025559105431309903)	(245, 0.025561743900820433)	(250, 0.012289541600098316)
092023-BEL-CBC-T2-184-MCAV_S37_R2_16S	(1, 1.7076027426149168e-05)	(2, 0.0)	(3, 0.0)	(4, 0.0)	(5, 0.0)	(6, 0.0)	(7, 0.0)	(8, 0.0)	(9, 0.0)	(10, 0.0001519766440927276)	(15, 0.0)	(20, 0.0)	(25, 0.0)	(30, 3.415205485229834e-06)	(35, 0.0)	(40, 6.830410970459667e-05)	(45, 0.0)	(50, 0.0)	(55, 0.0)	(60, 1.1953219198304419e-05)	(65, 0.0)	(70, 0.0003193217128689895)	(75, 0.0)	(80, 0.0)	(85, 0.0)	(90, 0.00011099417826996962)	(95, 0.0)	(100, 0.0001997895208859453)	(105, 0.0)	(110, 0.0)	(115, 0.0)	(120, 6.147369873413701e-05)	(125, 7.684212341767126e-05)	(130, 0.0005191112337549347)	(135, 8.538013713074584e-06)	(140, 4.0982465822758007e-05)	(145, 1.0245616455689502e-05)	(150, 6.318130147675192e-05)	(155, 5.4643287763677347e-05)	(160, 0.0005191112337549347)	(165, 5.122808227844751e-06)	(170, 5.122808227844751e-06)	(175, 8.02573289029011e-05)	(180, 0.0001724678770041066)	(185, 0.00018954390443025578)	(190, 0.000741099590294874)	(195, 1.707602742614917e-06)	(200, 1.366082264073708e-05)	(205, 0.0002356494038223768)	(210, 0.0001810065181642517)	(215, 0.00012636354159098018)	(220, 0.000601085865030438)	(225, 1.1953966912819906e-05)	(230, 9.56397365890375e-05)	(235, 7.252933358235072e-05)	(240, 0.002939073016370637)	(245, 0.0)	(250, 9.071858188712794e-05)
092023-BEL-CBC-T3-171-OFAV_S78_R2_16S	(1, 0.0)	(2, 0.0)	(3, 0.0)	(4, 0.0)	(5, 0.0)	(6, 0.0)	(7, 0.0)	(8, 0.0)	(9, 0.0)	(10, 0.00020442353051118535)	(15, 0.0)	(20, 0.0)	(25, 0.0)	(30, 0.0)	(35, 0.0)	(40, 9.734453833865971e-05)	(45, 0.0)	(50, 0.0)	(55, 0.0)	(60, 0.0)	(65, 0.0)	(70, 0.0005743327761980922)	(75, 0.0)	(80, 0.0)	(85, 0.0)	(90, 0.0)	(95, 2.920336150159791e-05)	(100, 0.00028229916118211314)	(105, 6.81411768370618e-05)	(110, 0.0)	(115, 0.00015575126134185553)	(120, 2.920336150159791e-05)	(125, 0.00036017479185304087)	(130, 0.00043805042252396866)	(135, 0.0001362823536741236)	(140, 3.893781533546388e-05)	(145, 8.761008450479374e-05)	(150, 6.81411768370618e-05)	(155, 0.0001362823536741236)	(160, 0.000671677314536752)	(165, 0.0002238924381789173)	(170, 0.00015575126134185553)	(175, 7.787563067092776e-05)	(180, 4.8672269169329855e-05)	(185, 0.00031150252268371105)	(190, 0.0008566319373802053)	(195, 7.787563067092776e-05)	(200, 3.893781533546388e-05)	(205, 0.00018495462284345344)	(210, 0.00027256505227359653)	(215, 0.0002628318653849168)	(220, 0.000798234150306517)	(225, 8.761551740905728e-05)	(230, 0.0003244817794209947)	(235, 0.003269870594871208)	(240, 0.0008200888976365038)	(245, 0.0016407698492132508)	(250, 0.0)
092023-BEL-CBC-T3-173-OFAV_S84_R2_16S	(1, 0.0)	(2, 0.0)	(3, 0.0)	(4, 0.0)	(5, 0.0)	(6, 0.0)	(7, 0.0)	(8, 0.0)	(9, 4.737540269092287e-05)	(10, 0.00023687701345461435)	(15, 0.0)	(20, 0.0)	(25, 0.0)	(30, 0.0)	(35, 0.0)	(40, 1.8950161076369148e-05)	(45, 0.0)	(50, 0.0)	(55, 0.0)	(60, 0.0)	(65, 9.475080538184574e-06)	(70, 0.0004927041879855978)	(75, 0.0)	(80, 0.0)	(85, 0.0)	(90, 1.8950161076369148e-05)	(95, 0.0)	(100, 0.0002463520939927989)	(105, 0.0)	(110, 0.0)	(115, 9.475080538184574e-06)	(120, 4.737540269092287e-05)	(125, 1.8950161076369148e-05)	(130, 0.0003979533826037521)	(135, 0.0)	(140, 0.0)	(145, 9.475080538184574e-06)	(150, 1.8950161076369148e-05)	(155, 9.475080538184574e-06)	(160, 0.0004737540269092287)	(165, 0.0)	(170, 1.8950161076369148e-05)	(175, 0.0)	(180, 3.7900322152738296e-05)	(185, 5.685048322910745e-05)	(190, 0.0007674815235929506)	(195, 0.0)	(200, 0.0)	(205, 0.00015160164772040865)	(210, 4.737558673479781e-05)	(215, 9.475158644949982e-06)	(220, 0.0006158924314495142)	(225, 0.0)	(230, 0.0)	(235, 0.0)	(240, 0.0013126115719836184)	(245, 0.0)	(250, 0.0)
092023-BEL-CBC-T3-178-PAST_S74_R2_16S	(1, 0.0)	(2, 0.0)	(3, 0.0)	(4, 0.0)	(5, 0.0)	(6, 0.0)	(7, 0.0)	(8, 0.0)	(9, 0.0)	(10, 0.0001516551261328322)	(15, 0.0)	(20, 0.0)	(25, 0.0)	(30, 0.0)	(35, 0.0)	(40, 2.5275854355472034e-05)	(45, 0.0)	(50, 0.0)	(55, 0.0)	(60, 0.0)	(65, 0.0)	(70, 0.00042968952404302455)	(75, 0.0)	(80, 2.5275854355472034e-05)	(85, 2.5275854355472034e-05)	(90, 5.055170871094407e-05)	(95, 7.58275630664161e-05)	(100, 0.00025275854355472034)	(105, 0.00017693098048830424)	(110, 5.055170871094407e-05)	(115, 0.00025275854355472034)	(120, 0.00010110341742188814)	(125, 0.0006571722132422728)	(130, 0.00040441366968755254)	(135, 0.0002274826891992483)	(140, 7.58275630664161e-05)	(145, 0.00025275854355472034)	(150, 0.0002274826891992483)	(155, 0.0003791378153320805)	(160, 0.000707723921953217)	(165, 0.00042968952404302455)	(170, 0.00042968952404302455)	(175, 0.00025275854355472034)	(180, 0.0003791378153320805)	(185, 0.0006066205045313288)	(190, 0.0008846549024415212)	(195, 0.0002274826891992483)	(200, 0.00012637927177736017)	(205, 0.00022748297669057763)	(210, 0.0005055191314979114)	(215, 0.0004549718182872889)	(220, 0.0008594025079892838)	(225, 0.00020222687175504867)	(230, 0.0006912044237083117)	(235, 0.0053427936399384505)	(240, 0.004279951636546507)	(245, 0.0021403193356448785)	(250, 0.0)
092023-BEL-CBC-T3-195-PSTR_S66_R2_16S	(1, 0.0)	(2, 0.0)	(3, 0.0)	(4, 0.0)	(5, 0.0)	(6, 0.0)	(7, 0.0)	(8, 0.0)	(9, 0.0)	(10, 0.0)	(15, 0.0)	(20, 0.0)	(25, 0.0)	(30, 0.0)	(35, 0.0)	(40, 0.0)	(45, 0.0)	(50, 0.0)	(55, 0.0)	(60, 0.0)	(65, 0.0)	(70, 0.0)	(75, 0.0)	(80, 0.0)	(85, 0.0)	(90, 0.0007229089857586931)	(95, 0.0)	(100, 0.0)	(105, 0.0)	(110, 0.0)	(115, 0.00036145449287934653)	(120, 0.00036145449287934653)	(125, 0.00036145449287934653)	(130, 0.0)	(135, 0.0)	(140, 0.0)	(145, 0.0)	(150, 0.0)	(155, 0.00036145449287934653)	(160, 0.0007229089857586931)	(165, 0.0)	(170, 0.00036145449287934653)	(175, 0.0)	(180, 0.00036145449287934653)	(185, 0.00036145449287934653)	(190, 0.00036145449287934653)	(195, 0.0)	(200, 0.0)	(205, 0.0)	(210, 0.0014458179715173861)	(215, 0.0)	(220, 0.00036145449287934653)	(225, 0.0)	(230, 0.0)	(235, 0.0)	(240, 0.004618937644341801)	(245, 0.0)	(250, 0.0)
092023-BEL-CBC-T4-92-PSTR_S43_R2_16S	(1, 0.0)	(2, 0.0)	(3, 0.0)	(4, 0.0)	(5, 0.0)	(6, 0.0)	(7, 0.0)	(8, 0.0)	(9, 0.0)	(10, 0.0007204027051121577)	(15, 0.0)	(20, 0.0)	(25, 0.0)	(30, 0.0)	(35, 0.0)	(40, 0.0)	(45, 0.0)	(50, 0.0)	(55, 0.0)	(60, 0.0)	(65, 0.0)	(70, 0.0009005033813901972)	(75, 0.0)	(80, 0.0)	(85, 0.0)	(90, 0.0)	(95, 0.0)	(100, 0.0)	(105, 0.0)	(110, 0.0)	(115, 0.00036020135255607883)	(120, 0.0009005033813901972)	(125, 0.0005403020288341182)	(130, 0.0007204027051121577)	(135, 0.0)	(140, 0.00036020135255607883)	(145, 0.00018010067627803941)	(150, 0.0007204027051121577)	(155, 0.0)	(160, 0.0005403020288341182)	(165, 0.00018010067627803941)	(170, 0.00018010067627803941)	(175, 0.0)	(180, 0.0007204027051121577)	(185, 0.0010806040576682365)	(190, 0.0014408054102243153)	(195, 0.0)	(200, 0.0)	(205, 0.0007204027051121577)	(210, 0.0009005033813901972)	(215, 0.000720411787377665)	(220, 0.0007204221673900906)	(225, 0.0005408718854793928)	(230, 0.0)	(235, 0.0)	(240, 0.005971307865705286)	(245, 0.0014929606903450233)	(250, 0.0)
092023-BEL-CBC-T4-94-MCAV_S85_R2_16S	(1, 0.0)	(2, 0.0)	(3, 0.0)	(4, 0.0)	(5, 0.0)	(6, 0.0)	(7, 0.0)	(8, 0.0)	(9, 0.0)	(10, 0.00019466831300439953)	(15, 0.0)	(20, 0.0)	(25, 0.0)	(30, 0.0)	(35, 0.0)	(40, 5.5619518001257005e-05)	(45, 0.0)	(50, 0.0)	(55, 0.0)	(60, 0.0)	(65, 0.0)	(70, 0.000333717108007542)	(75, 0.0)	(80, 0.0)	(85, 0.0)	(90, 0.0)	(95, 0.0)	(100, 8.34292770018855e-05)	(105, 0.0)	(110, 0.0)	(115, 8.34292770018855e-05)	(120, 8.34292770018855e-05)	(125, 8.34292770018855e-05)	(130, 0.00022247807200502802)	(135, 0.0)	(140, 2.7809759000628502e-05)	(145, 8.34292770018855e-05)	(150, 0.00011123903600251401)	(155, 8.34292770018855e-05)	(160, 0.00038933662600879905)	(165, 0.0)	(170, 2.7809759000628502e-05)	(175, 2.7809759000628502e-05)	(180, 5.5619518001257005e-05)	(185, 0.00013904879500314251)	(190, 0.000611814698013827)	(195, 2.7809759000628502e-05)	(200, 0.0)	(205, 0.00016685901803467886)	(210, 0.0)	(215, 2.7810130229277835e-05)	(220, 0.00041715775404490066)	(225, 0.0)	(230, 0.0)	(235, 0.0)	(240, 0.0)	(245, 0.0)	(250, 0.0)
102019-BEL-CBC-T1-29-PSTR_S22_R2_16S	(1, 0.00038100027813020305)	(2, 0.0)	(3, 0.0)	(4, 0.0)	(5, 0.0)	(6, 0.0)	(7, 0.0)	(8, 0.0)	(9, 0.0)	(10, 3.8100027813020304e-05)	(15, 0.0)	(20, 0.0)	(25, 0.0)	(30, 0.0)	(35, 0.0)	(40, 3.8100027813020304e-05)	(45, 0.0)	(50, 0.0)	(55, 0.0)	(60, 0.0)	(65, 0.0)	(70, 0.00030480022250416243)	(75, 0.0)	(80, 0.0)	(85, 0.0)	(90, 0.00011430008343906092)	(95, 0.0)	(100, 0.00015240011125208121)	(105, 0.0)	(110, 0.0)	(115, 0.00022860016687812184)	(120, 0.0002667001946911421)	(125, 0.00022860016687812184)	(130, 0.00038100027813020305)	(135, 0.0)	(140, 7.620005562604061e-05)	(145, 0.00019050013906510153)	(150, 0.0004191003059432234)	(155, 0.0002667001946911421)	(160, 0.0005715004171953045)	(165, 0.0)	(170, 0.00019050013906510153)	(175, 7.620005562604061e-05)	(180, 0.00030480022250416243)	(185, 0.00030480022250416243)	(190, 0.0006096004450083249)	(195, 0.00011430008343906092)	(200, 0.0)	(205, 0.00045720033375624367)	(210, 0.0004953005502789114)	(215, 0.00019050093745511323)	(220, 0.000762006653080088)	(225, 0.0)	(230, 0.019825043986816344)	(235, 0.010192900644700966)	(240, 0.01277432870902634)	(245, 0.01030715316429602)	(250, 0.0)
112023-BEL-CBC-T1-276-MCAV_S26_R2_16S	(1, 0.0)	(2, 0.0)	(3, 0.0)	(4, 0.0)	(5, 0.0)	(6, 0.0)	(7, 0.0)	(8, 0.0)	(9, 0.0)	(10, 0.00011854872649030569)	(15, 0.0)	(20, 0.0)	(25, 0.0)	(30, 0.0)	(35, 0.0)	(40, 0.00011854872649030569)	(45, 0.0)	(50, 0.0)	(55, 0.0)	(60, 0.0)	(65, 0.0)	(70, 0.00023709745298061138)	(75, 0.0)	(80, 0.0)	(85, 0.0)	(90, 0.0)	(95, 0.00011854872649030569)	(100, 0.0005927436324515284)	(105, 0.00011854872649030569)	(110, 0.0)	(115, 0.00011854872649030569)	(120, 0.0)	(125, 0.0005927436324515284)	(130, 0.0005927436324515284)	(135, 0.00011854872649030569)	(140, 0.0)	(145, 0.0)	(150, 0.0)	(155, 0.000355646179470917)	(160, 0.0010669385384127511)	(165, 0.00023709745298061138)	(170, 0.00023709745298061138)	(175, 0.00011854872649030569)	(180, 0.0)	(185, 0.000711292358941834)	(190, 0.0008298410854321397)	(195, 0.00011854872649030569)	(200, 0.00023709745298061138)	(205, 0.0003556495524150383)	(210, 0.0005927661193854675)	(215, 0.0005927752551897474)	(220, 0.0011855505103794948)	(225, 0.00035580519902556816)	(230, 0.0004297563281619322)	(235, 0.0)	(240, 0.0)	(245, 0.0)	(250, 0.0)
112023-BEL-CBC-T2-304-OFAV_S72_R2_16S	(1, 0.0)	(2, 0.0)	(3, 0.0)	(4, 0.0)	(5, 0.0)	(6, 0.0)	(7, 0.0)	(8, 0.0)	(9, 0.0)	(10, 9.759430049285122e-05)	(15, 0.0)	(20, 0.0)	(25, 0.0)	(30, 0.0)	(35, 0.0)	(40, 9.759430049285122e-05)	(45, 0.0)	(50, 0.0)	(55, 0.0)	(60, 2.4398575123212806e-05)	(65, 0.0)	(70, 0.000512370077587469)	(75, 0.0)	(80, 0.0)	(85, 0.0)	(90, 7.319572536963841e-05)	(95, 4.879715024642561e-05)	(100, 0.00036597862684819204)	(105, 4.879715024642561e-05)	(110, 0.0)	(115, 9.759430049285122e-05)	(120, 0.00012199287561606402)	(125, 0.00026838432635534085)	(130, 0.0005611672278338944)	(135, 0.00012199287561606402)	(140, 7.319572536963841e-05)	(145, 9.759430049285122e-05)	(150, 0.00017079002586248962)	(155, 4.879715024642561e-05)	(160, 0.0008051529790660224)	(165, 0.00012199287561606402)	(170, 0.00017079002586248962)	(175, 0.00012199287561606402)	(180, 0.00012199287561606402)	(185, 0.0003903772019714049)	(190, 0.0010735373054213634)	(195, 0.00012199287561606402)	(200, 0.0)	(205, 0.00021958717610891522)	(210, 0.00036597916261039764)	(215, 0.00034158205191266427)	(220, 0.0009027578520414039)	(225, 0.000122006717689876)	(230, 0.0003321854480628052)	(235, 0.0009858432903505658)	(240, 0.0029609159099881566)	(245, 0.0)	(250, 0.0)
112023-BEL-CBC-T2-307-SSID_S62_R2_16S	(1, 0.00035269968092435536)	(2, 0.0)	(3, 0.0)	(4, 0.0)	(5, 0.0)	(6, 0.0)	(7, 0.0)	(8, 0.0)	(9, 0.0)	(10, 0.0001645931844313658)	(15, 0.0)	(20, 0.0)	(25, 0.0)	(30, 9.405324824649475e-05)	(35, 0.0)	(40, 7.053993618487106e-05)	(45, 0.0)	(50, 2.3513312061623687e-05)	(55, 0.0)	(60, 0.00011756656030811844)	(65, 0.0)	(70, 0.00025864643267786057)	(75, 7.053993618487106e-05)	(80, 4.7026624123247373e-05)	(85, 0.00011756656030811844)	(90, 0.00035269968092435536)	(95, 9.405324824649475e-05)	(100, 0.0002116198085546132)	(105, 0.0001645931844313658)	(110, 0.00025864643267786057)	(115, 0.00014107987236974213)	(120, 0.0006818860497870869)	(125, 0.0004467529291708501)	(130, 0.000752425985971958)	(135, 0.00035269968092435536)	(140, 0.000376212992985979)	(145, 0.0004702662412324738)	(150, 0.0006113461136022159)	(155, 0.0005878328015405922)	(160, 0.0004702662412324738)	(165, 0.0007759392980335817)	(170, 0.0003291863688627316)	(175, 0.000752425985971958)	(180, 0.0009640457945265712)	(185, 0.0008935058583417002)	(190, 0.0007994526100952053)	(195, 0.0008699925462800765)	(200, 0.0007053993618487107)	(205, 0.0007289126739103343)	(210, 0.0010110733695971649)	(215, 0.0006348616648189057)	(220, 0.0009640528216297712)	(225, 0.0007525077320169465)	(230, 0.0016519277997422994)	(235, 0.014178959474433237)	(240, 0.015243181304500943)	(245, 0.011564947694895652)	(250, 0.0)
112023-BEL-CBC-T2-310-MCAV_S55_R2_16S	(1, 0.0)	(2, 0.0)	(3, 0.0)	(4, 0.0)	(5, 0.0)	(6, 0.0)	(7, 0.0)	(8, 0.0)	(9, 0.0)	(10, 0.00012844857668272986)	(15, 0.0)	(20, 0.0)	(25, 0.0)	(30, 0.0)	(35, 0.0)	(40, 4.281619222757663e-05)	(45, 0.0)	(50, 0.0)	(55, 0.0)	(60, 4.281619222757663e-05)	(65, 0.0)	(70, 0.0005566104989584961)	(75, 0.0)	(80, 0.0)	(85, 0.0)	(90, 0.0001712647689103065)	(95, 0.0)	(100, 0.00021408096113788313)	(105, 0.0)	(110, 0.0)	(115, 0.0)	(120, 0.00012844857668272986)	(125, 0.0002568971533654597)	(130, 0.0004709781145033429)	(135, 0.0)	(140, 0.0)	(145, 4.281619222757663e-05)	(150, 8.563238445515326e-05)	(155, 4.281619222757663e-05)	(160, 0.00042816192227576626)	(165, 0.0)	(170, 0.0)	(175, 4.281619222757663e-05)	(180, 0.0001712647689103065)	(185, 0.00012844857668272986)	(190, 0.0007278752678688027)	(195, 0.0)	(200, 0.0)	(205, 0.00029971334559303635)	(210, 0.00017126491556853745)	(215, 8.563304442171363e-05)	(220, 0.000428171638595734)	(225, 4.282616730213561e-05)	(230, 0.0)	(235, 0.0)	(240, 0.003963755420435537)	(245, 0.0)	(250, 0.0)
112023-BEL-CBC-T3-352-PAST_S30_R2_16S	(1, 0.0003357623876734912)	(2, 0.0)	(3, 0.0)	(4, 0.0)	(5, 0.0)	(6, 0.0)	(7, 0.0)	(8, 0.0)	(9, 0.0)	(10, 0.00015668911424762924)	(15, 0.0)	(20, 0.0)	(25, 0.0)	(30, 0.000179073273425862)	(35, 0.0)	(40, 0.00013430495506939647)	(45, 0.0)	(50, 4.47683183564655e-05)	(55, 2.238415917823275e-05)	(60, 0.00020145743260409474)	(65, 0.0)	(70, 0.000447683183564655)	(75, 8.9536636712931e-05)	(80, 4.47683183564655e-05)	(85, 0.00015668911424762924)	(90, 0.00015668911424762924)	(95, 0.0003357623876734912)	(100, 0.000447683183564655)	(105, 0.0003133782284952585)	(110, 0.000179073273425862)	(115, 0.00047006734274288774)	(120, 0.00047006734274288774)	(125, 0.0009849030038422408)	(130, 0.0009401346854857755)	(135, 0.0005148356610993532)	(140, 0.0005372198202775859)	(145, 0.0005596039794558186)	(150, 0.0008729822079510772)	(155, 0.0008282138895946117)	(160, 0.0015445069832980597)	(165, 0.0007386772528816807)	(170, 0.0006491406161687497)	(175, 0.0010296713221987063)	(180, 0.0012311287548028012)	(185, 0.0012087445956245684)	(190, 0.001589275301654525)	(195, 0.0007610614120599135)	(200, 0.0007834462727095893)	(205, 0.0014325906768341806)	(210, 0.0014549778373298963)	(215, 0.001275908211610944)	(220, 0.0020593762955043817)	(225, 0.001186535729837008)	(230, 0.0032034038992962877)	(235, 0.014958357861823377)	(240, 0.021242902939245297)	(245, 0.010139147732210625)	(250, 0.006036022985175527)
112023-BEL-CBC-T3-355-PSTR_S10_R2_16S	(1, 0.0)	(2, 0.0)	(3, 0.0)	(4, 0.0)	(5, 0.0)	(6, 0.0)	(7, 0.0)	(8, 0.0)	(9, 0.0)	(10, 0.0001979414093428345)	(15, 0.0)	(20, 0.0)	(25, 0.0)	(30, 0.0)	(35, 0.0)	(40, 0.0)	(45, 0.0)	(50, 0.0)	(55, 0.0)	(60, 0.0)	(65, 0.0)	(70, 0.000395882818685669)	(75, 0.0)	(80, 0.0001979414093428345)	(85, 0.0001979414093428345)	(90, 0.000395882818685669)	(95, 0.0)	(100, 0.0001979414093428345)	(105, 0.0)	(110, 0.0)	(115, 0.0)	(120, 0.000395882818685669)	(125, 0.0001979414093428345)	(130, 0.0005938242280285035)	(135, 0.0)	(140, 0.000395882818685669)	(145, 0.000395882818685669)	(150, 0.000395882818685669)	(155, 0.0005938242280285035)	(160, 0.0005938242280285035)	(165, 0.000395882818685669)	(170, 0.000395882818685669)	(175, 0.0005938242280285035)	(180, 0.0001979414093428345)	(185, 0.0005938242280285035)	(190, 0.0009897070467141727)	(195, 0.0001979414093428345)	(200, 0.0001979414093428345)	(205, 0.0009897070467141727)	(210, 0.000791765637371338)	(215, 0.0001979418011516254)	(220, 0.0005938312806565399)	(225, 0.0)	(230, 0.0008233061505085974)	(235, 0.0028968713789107765)	(240, 0.0028972910328842532)	(245, 0.0)	(250, 0.0)
112023-BEL-CBC-T4-399-MCAV_S9_R2_16S	(1, 0.0)	(2, 0.0)	(3, 0.0)	(4, 0.0)	(5, 0.0)	(6, 0.0)	(7, 0.0)	(8, 0.0)	(9, 0.0)	(10, 0.0001501169035386307)	(15, 0.0)	(20, 0.0)	(25, 0.0)	(30, 0.0)	(35, 0.0)	(40, 0.0001501169035386307)	(45, 0.0)	(50, 0.0)	(55, 0.0)	(60, 0.0)	(65, 0.0)	(70, 0.00022517535530794608)	(75, 0.0)	(80, 0.0)	(85, 0.0)	(90, 0.0001501169035386307)	(95, 0.0)	(100, 0.0001501169035386307)	(105, 0.0)	(110, 0.0)	(115, 0.0)	(120, 0.0001501169035386307)	(125, 0.0001501169035386307)	(130, 0.00045035071061589216)	(135, 0.0)	(140, 7.505845176931536e-05)	(145, 0.0)	(150, 0.0)	(155, 0.0001501169035386307)	(160, 0.0005254091623852074)	(165, 0.0)	(170, 0.0)	(175, 7.505845176931536e-05)	(180, 0.0001501169035386307)	(185, 0.00022517535530794608)	(190, 0.0006004676141545228)	(195, 0.0)	(200, 0.0)	(205, 0.00022517535530794608)	(210, 0.00022517535530794608)	(215, 7.50590151506622e-05)	(220, 0.000450356457135823)	(225, 0.0)	(230, 0.00016839864674847473)	(235, 0.0)	(240, 0.0019459796061337277)	(245, 0.0)	(250, 0.0)
112023-BEL-CBC-T4-401-MCAV_S53_R2_16S	(1, 0.0)	(2, 0.0)	(3, 0.0)	(4, 0.0)	(5, 0.0)	(6, 0.0)	(7, 0.0)	(8, 0.0)	(9, 0.0)	(10, 0.0001491919391595272)	(15, 0.0)	(20, 0.0)	(25, 0.0)	(30, 0.0)	(35, 0.0)	(40, 0.0)	(45, 0.0)	(50, 0.0)	(55, 0.0)	(60, 0.0)	(65, 0.0)	(70, 0.0005221717870583452)	(75, 0.0)	(80, 0.0)	(85, 0.0)	(90, 7.45959695797636e-05)	(95, 0.0)	(100, 0.00022378790873929082)	(105, 0.0)	(110, 0.0)	(115, 0.0)	(120, 0.0001491919391595272)	(125, 7.45959695797636e-05)	(130, 0.00044757581747858165)	(135, 0.0)	(140, 0.0)	(145, 0.0)	(150, 7.45959695797636e-05)	(155, 0.0001491919391595272)	(160, 0.0006713637262178724)	(165, 0.0)	(170, 0.0)	(175, 7.45959695797636e-05)	(180, 7.45959695797636e-05)	(185, 7.45959695797636e-05)	(190, 0.0011935355132762177)	(195, 0.0)	(200, 0.0)	(205, 0.0)	(210, 0.00022379124752430933)	(215, 0.0)	(220, 0.000895168328944522)	(225, 7.461032890471292e-05)	(230, 0.0)	(235, 0.0)	(240, 0.0009930486593843098)	(245, 0.0)	(250, 0.0)
122022-BEL-CBC-T3-123-PAST_S20_R2_16S	(1, 0.0)	(2, 0.0)	(3, 0.0)	(4, 0.0)	(5, 0.0)	(6, 0.0)	(7, 0.0)	(8, 0.0)	(9, 0.0)	(10, 0.00011833269236458303)	(15, 0.0)	(20, 0.0)	(25, 0.0)	(30, 0.0)	(35, 0.0)	(40, 0.0)	(45, 0.0)	(50, 0.0)	(55, 0.0)	(60, 0.0)	(65, 0.0)	(70, 0.00023666538472916606)	(75, 0.0)	(80, 0.0)	(85, 0.0)	(90, 0.0)	(95, 0.0)	(100, 0.0)	(105, 0.0)	(110, 0.0)	(115, 0.00023666538472916606)	(120, 0.0)	(125, 0.00023666538472916606)	(130, 0.00023666538472916606)	(135, 0.0)	(140, 0.0)	(145, 0.0)	(150, 0.0)	(155, 0.0)	(160, 0.00023666538472916606)	(165, 0.0)	(170, 0.0)	(175, 0.0)	(180, 0.0)	(185, 0.00023666538472916606)	(190, 0.00035499807709374906)	(195, 0.0)	(200, 0.0)	(205, 0.00011833269236458303)	(210, 0.0)	(215, 0.0)	(220, 0.00035500479848152614)	(225, 0.0)	(230, 0.0)	(235, 0.0)	(240, 0.0)	(245, 0.0)	(250, 0.0)
122022-BEL-CBC-T3-124-PAST_S64_R2_16S	(1, 0.0007514545341827274)	(2, 0.0)	(3, 0.0)	(4, 0.0)	(5, 0.0)	(6, 0.0)	(7, 0.0)	(8, 0.0)	(9, 0.0)	(10, 3.757272670913637e-05)	(15, 0.0)	(20, 0.0)	(25, 0.0)	(30, 0.00011271818012740911)	(35, 0.0)	(40, 3.757272670913637e-05)	(45, 0.0)	(50, 0.0)	(55, 0.0)	(60, 0.00011271818012740911)	(65, 0.0)	(70, 0.00018786363354568185)	(75, 0.0)	(80, 3.757272670913637e-05)	(85, 3.757272670913637e-05)	(90, 0.00033815454038222737)	(95, 0.0)	(100, 0.00011271818012740911)	(105, 3.757272670913637e-05)	(110, 7.514545341827274e-05)	(115, 0.0)	(120, 0.00045087272050963644)	(125, 0.00018786363354568185)	(130, 0.0004884454472187729)	(135, 7.514545341827274e-05)	(140, 0.0002630090869639546)	(145, 0.00018786363354568185)	(150, 0.00041329999380050007)	(155, 0.00015029090683654547)	(160, 0.0002630090869639546)	(165, 0.0002630090869639546)	(170, 7.514545341827274e-05)	(175, 0.00030058181367309094)	(180, 0.0005635909006370456)	(185, 0.00041329999380050007)	(190, 0.00041329999380050007)	(195, 0.0003757272670913637)	(200, 0.00015029090683654547)	(205, 0.00045087272050963644)	(210, 0.0006387385139786045)	(215, 0.00022543915547486505)	(220, 0.0002630150162787508)	(225, 7.515491306455431e-05)	(230, 0.0009053419702957299)	(235, 0.002758043719589695)	(240, 0.003677907270762936)	(245, 0.001838962089796519)	(250, 0.0)
122022-BEL-CBC-T3-126-SSID_S77_R2_16S	(1, 0.0)	(2, 0.0)	(3, 0.0)	(4, 0.0)	(5, 0.0)	(6, 0.0)	(7, 0.0)	(8, 0.0)	(9, 0.0)	(10, 0.00021433516447008847)	(15, 0.0)	(20, 0.0)	(25, 0.0)	(30, 0.0)	(35, 0.0)	(40, 4.286703289401769e-05)	(45, 0.0)	(50, 0.0)	(55, 0.0)	(60, 0.0)	(65, 0.0)	(70, 0.0008144736249863361)	(75, 0.0)	(80, 0.0)	(85, 0.0)	(90, 0.0)	(95, 8.573406578803538e-05)	(100, 0.00021433516447008847)	(105, 8.573406578803538e-05)	(110, 4.286703289401769e-05)	(115, 0.00017146813157607076)	(120, 0.0)	(125, 0.00042867032894017694)	(130, 0.00038580329604615926)	(135, 0.00012860109868205306)	(140, 4.286703289401769e-05)	(145, 0.00012860109868205306)	(150, 8.573406578803538e-05)	(155, 0.00021433516447008847)	(160, 0.0008144736249863361)	(165, 0.0002572021973641061)	(170, 0.00021433516447008847)	(175, 0.00021433516447008847)	(180, 0.0002572021973641061)	(185, 0.0004715373618341946)	(190, 0.0009430747236683892)	(195, 8.573406578803538e-05)	(200, 0.00012860109868205306)	(205, 0.00021433516447008847)	(210, 0.00025720263838466457)	(215, 0.0002572049537674096)	(220, 0.000814495621443012)	(225, 0.00017149672912863368)	(230, 0.00036762475805695606)	(235, 0.002143071450002143)	(240, 0.0)	(245, 0.002144818119423473)	(250, 0.0)
122022-BEL-CBC-T3-127-OFAV_S32_R2_16S	(1, 0.0003392095738510124)	(2, 0.0)	(3, 0.0)	(4, 0.0)	(5, 0.0)	(6, 0.0)	(7, 0.0)	(8, 0.0)	(9, 0.0)	(10, 0.00011306985795033745)	(15, 0.0)	(20, 0.0)	(25, 0.0)	(30, 2.2613971590067493e-05)	(35, 0.0)	(40, 4.5227943180134985e-05)	(45, 0.0)	(50, 0.0)	(55, 0.0)	(60, 9.045588636026997e-05)	(65, 0.0)	(70, 0.0002261397159006749)	(75, 4.5227943180134985e-05)	(80, 4.5227943180134985e-05)	(85, 6.784191477020247e-05)	(90, 0.0002713676590808099)	(95, 4.5227943180134985e-05)	(100, 0.0002487536874907424)	(105, 9.045588636026997e-05)	(110, 0.00011306985795033745)	(115, 2.2613971590067493e-05)	(120, 0.0005427353181616198)	(125, 0.0002713676590808099)	(130, 0.0008367169488324972)	(135, 0.00011306985795033745)	(140, 0.0002487536874907424)	(145, 0.00018091177272053994)	(150, 0.0003844375170311474)	(155, 0.00029398163067087735)	(160, 0.0006558051761119572)	(165, 0.0002487536874907424)	(170, 6.784191477020247e-05)	(175, 0.0004070514886212148)	(180, 0.0006105772329318222)	(185, 0.0005427353181616198)	(190, 0.0008141029772424296)	(195, 0.00029398163067087735)	(200, 0.0002713676590808099)	(205, 0.0005879632613417547)	(210, 0.0006105783375399166)	(215, 0.0004522805568659128)	(220, 0.0007462669690932404)	(225, 0.0002035475626197114)	(230, 0.0006896134663473934)	(235, 0.005424544584825083)	(240, 0.00986971969996052)	(245, 0.004441527293185217)	(250, 0.0)
122022-BEL-CBC-T3-141-PSTR_S80_R2_16S	(1, 0.0004663715053228535)	(2, 0.0)	(3, 0.0)	(4, 0.0)	(5, 0.0)	(6, 0.0)	(7, 0.0)	(8, 0.0)	(9, 0.0)	(10, 0.0001865486021291414)	(15, 0.0)	(20, 0.0)	(25, 0.0)	(30, 0.0)	(35, 0.0)	(40, 0.00012436573475276092)	(45, 0.0)	(50, 0.0)	(55, 0.0)	(60, 3.109143368819023e-05)	(65, 0.0)	(70, 0.0005285543726992339)	(75, 0.0)	(80, 0.0)	(85, 0.0)	(90, 0.00024873146950552184)	(95, 0.0)	(100, 0.00034200577057009253)	(105, 6.218286737638046e-05)	(110, 3.109143368819023e-05)	(115, 0.0)	(120, 0.00024873146950552184)	(125, 0.00015545716844095114)	(130, 0.0007461944085165656)	(135, 9.32743010645707e-05)	(140, 3.109143368819023e-05)	(145, 9.32743010645707e-05)	(150, 0.0001865486021291414)	(155, 0.0001865486021291414)	(160, 0.0005285543726992339)	(165, 0.00012436573475276092)	(170, 6.218286737638046e-05)	(175, 0.00027982290319371203)	(180, 0.0004352800716346632)	(185, 0.0003109143368819023)	(190, 0.000808377275892946)	(195, 0.0002176400358173316)	(200, 0.0)	(205, 0.0001865486021291414)	(210, 0.00040418888928271397)	(215, 0.00012436646943181001)	(220, 0.0006529347239391987)	(225, 0.0001243788829532522)	(230, 0.0004474319642412374)	(235, 0.006485575000270232)	(240, 0.009737625101433594)	(245, 0.004327833378414931)	(250, 0.0)
122022-BEL-CBC-T3-142-MCAV_S24_R2_16S	(1, 0.0)	(2, 0.0)	(3, 0.0)	(4, 0.0)	(5, 0.0)	(6, 0.0)	(7, 0.0)	(8, 0.0)	(9, 0.0)	(10, 0.0)	(15, 0.0)	(20, 0.0)	(25, 0.0)	(30, 0.0)	(35, 0.0)	(40, 0.0)	(45, 0.0)	(50, 0.0)	(55, 0.0)	(60, 0.0)	(65, 0.0)	(70, 0.0)	(75, 0.0)	(80, 0.0)	(85, 0.0)	(90, 0.0)	(95, 0.0)	(100, 0.0)	(105, 0.0)	(110, 0.0)	(115, 0.0)	(120, 0.0)	(125, 0.0)	(130, 0.0)	(135, 0.0)	(140, 0.0)	(145, 0.0)	(150, 0.0)	(155, 0.0)	(160, 0.0)	(165, 0.0)	(170, 0.0)	(175, 0.0)	(180, 0.0)	(185, 0.0)	(190, 0.0)	(195, 0.0)	(200, 0.0)	(205, 0.0)	(210, 0.0005124394680878321)	(215, 0.0)	(220, 0.0)	(225, 0.0)	(230, 0.0)	(235, 0.0)	(240, 0.0006396929473852551)	(245, 0.0)	(250, 0.0)
122023-BEL-CBC-T1-507-PAST_S51_R2_16S	(1, 0.0)	(2, 0.0)	(3, 0.0)	(4, 0.0)	(5, 0.0)	(6, 0.0)	(7, 0.0)	(8, 0.0)	(9, 0.0)	(10, 3.72881798334337e-05)	(15, 0.0)	(20, 0.0)	(25, 0.0)	(30, 0.0)	(35, 0.0)	(40, 3.72881798334337e-05)	(45, 0.0)	(50, 0.0)	(55, 0.0)	(60, 0.0)	(65, 0.0)	(70, 0.0001864408991671685)	(75, 0.0)	(80, 0.0)	(85, 0.0)	(90, 3.72881798334337e-05)	(95, 0.0)	(100, 0.0002237290790006022)	(105, 0.0)	(110, 0.0)	(115, 0.0)	(120, 0.0001118645395003011)	(125, 7.45763596668674e-05)	(130, 0.0004101699781677707)	(135, 0.0)	(140, 7.45763596668674e-05)	(145, 3.72881798334337e-05)	(150, 0.0001118645395003011)	(155, 7.45763596668674e-05)	(160, 0.0004474581580012044)	(165, 0.0)	(170, 0.0)	(175, 3.72881798334337e-05)	(180, 0.0001491527193337348)	(185, 0.0001864408991671685)	(190, 0.0005593226975015056)	(195, 0.0)	(200, 0.0)	(205, 0.0002237294961238865)	(210, 0.00011186558231628875)	(215, 0.00011186558231628875)	(220, 0.00048475212200241405)	(225, 0.0)	(230, 8.480052372803455e-05)	(235, 0.0)	(240, 0.001126690740292151)	(245, 0.0)	(250, 0.0)
122023-BEL-CBC-T1-508-SSID_S75_R2_16S	(1, 0.0002355818046037396)	(2, 0.0)	(3, 0.0)	(4, 0.0)	(5, 0.0)	(6, 0.0)	(7, 0.0)	(8, 0.0)	(9, 0.0)	(10, 9.423272184149585e-05)	(15, 0.0)	(20, 0.0)	(25, 0.0)	(30, 4.7116360920747926e-05)	(35, 0.0)	(40, 9.423272184149585e-05)	(45, 0.0)	(50, 0.0)	(55, 0.0)	(60, 4.7116360920747926e-05)	(65, 0.0)	(70, 0.0002826981655244875)	(75, 0.0)	(80, 0.0)	(85, 0.0)	(90, 9.423272184149585e-05)	(95, 4.7116360920747926e-05)	(100, 0.0001884654436829917)	(105, 9.423272184149585e-05)	(110, 4.7116360920747926e-05)	(115, 9.423272184149585e-05)	(120, 9.423272184149585e-05)	(125, 0.0001884654436829917)	(130, 0.0004711636092074792)	(135, 9.423272184149585e-05)	(140, 0.0)	(145, 0.00014134908276224376)	(150, 0.0001884654436829917)	(155, 0.00014134908276224376)	(160, 0.000565396331048975)	(165, 0.0001884654436829917)	(170, 0.0001884654436829917)	(175, 0.00014134908276224376)	(180, 0.0003769308873659834)	(185, 0.0003298145264452355)	(190, 0.000659629052890471)	(195, 9.423272184149585e-05)	(200, 9.423272184149585e-05)	(205, 0.0001884654436829917)	(210, 0.0003298145264452355)	(215, 0.00018846579887589574)	(220, 0.0008009864383572617)	(225, 9.42430235423785e-05)	(230, 0.0)	(235, 0.0)	(240, 0.0018212779907661207)	(245, 0.0)	(250, 0.0)
122023-BEL-CBC-T2-513-SSID_S45_R2_16S	(1, 0.0)	(2, 0.0)	(3, 0.0)	(4, 0.0)	(5, 0.0)	(6, 0.0)	(7, 0.0)	(8, 0.0)	(9, 0.0)	(10, 0.00045673223311613176)	(15, 0.0)	(20, 0.0)	(25, 0.0)	(30, 0.0)	(35, 0.0)	(40, 0.0003044881554107545)	(45, 0.0)	(50, 0.0)	(55, 0.0)	(60, 0.0)	(65, 0.0)	(70, 0.0010657085439376409)	(75, 0.0)	(80, 0.0)	(85, 0.0)	(90, 0.0003044881554107545)	(95, 0.00015224407770537726)	(100, 0.000608976310821509)	(105, 0.0003044881554107545)	(110, 0.0)	(115, 0.0003044881554107545)	(120, 0.00015224407770537726)	(125, 0.0003044881554107545)	(130, 0.0009134644662322635)	(135, 0.0)	(140, 0.00015224407770537726)	(145, 0.00015224407770537726)	(150, 0.0003044881554107545)	(155, 0.00015224407770537726)	(160, 0.0016746848547591498)	(165, 0.00015224407770537726)	(170, 0.0003044881554107545)	(175, 0.000608976310821509)	(180, 0.000608976310821509)	(185, 0.0007612203885268863)	(190, 0.0019791730101699043)	(195, 0.00015224407770537726)	(200, 0.000608976310821509)	(205, 0.00015224407770537726)	(210, 0.0007612273420681634)	(215, 0.00030449279113316995)	(220, 0.0018269706542838654)	(225, 0.00015243135634945195)	(230, 0.0)	(235, 0.0)	(240, 0.0)	(245, 0.0)	(250, 0.0)
122023-BEL-CBC-T2-515-PAST_S73_R2_16S	(1, 0.0)	(2, 0.0)	(3, 0.0)	(4, 0.0)	(5, 0.0)	(6, 0.0)	(7, 0.0)	(8, 0.0)	(9, 0.0)	(10, 5.573654450145054e-05)	(15, 0.0)	(20, 0.0)	(25, 0.0)	(30, 0.0)	(35, 0.0)	(40, 0.00011147308900290109)	(45, 0.0)	(50, 0.0)	(55, 0.0)	(60, 0.0)	(65, 0.0)	(70, 0.00027868272250725274)	(75, 0.0)	(80, 0.0)	(85, 0.0)	(90, 5.573654450145054e-05)	(95, 0.0)	(100, 0.00022294617800580217)	(105, 0.0)	(110, 0.0)	(115, 0.00027868272250725274)	(120, 5.573654450145054e-05)	(125, 0.0003901558115101538)	(130, 0.0003901558115101538)	(135, 5.573654450145054e-05)	(140, 0.0)	(145, 0.0)	(150, 5.573654450145054e-05)	(155, 5.573654450145054e-05)	(160, 0.000613101989515956)	(165, 5.573654450145054e-05)	(170, 5.573654450145054e-05)	(175, 0.0)	(180, 5.573654450145054e-05)	(185, 0.0003901558115101538)	(190, 0.000613101989515956)	(195, 0.0)	(200, 0.0)	(205, 0.00011147339966000613)	(210, 0.0003901577686542789)	(215, 0.00016721317506048937)	(220, 0.0006131300119894787)	(225, 0.0)	(230, 0.0)	(235, 0.0)	(240, 0.0011431706982486624)	(245, 0.0)	(250, 0.0)
122023-BEL-CBC-T2-518-MCAV_S27_R2_16S	(1, 0.0)	(2, 0.0)	(3, 0.0)	(4, 0.0)	(5, 0.0)	(6, 0.0)	(7, 0.0)	(8, 0.0)	(9, 0.0)	(10, 0.00010186203805565743)	(15, 0.0)	(20, 0.0)	(25, 0.0)	(30, 0.0)	(35, 0.0)	(40, 0.0)	(45, 0.0)	(50, 0.0)	(55, 0.0)	(60, 0.0)	(65, 0.0)	(70, 0.00020372407611131486)	(75, 0.0)	(80, 0.0)	(85, 0.0)	(90, 0.0)	(95, 0.0)	(100, 0.00020372407611131486)	(105, 0.0)	(110, 0.0)	(115, 0.0)	(120, 0.00020372407611131486)	(125, 0.0)	(130, 0.0004074481522226297)	(135, 0.0)	(140, 0.00010186203805565743)	(145, 0.0)	(150, 0.00030558611416697226)	(155, 0.00030558611416697226)	(160, 0.0004074481522226297)	(165, 0.0)	(170, 0.00010186203805565743)	(175, 0.00030558611416697226)	(180, 0.00010186203805565743)	(185, 0.00020372407611131486)	(190, 0.0007130342663896019)	(195, 0.0)	(200, 0.00030558611416697226)	(205, 0.0007130364453299678)	(210, 0.0005093127842601977)	(215, 0.00040745147252962174)	(220, 0.0005093153782685314)	(225, 0.00040762835707428826)	(230, 0.0007058458150401626)	(235, 0.0027773148919624504)	(240, 0.002777392028884877)	(245, 0.0)	(250, 0.0023153507756425097)
122023-BEL-CBC-T2-522-MCAV_S88_R2_16S	(1, 0.0)	(2, 0.0)	(3, 0.0)	(4, 0.0)	(5, 0.0)	(6, 0.0)	(7, 0.0)	(8, 0.0)	(9, 0.0)	(10, 0.0003144064987823298)	(15, 0.0)	(20, 0.0)	(25, 0.0)	(30, 0.0)	(35, 0.0)	(40, 7.860162469558246e-05)	(45, 0.0)	(50, 0.0)	(55, 0.0)	(60, 0.0)	(65, 0.0)	(70, 0.000524010831303883)	(75, 0.0)	(80, 0.0)	(85, 0.0)	(90, 0.0)	(95, 0.0)	(100, 0.00018340379095635906)	(105, 0.0)	(110, 0.0)	(115, 2.6200541565194152e-05)	(120, 0.0)	(125, 2.6200541565194152e-05)	(130, 0.00041920866504310643)	(135, 0.0)	(140, 0.0)	(145, 0.0)	(150, 0.0)	(155, 0.0)	(160, 0.0003668075819127181)	(165, 0.0)	(170, 0.0)	(175, 0.0)	(180, 5.2401083130388304e-05)	(185, 5.2401083130388304e-05)	(190, 0.0007074146222602422)	(195, 0.0)	(200, 0.0)	(205, 0.0002096056505491275)	(210, 0.0)	(215, 0.0)	(220, 0.00047161790355885493)	(225, 0.0)	(230, 0.0)	(235, 0.0)	(240, 0.0)	(245, 0.0)	(250, 0.0)
122023-BEL-CBC-T3-524-OFAV_S39_R2_16S	(1, 0.0)	(2, 0.0)	(3, 0.0)	(4, 0.0)	(5, 0.0)	(6, 0.0)	(7, 0.0)	(8, 0.0)	(9, 0.0)	(10, 0.00012462669113227088)	(15, 0.0)	(20, 0.0)	(25, 0.0)	(30, 0.0)	(35, 0.0)	(40, 8.308459881562903e-05)	(45, 0.0)	(50, 0.0)	(55, 0.0)	(60, 0.0)	(65, 0.0)	(70, 0.0002077114970390726)	(75, 0.0)	(80, 0.0)	(85, 0.0)	(90, 4.154229940781452e-05)	(95, 0.0)	(100, 0.00029079609585470163)	(105, 0.0)	(110, 0.00016616919763125807)	(115, 0.00016616919763125807)	(120, 0.0003738806946703307)	(125, 0.0003738806946703307)	(130, 0.0004569652934859597)	(135, 0.0005815921917094033)	(140, 0.00033233839526251613)	(145, 0.000872388287564105)	(150, 0.0008308459881562904)	(155, 0.0)	(160, 0.0010385574851953631)	(165, 0.00012462689822344356)	(170, 0.0006231344911172178)	(175, 0.000789303688748476)	(180, 0.0013293535810500645)	(185, 0.0004154229940781452)	(190, 0.0010800997846031775)	(195, 0.0005400498923015888)	(200, 0.0003738806946703307)	(205, 0.0009554740771574397)	(210, 0.000997018085077215)	(215, 0.0002908003240346468)	(220, 0.0009139564051103457)	(225, 0.0009155009288173059)	(230, 0.0009414307676520622)	(235, 0.007709069977797879)	(240, 0.013886103096600991)	(245, 0.002057486163405551)	(250, 0.010290183165260341)
122023-BEL-CBC-T3-525-PAST_S29_R2_16S	(1, 0.0001563804799629691)	(2, 0.0)	(3, 0.0)	(4, 0.0)	(5, 0.0)	(6, 0.0)	(7, 0.0)	(8, 0.0)	(9, 0.0)	(10, 9.382828797778146e-05)	(15, 0.0)	(20, 0.0)	(25, 0.0)	(30, 3.127609599259382e-05)	(35, 0.0)	(40, 0.0)	(45, 0.0)	(50, 0.0)	(55, 0.0)	(60, 9.382828797778146e-05)	(65, 0.0)	(70, 0.0001876565759555629)	(75, 6.255219198518764e-05)	(80, 6.255219198518764e-05)	(85, 0.00012510438397037528)	(90, 9.382828797778146e-05)	(95, 0.00021893267194815675)	(100, 0.0001563804799629691)	(105, 0.0001563804799629691)	(110, 0.00021893267194815675)	(115, 0.0003127609599259382)	(120, 0.0003127609599259382)	(125, 0.0005004175358815011)	(130, 0.0005316936318740949)	(135, 0.0002814848639333444)	(140, 0.0005004175358815011)	(145, 0.00040658924790371964)	(150, 0.0005942458238592826)	(155, 0.0005316936318740949)	(160, 0.0005629697278666888)	(165, 0.000688074111837064)	(170, 0.0005629697278666888)	(175, 0.0006567980158444703)	(180, 0.0005942458238592826)	(185, 0.0009382828797778146)	(190, 0.0011572155517259714)	(195, 0.0007506270081227225)	(200, 0.000656799042949966)	(205, 0.0008131802761247455)	(210, 0.0005316961262809576)	(215, 0.0007819090026813223)	(220, 0.0012197879633200376)	(225, 0.0005318037406449466)	(230, 0.0027817925629380564)	(235, 0.009620430295609585)	(240, 0.006562598438976585)	(245, 0.0065632014421541296)	(250, 0.0)
122023-BEL-CBC-T3-526-SSID_S11_R2_16S	(1, 0.0)	(2, 0.0)	(3, 0.0)	(4, 0.0)	(5, 0.0)	(6, 0.0)	(7, 0.0)	(8, 0.0)	(9, 0.0)	(10, 0.0)	(15, 0.0)	(20, 0.0)	(25, 0.0)	(30, 0.0)	(35, 0.0)	(40, 0.00011289166351510773)	(45, 0.0)	(50, 0.0)	(55, 0.0)	(60, 0.00011289166351510773)	(65, 0.00011289166351510773)	(70, 0.00011289166351510773)	(75, 0.0)	(80, 0.0)	(85, 0.0)	(90, 0.00011289166351510773)	(95, 0.0)	(100, 0.0004515666540604309)	(105, 0.00011289166351510773)	(110, 0.0)	(115, 0.0)	(120, 0.0004515666540604309)	(125, 0.0003386749905453232)	(130, 0.0011289166351510773)	(135, 0.00022578332703021545)	(140, 0.0)	(145, 0.0)	(150, 0.00022578332703021545)	(155, 0.0003386749905453232)	(160, 0.0005644583175755387)	(165, 0.0004515666540604309)	(170, 0.00022578332703021545)	(175, 0.00022578332703021545)	(180, 0.00022578332703021545)	(185, 0.0005644583175755387)	(190, 0.0005644583175755387)	(195, 0.00011289166351510773)	(200, 0.0)	(205, 0.00022578332703021545)	(210, 0.0004515666540604309)	(215, 0.0004515666540604309)	(220, 0.0006773522751134)	(225, 0.00022584987307237134)	(230, 0.0)	(235, 0.0)	(240, 0.0016121231662098985)	(245, 0.0)	(250, 0.0)
122023-BEL-CBC-T3-531-PSTR_S28_R2_16S	(1, 0.0)	(2, 0.0)	(3, 0.0)	(4, 0.0)	(5, 0.0)	(6, 0.0)	(7, 0.0)	(8, 0.0)	(9, 0.0)	(10, 0.00029520149962361807)	(15, 0.0)	(20, 0.0)	(25, 0.0)	(30, 0.0)	(35, 0.0)	(40, 0.00019680099974907873)	(45, 0.0)	(50, 0.0)	(55, 0.0)	(60, 0.0)	(65, 0.0)	(70, 0.0005904029992472361)	(75, 0.0)	(80, 0.0)	(85, 0.0)	(90, 0.0)	(95, 9.840049987453936e-05)	(100, 0.00039360199949815746)	(105, 9.840049987453936e-05)	(110, 0.0)	(115, 0.00029520149962361807)	(120, 0.0)	(125, 0.0005904029992472361)	(130, 0.00039360199949815746)	(135, 0.00019680099974907873)	(140, 9.840049987453936e-05)	(145, 0.00029520149962361807)	(150, 0.00039360199949815746)	(155, 0.00019680099974907873)	(160, 0.0008856044988708541)	(165, 0.00029520149962361807)	(170, 0.0005904029992472361)	(175, 0.00039360199949815746)	(180, 0.0004920024993726968)	(185, 0.0006888034991217756)	(190, 0.0011808059984944723)	(195, 0.0005904029992472361)	(200, 0.00029520149962361807)	(205, 0.0006888034991217756)	(210, 0.0008856044988708541)	(215, 0.0003936035487295953)	(220, 0.0011808350471842004)	(225, 0.000492274732620979)	(230, 0.001236323174877913)	(235, 0.0026707618348133805)	(240, 0.0033388312755003235)	(245, 0.0)	(250, 0.0016701740321341484)
122023-BEL-CBC-T3-532-MCAV_S52_R2_16S	(1, 0.0)	(2, 0.0)	(3, 0.0)	(4, 0.0)	(5, 0.0)	(6, 0.0)	(7, 0.0)	(8, 0.0)	(9, 0.0)	(10, 0.00014473796096779038)	(15, 0.0)	(20, 0.0)	(25, 0.0)	(30, 0.0)	(35, 0.0)	(40, 3.6184490241947594e-05)	(45, 0.0)	(50, 0.0)	(55, 0.0)	(60, 0.0)	(65, 0.0)	(70, 0.00039802939266142355)	(75, 0.0)	(80, 0.0)	(85, 0.0)	(90, 3.6184490241947594e-05)	(95, 0.0)	(100, 0.00014473796096779038)	(105, 0.0)	(110, 0.0)	(115, 0.0)	(120, 7.236898048389519e-05)	(125, 0.00010855347072584279)	(130, 0.00036184490241947595)	(135, 0.0)	(140, 0.0)	(145, 3.6184490241947594e-05)	(150, 3.6184490241947594e-05)	(155, 0.0)	(160, 0.0005427673536292139)	(165, 0.0)	(170, 0.0)	(175, 0.0)	(180, 0.00014473796096779038)	(185, 7.236898048389519e-05)	(190, 0.0007598742950808994)	(195, 3.6184490241947594e-05)	(200, 0.0)	(205, 0.00010855347072584279)	(210, 0.00018092251667562836)	(215, 0.0)	(220, 0.0005789673466035061)	(225, 3.618924368823401e-05)	(230, 0.0)	(235, 0.0007772846338600732)	(240, 0.0031108553296728936)	(245, 0.0)	(250, 0.0019446929329858815)
122023-BEL-CBC-T4-539-MCAV_S44_R2_16S	(1, 0.0)	(2, 0.0)	(3, 0.0)	(4, 0.0)	(5, 0.0)	(6, 0.0)	(7, 0.0)	(8, 0.0)	(9, 0.0)	(10, 0.0)	(15, 0.0)	(20, 0.0)	(25, 0.0)	(30, 0.0)	(35, 0.0)	(40, 0.0)	(45, 0.0)	(50, 0.0)	(55, 0.0)	(60, 7.543810680527161e-05)	(65, 7.543810680527161e-05)	(70, 0.00030175242722108644)	(75, 0.0)	(80, 0.0)	(85, 0.0)	(90, 7.543810680527161e-05)	(95, 7.543810680527161e-05)	(100, 0.00045262864083162963)	(105, 0.00015087621361054322)	(110, 0.0)	(115, 0.00030175242722108644)	(120, 0.00030175242722108644)	(125, 0.00045262864083162963)	(130, 0.0008298191748579879)	(135, 0.0)	(140, 7.543810680527161e-05)	(145, 0.0)	(150, 0.00022631432041581481)	(155, 7.543810680527161e-05)	(160, 0.0009052572816632593)	(165, 0.00015087621361054322)	(170, 0.00015087621361054322)	(175, 0.00015087621361054322)	(180, 0.00030175242722108644)	(185, 0.0005280667476369013)	(190, 0.0009052572816632593)	(195, 7.543810680527161e-05)	(200, 0.0)	(205, 7.543873281034175e-05)	(210, 0.0003017567523731283)	(215, 0.00015088008352721424)	(220, 0.0009052975750850036)	(225, 0.0)	(230, 0.0)	(235, 0.0)	(240, 0.00125)	(245, 0.0)	(250, 0.0)
Negative_S96_R2_16S	(1, 0.0)	(2, 0.0)	(3, 0.0)	(4, 0.0)	(5, 0.0)	(6, 0.0)	(7, 0.0)	(8, 0.0)	(9, 0.0)	(10, 0.0)	(15, 0.0)	(20, 0.0)	(25, 0.0)	(30, 0.0)	(35, 0.0)	(40, 0.0)	(45, 0.0)	(50, 0.0)	(55, 0.0)	(60, 0.0)	(65, 0.0)	(70, 0.0)	(75, 0.0)	(80, 0.0)	(85, 0.0)	(90, 0.009694619486185167)	(95, 0.0)	(100, 0.0)	(105, 0.0)	(110, 0.0)	(115, 0.0)	(120, 0.0)	(125, 0.0)	(130, 0.0)	(135, 0.0)	(140, 0.0)	(145, 0.0)	(150, 0.0)	(155, 0.0)	(160, 0.0)	(165, 0.0)	(170, 0.0)	(175, 0.0)	(180, 0.009694619486185167)	(185, 0.0)	(190, 0.0)	(195, 0.0)	(200, 0.0)	(205, 0.0)	(210, 0.009694619486185167)	(215, 0.0)	(220, 0.0)	(225, 0.0)	(230, 0.0)	(235, 0.0)	(240, 0.07662835249042146)	(245, 0.0)	(250, 0.0)
Undetermined_S0_R2_16S	(1, 0.735487099234956)	(2, 0.6777224796352121)	(3, 0.7420178125973476)	(4, 0.64286134774301)	(5, 0.6771705883651509)	(6, 0.6916424038912015)	(7, 0.7074019657140614)	(8, 0.7235601156764102)	(9, 0.7306733809349774)	(10, 0.7671595260112488)	(15, 0.8224651633966087)	(20, 0.8588777229702053)	(25, 0.8957317955598507)	(30, 0.9130795778154427)	(35, 0.8899614657250994)	(40, 0.9605238306650412)	(45, 0.9816125102751455)	(50, 1.003534864668554)	(55, 1.0230718216188754)	(60, 1.0273275178283932)	(65, 0.963737359769751)	(70, 1.0368139184568133)	(75, 1.091150696716951)	(80, 1.1135452248972946)	(85, 1.1521224365025904)	(90, 1.1442671816835817)	(95, 1.0822223196549086)	(100, 1.1479280615641032)	(105, 1.1835189272702131)	(110, 1.2319811277656276)	(115, 1.24693738576997)	(120, 1.2389226956462818)	(125, 1.1649140536395552)	(130, 1.2374387208873432)	(135, 1.2635922429818571)	(140, 1.2694790850007864)	(145, 1.2771626402609098)	(150, 1.2517204449103498)	(155, 1.1873760352180325)	(160, 1.2441534000651846)	(165, 1.2602747622191064)	(170, 1.3016236952749816)	(175, 1.3263300353731753)	(180, 1.3072838089197074)	(185, 1.2289828944262013)	(190, 1.2821484527105542)	(195, 1.3105402099027752)	(200, 1.314409663892471)	(205, 1.3125091866996763)	(210, 1.3024720054154126)	(215, 1.233646641000776)	(220, 1.3099721440132317)	(225, 1.3608017339805722)	(230, 1.9526311743465423)	(235, 2.310428438899099)	(240, 2.258889025275928)	(245, 2.4573072900765838)	(250, 4.289336886069949)
