Sample	0	1	2	3	4	5	6	7	8	9	10	11	12	13	14	15	16	17	18	19	20	21	22	23	24	25	26	27	28	29	30	31	32	33	34	35	36	37	38	39	40	41	42	43	44	45	46	47	48	49	50	51	52	53	54	55	56	57
012024-BEL-CBC-T1-559-MCAV_S19_R2_16S	(1, 39.40332750197806)	(2, 39.088859691785046)	(3, 39.43729067007353)	(4, 39.64912275607755)	(5, 39.440326362323155)	(6, 39.4376928158187)	(7, 39.64491837312447)	(8, 39.244909662386306)	(9, 39.331622157214305)	(10, 39.566081547027096)	(15, 39.63197537764679)	(20, 39.38516648398313)	(25, 39.65245664593027)	(30, 39.482182330267634)	(35, 39.58860461233586)	(40, 39.60682108869709)	(45, 39.67571547825582)	(50, 39.484640210219155)	(55, 39.63478778464152)	(60, 39.52358098445859)	(65, 39.49312504990527)	(70, 39.49734540254499)	(75, 39.34847888734838)	(80, 39.49551818003644)	(85, 39.56233651033311)	(90, 39.75826946668506)	(95, 39.60744564862334)	(100, 39.1217392440531)	(105, 39.27518383286996)	(110, 39.37202343188566)	(115, 39.243936382575626)	(120, 39.35001749406581)	(125, 39.33782855815507)	(130, 39.35181045433758)	(135, 39.13316337715319)	(140, 39.51288768229034)	(145, 39.04614774863713)	(150, 39.11428865934481)	(155, 39.3689732217391)	(160, 39.444033652485096)	(165, 39.60570379134878)	(170, 39.15219808218582)	(175, 39.35138014387236)	(180, 39.11658771350382)	(185, 39.25297929022002)	(190, 39.17768889598652)	(195, 38.71659787603168)	(200, 39.15632697207483)	(205, 38.95767655577413)	(210, 38.56056939191789)	(215, 37.97516249156148)	(220, 38.44527986875821)	(225, 38.831416728972634)	(230, 38.7303962659969)	(235, 39.00142420568957)	(240, 38.60528335305347)	(245, 38.089826874079016)	(250, 38.31079841174208)
012024-BEL-CBC-T2-591-PAST_S16_R2_16S	(1, 38.90641034313816)	(2, 38.46551091486426)	(3, 38.95527662810744)	(4, 39.19309336826418)	(5, 38.70113422751378)	(6, 39.03284196457307)	(7, 39.369600734695716)	(8, 38.74303894256295)	(9, 38.78206965259798)	(10, 39.26867601025786)	(15, 39.38847569087842)	(20, 38.904394029777315)	(25, 39.270902236681074)	(30, 37.91534558782833)	(35, 38.54650947786176)	(40, 39.20888522634327)	(45, 38.96333450179472)	(50, 39.0342367384758)	(55, 38.91859022059322)	(60, 39.111387578640525)	(65, 38.81068834675014)	(70, 39.01542861008444)	(75, 38.78124926971164)	(80, 39.1304503086173)	(85, 38.4482779544136)	(90, 39.29198742981545)	(95, 38.69422021602186)	(100, 39.1166595944004)	(105, 38.95318856711786)	(110, 39.2797624538509)	(115, 38.62386285133276)	(120, 38.54311602001554)	(125, 38.895895010669896)	(130, 38.64453108824753)	(135, 38.3992357852573)	(140, 38.492451534476785)	(145, 38.01773683379764)	(150, 38.32892228911834)	(155, 38.464761459633756)	(160, 38.369893875007435)	(165, 38.687411571047576)	(170, 38.09669653417954)	(175, 38.71110017813911)	(180, 38.013826383038044)	(185, 38.70835572884316)	(190, 37.85447694953682)	(195, 38.54395608225148)	(200, 38.053007558100205)	(205, 37.75305450154872)	(210, 38.06266560890163)	(215, 37.811832618931945)	(220, 37.94828225927133)	(225, 37.97565787450725)	(230, 37.95191227929917)	(235, 36.97356858355831)	(240, 37.66267462860352)	(245, 37.788593766976)	(250, 37.88751304269394)
012024-BEL-CBC-T2-595-PAST_S86_R2_16S	(1, 39.15033851072126)	(2, 38.740980977878685)	(3, 39.03613167178566)	(4, 39.31330369452092)	(5, 39.2173197564104)	(6, 38.903513285672055)	(7, 39.04743024085255)	(8, 39.49033482201133)	(9, 39.191764912957396)	(10, 39.37656827018874)	(15, 39.36422069265214)	(20, 39.42632475638092)	(25, 39.58069507759345)	(30, 37.26988875760375)	(35, 37.56132177088395)	(40, 39.363800280779884)	(45, 39.174300976834395)	(50, 39.33368693295559)	(55, 39.05562288246574)	(60, 39.302687957877964)	(65, 38.90184982908136)	(70, 39.15381364603712)	(75, 38.97540506330181)	(80, 39.08613541944759)	(85, 38.96207551412447)	(90, 39.08516961749426)	(95, 38.96701299554407)	(100, 39.269768495553755)	(105, 39.03890073075197)	(110, 39.303241432802736)	(115, 39.06254889856638)	(120, 39.1760846954751)	(125, 39.00735097569747)	(130, 38.80825833096824)	(135, 38.76652908396195)	(140, 39.147206644394046)	(145, 38.603273182657674)	(150, 39.147432346280596)	(155, 38.91518207320657)	(160, 38.848360840048954)	(165, 38.81926416131958)	(170, 38.47250892069864)	(175, 38.93101354463971)	(180, 38.650441171392785)	(185, 39.1299310177555)	(190, 38.62058687543529)	(195, 38.86701392193241)	(200, 37.73581897361225)	(205, 38.43381822744855)	(210, 38.854109837654654)	(215, 38.06206970314307)	(220, 38.81291856962272)	(225, 38.52917020027674)	(230, 38.29619431248089)	(235, 38.49339240883707)	(240, 36.57132289097167)	(245, 38.16851643960327)	(250, 37.398684696991005)
012024-BEL-CBC-T2-599-MCAV_S81_R2_16S	(1, 39.34565709626239)	(2, 39.18852452859478)	(3, 39.57891222719925)	(4, 39.428596705150255)	(5, 39.43462922299201)	(6, 39.5260183629576)	(7, 39.35262437060425)	(8, 39.19007021523603)	(9, 39.064762767980916)	(10, 39.58503221154207)	(15, 39.52550758529862)	(20, 39.47000975652097)	(25, 39.66490181301031)	(30, 39.54043531276369)	(35, 39.48942464902815)	(40, 39.60397171360062)	(45, 39.58012941369903)	(50, 39.45800681537641)	(55, 39.60643212624554)	(60, 39.46379663036974)	(65, 39.488643459667344)	(70, 39.41385092136111)	(75, 39.39139072571323)	(80, 39.498343227563964)	(85, 39.42845816088328)	(90, 39.62072689002339)	(95, 39.26433127770364)	(100, 39.2313093351294)	(105, 39.19485283010049)	(110, 39.251384232493976)	(115, 39.27253376599206)	(120, 39.288115489165584)	(125, 39.28143331555627)	(130, 39.21526557517153)	(135, 38.943146941218004)	(140, 39.43261148431821)	(145, 38.9766506172314)	(150, 38.94442622225672)	(155, 39.28203823654847)	(160, 39.34218080360682)	(165, 39.46905630489086)	(170, 39.07899710642787)	(175, 39.22712830284108)	(180, 38.92979060619793)	(185, 39.09515370484897)	(190, 38.73373477786597)	(195, 39.17234022132029)	(200, 39.09774631877033)	(205, 38.75973870217406)	(210, 38.89830633806638)	(215, 38.051826906465095)	(220, 38.49316117121651)	(225, 38.94587075489099)	(230, 38.636846598946896)	(235, 38.77713552216583)	(240, 38.49930719520469)	(245, 37.5326948612596)	(250, 36.6794728307181)
012024-BEL-CBC-T4-665-MCAV_S24_R2_16S	(1, 39.35171777450488)	(2, 39.04192284231896)	(3, 39.40193559906657)	(4, 39.60868160664837)	(5, 39.40377273585792)	(6, 39.33029964939586)	(7, 39.62232183127447)	(8, 39.191308898037875)	(9, 39.16860271297627)	(10, 39.53449513313565)	(15, 39.62070184818025)	(20, 39.305560641511654)	(25, 39.55664315888447)	(30, 39.44675884689736)	(35, 39.55483863643166)	(40, 39.6079550087264)	(45, 39.54741701663434)	(50, 39.42686946730258)	(55, 39.599966559982)	(60, 39.476635645201405)	(65, 39.43308270521489)	(70, 39.47574019583052)	(75, 39.31790909062761)	(80, 39.4648432911996)	(85, 39.484948173132594)	(90, 39.708040569760115)	(95, 39.52755323310273)	(100, 39.105271447281915)	(105, 39.271583106185474)	(110, 39.36857773617271)	(115, 39.21327321010755)	(120, 39.31943205638565)	(125, 39.24060485148607)	(130, 39.31980774053849)	(135, 39.02074911832916)	(140, 39.450874446149705)	(145, 38.95731010146568)	(150, 39.0656896126428)	(155, 39.308488500865415)	(160, 39.374703452062604)	(165, 39.516809492011035)	(170, 39.0846414332144)	(175, 39.27444614970188)	(180, 39.109728464989644)	(185, 39.18935699180203)	(190, 39.1372933608147)	(195, 38.69610516679241)	(200, 39.09891784386195)	(205, 38.94091417165256)	(210, 38.70736949878161)	(215, 37.804883274727295)	(220, 38.65989747125345)	(225, 38.83761217629495)	(230, 38.672585274626144)	(235, 38.87863853714371)	(240, 38.38410690897606)	(245, 38.6200068324975)	(250, 38.08035099633708)
012024-BEL-CBC-T4-669-MCAV_S23_R2_16S	(1, 39.367831758937704)	(2, 39.04707857755232)	(3, 39.408545590309465)	(4, 39.62289096174436)	(5, 39.397394839459054)	(6, 39.362532939833194)	(7, 39.61878528562342)	(8, 39.20570496181547)	(9, 39.21589171634803)	(10, 39.532124861227985)	(15, 39.61170291529869)	(20, 39.33485518325807)	(25, 39.55297373110034)	(30, 39.45094657326965)	(35, 39.547586097908834)	(40, 39.59543002532466)	(45, 39.52741866281068)	(50, 39.42092772793179)	(55, 39.60184802835097)	(60, 39.49020556036236)	(65, 39.43144255727678)	(70, 39.4612872511487)	(75, 39.3062700058867)	(80, 39.45975023013436)	(85, 39.47240797588429)	(90, 39.70940568046682)	(95, 39.500122079861555)	(100, 39.10021563491405)	(105, 39.25043565522118)	(110, 39.36027782057816)	(115, 39.20794901881768)	(120, 39.32846562602474)	(125, 39.22182203205683)	(130, 39.31255779039402)	(135, 39.03337339449179)	(140, 39.445367089007675)	(145, 39.006704831438924)	(150, 39.097470299826554)	(155, 39.31810440396187)	(160, 39.352004519720445)	(165, 39.5398121787502)	(170, 39.07017719358548)	(175, 39.269071442399245)	(180, 39.01546708387163)	(185, 39.22097719200515)	(190, 39.1407436204383)	(195, 38.75394847360665)	(200, 39.105295737476936)	(205, 38.98258564356631)	(210, 38.77097486103045)	(215, 38.00142924306535)	(220, 38.577677163954434)	(225, 38.829404100145)	(230, 38.68856708268639)	(235, 38.90460213422464)	(240, 38.28789797442249)	(245, 38.335570278887296)	(250, 38.40986041807414)
022024-BEL-CBC-T2-805-SSID_S12_R2_16S	(1, 38.170679620473294)	(2, 38.59428066305645)	(3, 38.71136060407037)	(4, 39.2040183236882)	(5, 39.37638326083993)	(6, 38.87656294533873)	(7, 38.18293947317331)	(8, 37.83902747314026)	(9, 38.53599679459377)	(10, 39.238400436199605)	(15, 38.99711100371348)	(20, 38.626091841497626)	(25, 39.173619837168665)	(30, 38.62572255887249)	(35, 39.03014321061089)	(40, 39.25355176359302)	(45, 38.099661697460874)	(50, 39.08808671119537)	(55, 38.89419598415471)	(60, 39.03764369596556)	(65, 39.15759280601096)	(70, 38.516599130079186)	(75, 38.933827362438095)	(80, 37.71756653489804)	(85, 37.52870779995952)	(90, 37.18089065681913)	(95, 35.81765947515604)	(100, 38.13290374280746)	(105, 38.55417343065211)	(110, 38.87376647624241)	(115, 38.64763415409908)	(120, 38.45711819109343)	(125, 38.589158622171)	(130, 38.57996786332412)	(135, 37.91339372384764)	(140, 38.58292212432515)	(145, 38.08679546121086)	(150, 38.62391910479944)	(155, 38.596141946623376)	(160, 37.71637607345998)	(165, 38.923792292980735)	(170, 38.26795048143053)	(175, 38.58325588311833)	(180, 38.428582640412074)	(185, 38.51133334159469)	(190, 37.80429507912314)	(195, 38.61982064595544)	(200, 37.78296177883523)	(205, 38.22659413195864)	(210, 37.6549561941584)	(215, 38.240757401142545)	(220, 37.74194084042777)	(225, 37.90751329045689)	(230, 37.84971932042083)	(235, 37.039748689542364)	(240, 37.37865017699956)	(245, 37.36230425748995)	(250, 36.62798493128617)
022024-BEL-CBC-T2-806-SSID_S55_R2_16S	(1, 38.59952777869294)	(2, 38.30420276963287)	(3, 39.19304187394986)	(4, 39.01709441131574)	(5, 39.08474285902547)	(6, 39.07734545734085)	(7, 39.047808563678494)	(8, 38.87016549709529)	(9, 38.731205042884284)	(10, 39.235837863363315)	(15, 39.29664766799547)	(20, 38.88818634072415)	(25, 39.357399488243885)	(30, 39.165920996277144)	(35, 39.2180876135253)	(40, 39.32240327699623)	(45, 38.977078158117266)	(50, 39.04616567280554)	(55, 38.92579536344568)	(60, 39.18537563557693)	(65, 38.97650709979244)	(70, 38.96589595756598)	(75, 38.81122261390966)	(80, 39.026713669159555)	(85, 38.31278094422298)	(90, 38.58765327974171)	(95, 38.25231201748318)	(100, 38.811480029431465)	(105, 38.819679548424645)	(110, 39.13074292491681)	(115, 38.755039260259835)	(120, 38.592480040413356)	(125, 38.92921204933065)	(130, 38.640370748635505)	(135, 38.352180454430645)	(140, 38.36703763493998)	(145, 38.00139777506892)	(150, 38.30006655025862)	(155, 38.47163267771445)	(160, 38.220902052515406)	(165, 38.46645098233013)	(170, 38.128020733809954)	(175, 38.381335178290996)	(180, 38.06873697273196)	(185, 38.292966977454185)	(190, 37.78741782800163)	(195, 38.51265575066715)	(200, 37.466463721323535)	(205, 37.68805016527746)	(210, 37.43151846604949)	(215, 38.056452190338135)	(220, 37.44186955710034)	(225, 37.86643297202912)	(230, 37.61040819688334)	(235, 36.83052614239119)	(240, 36.88628076302178)	(245, 37.28514479623102)	(250, 36.75891674628538)
022024-BEL-CBC-T2-809-MCAV_S69_R2_16S	(1, 39.392649021904546)	(2, 39.303196445732276)	(3, 39.546345980271596)	(4, 39.52348042494647)	(5, 39.392082348714325)	(6, 39.60796730821472)	(7, 39.41457985856538)	(8, 39.27284729910121)	(9, 39.025929679946486)	(10, 39.61007626720101)	(15, 39.54615085775042)	(20, 39.53723481009145)	(25, 39.68820706355211)	(30, 39.56633669150487)	(35, 39.511570940765125)	(40, 39.632461610812356)	(45, 39.60154228579607)	(50, 39.47940376633202)	(55, 39.63455421222203)	(60, 39.49374819263383)	(65, 39.51616975659341)	(70, 39.44529705067051)	(75, 39.39856637524865)	(80, 39.52383152864475)	(85, 39.43521202048202)	(90, 39.64628960505216)	(95, 39.298009925543816)	(100, 39.234525002263766)	(105, 39.19083800449249)	(110, 39.24414033632346)	(115, 39.278226605014176)	(120, 39.295232642712556)	(125, 39.26746974578573)	(130, 39.21525577699949)	(135, 38.91578360094523)	(140, 39.439405986288854)	(145, 39.00911292277763)	(150, 38.922926019938714)	(155, 39.278067702841255)	(160, 39.31963639443959)	(165, 39.47637469366056)	(170, 39.07051225503799)	(175, 39.24223759964247)	(180, 38.81257430283132)	(185, 39.120448431279186)	(190, 38.767283678351625)	(195, 39.150293414030706)	(200, 39.089856841994575)	(205, 38.8428276407993)	(210, 38.87750804004101)	(215, 38.04735576852861)	(220, 38.43521494147785)	(225, 38.90692422060529)	(230, 38.61662280304601)	(235, 38.7632760720785)	(240, 38.247668899281145)	(245, 38.337668870071184)	(250, 37.56035361575468)
022024-BEL-CBC-T2-810-SSID_S57_R2_16S	(1, 38.435792454898994)	(2, 38.200205762756944)	(3, 38.96833073213748)	(4, 38.728348835527434)	(5, 38.814666545355294)	(6, 39.20294693327175)	(7, 38.938460138714895)	(8, 38.844639786865244)	(9, 38.64152721690707)	(10, 39.13880867562971)	(15, 39.231432710679364)	(20, 38.79062449696605)	(25, 39.304658123546304)	(30, 39.12339466556553)	(35, 39.13812373293767)	(40, 39.198327769340416)	(45, 38.81098987749884)	(50, 38.95559490398905)	(55, 38.809134746610866)	(60, 39.12762190043602)	(65, 38.931858933533036)	(70, 38.95119223420561)	(75, 38.784152068475606)	(80, 38.92285109728473)	(85, 38.44565133710798)	(90, 38.68654400220227)	(95, 38.600822584445545)	(100, 38.89621951760064)	(105, 38.603463439784065)	(110, 39.103354026254586)	(115, 38.51837564067571)	(120, 38.39858532272326)	(125, 38.66952868197523)	(130, 38.33461970050087)	(135, 38.1472085552515)	(140, 38.077256683207004)	(145, 37.71115388114752)	(150, 37.97902059727189)	(155, 38.166958980424546)	(160, 37.7080156491675)	(165, 38.04913297359845)	(170, 37.85019351497378)	(175, 38.056336069838025)	(180, 37.74083130953298)	(185, 37.946568871034344)	(190, 37.20631099104396)	(195, 37.97685845528626)	(200, 37.35691159900058)	(205, 37.36297623463487)	(210, 37.094215546986)	(215, 37.6464669228203)	(220, 36.798112208356955)	(225, 37.34891158033729)	(230, 37.02736271401543)	(235, 36.27044971526821)	(240, 36.26702126915029)	(245, 36.547424116234964)	(250, 36.018964234140284)
022024-BEL-CBC-T2-811-PAST_S76_R2_16S	(1, 39.18028782659849)	(2, 38.73133527868036)	(3, 39.25473808997245)	(4, 39.47111392457199)	(5, 39.188605841592405)	(6, 39.33648206165001)	(7, 39.25363140896788)	(8, 39.0899142501296)	(9, 38.933005507439205)	(10, 39.443183301652056)	(15, 39.46355912550712)	(20, 39.344430824826546)	(25, 39.5778115830821)	(30, 37.340227585904316)	(35, 38.855506319990184)	(40, 39.23920229430372)	(45, 39.398418950390074)	(50, 39.24368059180573)	(55, 39.23956402498807)	(60, 39.36145473038977)	(65, 39.178630670285166)	(70, 39.146014023331624)	(75, 39.08353883635537)	(80, 39.314159696934155)	(85, 39.017851409272296)	(90, 39.39232325113511)	(95, 39.15044003105154)	(100, 39.41928687123552)	(105, 39.01998920180185)	(110, 39.32064864400239)	(115, 39.053738316501814)	(120, 39.18710197313344)	(125, 39.065720197734166)	(130, 39.029590107203006)	(135, 38.8506827666667)	(140, 39.01473264610472)	(145, 38.61711684527866)	(150, 38.86827075720798)	(155, 39.0360855009567)	(160, 38.22508065072127)	(165, 38.49357757914426)	(170, 38.41751671885199)	(175, 38.82534765094422)	(180, 38.73436808604176)	(185, 38.97230056238377)	(190, 38.5715860547449)	(195, 39.03258781594356)	(200, 37.95295853617262)	(205, 38.65563650722164)	(210, 38.035757257221846)	(215, 38.79826763235627)	(220, 38.41714710888541)	(225, 38.489530493269925)	(230, 38.59848699873663)	(235, 37.54208835003353)	(240, 37.904241292273916)	(245, 38.36889653338443)	(250, 37.759199285850514)
022024-BEL-CBC-T2-812-PAST_S1_R2_16S	(1, 39.17218166343765)	(2, 39.36576040236595)	(3, 39.16503932562645)	(4, 39.2905049675601)	(5, 39.47297245281566)	(6, 39.256811951226815)	(7, 38.428086922678844)	(8, 38.5426123848993)	(9, 38.77596581942288)	(10, 39.437914266285176)	(15, 39.2136363053157)	(20, 39.20921746494053)	(25, 38.998577520026345)	(30, 37.111507717574)	(35, 38.86051057023228)	(40, 38.730253146691645)	(45, 39.25006308352258)	(50, 38.7993550511725)	(55, 39.2036438753384)	(60, 39.091090040501754)	(65, 39.23525321084438)	(70, 38.80699350346639)	(75, 38.8700736045711)	(80, 39.031820611846015)	(85, 38.776326785477536)	(90, 38.95953758708733)	(95, 38.554074340189125)	(100, 39.17176595371593)	(105, 38.71482655238926)	(110, 39.13407322820838)	(115, 38.92649978401913)	(120, 38.844137936933585)	(125, 38.4295094026525)	(130, 38.91184644401391)	(135, 38.744862862837174)	(140, 38.78061047742465)	(145, 38.694964865685556)	(150, 38.911032987336256)	(155, 39.080290996805196)	(160, 38.01342759508505)	(165, 39.21290753024802)	(170, 38.458082175376475)	(175, 38.60715944520715)	(180, 39.00221113092717)	(185, 38.81505108696117)	(190, 38.6108614856918)	(195, 39.160422039458204)	(200, 38.00738269672437)	(205, 38.43600850237579)	(210, 37.660667958275056)	(215, 38.90395651299948)	(220, 38.74114542569616)	(225, 38.37026734583029)	(230, 38.84278901876254)	(235, 37.180070739082275)	(240, 38.20715174687897)	(245, 38.22639671195849)	(250, 37.34983127830739)
022024-BEL-CBC-T2-813-MCAV_S79_R2_16S	(1, 39.22110872706484)	(2, 38.76677088548082)	(3, 39.27075398030234)	(4, 39.56580661604997)	(5, 39.42437095534364)	(6, 39.474692496956195)	(7, 39.37644180924403)	(8, 39.16603691965877)	(9, 39.01854918880936)	(10, 39.53407345953998)	(15, 39.50445487196724)	(20, 39.45058901061854)	(25, 39.619230554424455)	(30, 39.55651973472436)	(35, 39.42298994604925)	(40, 39.58445674039158)	(45, 39.48287457084628)	(50, 39.32622018771572)	(55, 39.504398819237046)	(60, 39.33541730343719)	(65, 39.325249419417595)	(70, 39.29444803800213)	(75, 39.2712779514758)	(80, 39.377040517391066)	(85, 39.25500397547896)	(90, 39.530534826312696)	(95, 39.14066046769504)	(100, 39.189549009075066)	(105, 39.1297683661543)	(110, 39.24898033788018)	(115, 39.070581151050945)	(120, 39.0386985205938)	(125, 39.19853613014794)	(130, 39.08431731937972)	(135, 38.7772259381978)	(140, 39.09891499380069)	(145, 38.54441945314063)	(150, 38.57406566089926)	(155, 39.05605658888673)	(160, 39.02251755963472)	(165, 39.26933154072911)	(170, 38.79681596121801)	(175, 38.96855624617302)	(180, 38.596762142473445)	(185, 38.849857684961314)	(190, 38.37510771364772)	(195, 38.92019817483374)	(200, 38.71848998819034)	(205, 38.429532477581446)	(210, 38.624002144626196)	(215, 37.82720080585954)	(220, 38.101795819806725)	(225, 38.522381794235706)	(230, 38.24721406761056)	(235, 38.202576597782056)	(240, 37.9440041349043)	(245, 37.9206821373556)	(250, 37.96262440507439)
022024-BEL-CBC-T2-815-OFAV_S66_R2_16S	(1, 39.366030427807324)	(2, 39.27476336597521)	(3, 39.520803446262576)	(4, 39.506758269792954)	(5, 39.40382438621372)	(6, 39.571458516319744)	(7, 39.365909771806784)	(8, 39.305082787399016)	(9, 38.93524556052381)	(10, 39.57862916378234)	(15, 39.52218015167891)	(20, 39.512868780464366)	(25, 39.704009971502686)	(30, 39.56677256446149)	(35, 39.47051361623416)	(40, 39.573002095119875)	(45, 39.59462528643019)	(50, 39.44741105965621)	(55, 39.600109203905575)	(60, 39.414808581300164)	(65, 39.42970857485836)	(70, 39.40292498775546)	(75, 39.36851880444219)	(80, 39.32670434269576)	(85, 39.41789369388345)	(90, 39.599867482901104)	(95, 39.47143264685523)	(100, 38.948571709030894)	(105, 39.253591305405905)	(110, 39.23611050044632)	(115, 39.124748283975144)	(120, 39.26187812312433)	(125, 39.199417988173664)	(130, 39.19780610580714)	(135, 38.967451714593345)	(140, 39.38195129383111)	(145, 38.9333923661562)	(150, 38.89580863549311)	(155, 39.18627425517926)	(160, 39.245533938590185)	(165, 39.47648465674901)	(170, 38.99381689122657)	(175, 39.21456951881773)	(180, 38.75514868807049)	(185, 39.08647701861067)	(190, 38.98997594037549)	(195, 38.591158778184166)	(200, 38.96392569635383)	(205, 38.791551625941864)	(210, 38.47023079038883)	(215, 37.571799216145)	(220, 38.140802280602905)	(225, 38.697994963123236)	(230, 38.28034483075951)	(235, 38.46832524358708)	(240, 38.404577974962855)	(245, 38.44274903449637)	(250, 35.32759433407602)
022024-BEL-CBC-T3-844-OFAV_S48_R2_16S	(1, 39.3350285518996)	(2, 39.13937164501451)	(3, 39.52838941961376)	(4, 39.55815781942175)	(5, 39.39868323381031)	(6, 39.47988058528971)	(7, 39.389920297593555)	(8, 39.24994072549411)	(9, 39.003077105956976)	(10, 39.57468671727773)	(15, 39.5313495916681)	(20, 39.46718608577005)	(25, 39.698319834251045)	(30, 39.55016134940431)	(35, 39.49543292354784)	(40, 39.616466619247056)	(45, 39.576825380212846)	(50, 39.436371870483754)	(55, 39.60136005111498)	(60, 39.43008198940101)	(65, 39.44026777217658)	(70, 39.39776352605462)	(75, 39.38174396902092)	(80, 39.33034835320241)	(85, 39.37032941120227)	(90, 39.60206604762763)	(95, 39.42504414093313)	(100, 39.03623697656735)	(105, 39.18858053224953)	(110, 39.28998535419021)	(115, 39.14866821329519)	(120, 39.26897575591954)	(125, 39.228115303288426)	(130, 39.2325649936074)	(135, 38.90466630875848)	(140, 39.29514827671083)	(145, 38.83110803594329)	(150, 38.973403286940936)	(155, 39.22596785415952)	(160, 39.25015081889264)	(165, 39.49235542996467)	(170, 39.03631217604948)	(175, 39.24453592422684)	(180, 39.04772414969349)	(185, 39.14595818934635)	(190, 38.95823728279204)	(195, 38.610078927154056)	(200, 38.982976361908484)	(205, 38.86323862979308)	(210, 38.6504372746519)	(215, 37.662749187115566)	(220, 38.29403901974503)	(225, 38.753390792456536)	(230, 38.46876617935594)	(235, 38.504776394598295)	(240, 38.44855173162313)	(245, 38.52270513985876)	(250, 37.63602998417839)
022024-BEL-CBC-T3-847-PAST_S17_R2_16S	(1, 38.36733747186029)	(2, 37.93659185483321)	(3, 38.58905109489051)	(4, 39.04468244764308)	(5, 38.82865134047343)	(6, 39.05383723309912)	(7, 39.280114605361895)	(8, 38.442403983900675)	(9, 39.038038065352346)	(10, 39.09249198444642)	(15, 39.33140459785797)	(20, 38.842034245173615)	(25, 39.28793642131114)	(30, 37.58380039566136)	(35, 38.47190804284058)	(40, 38.97242240261955)	(45, 38.576054301111945)	(50, 39.14534142847397)	(55, 38.66013779930418)	(60, 38.96109625486049)	(65, 38.66949860154172)	(70, 39.04878231802988)	(75, 38.61432703458627)	(80, 38.86646701684972)	(85, 38.55636673715806)	(90, 39.03690429087933)	(95, 38.77060713554813)	(100, 39.10356640971417)	(105, 38.954073265570635)	(110, 39.2597660140528)	(115, 38.462909475407606)	(120, 38.58127703117539)	(125, 38.78141551265434)	(130, 38.38244218568797)	(135, 37.6278204515997)	(140, 38.460638515587696)	(145, 37.977407735861924)	(150, 37.360796097960296)	(155, 38.13897128044206)	(160, 38.103457261750464)	(165, 37.88358005320963)	(170, 37.52597175796439)	(175, 38.02364622416263)	(180, 37.51004775223412)	(185, 37.97279691657003)	(190, 36.9549314414353)	(195, 37.92749505423289)	(200, 37.16472133160516)	(205, 37.3030595538577)	(210, 37.20161402551334)	(215, 37.03108124701548)	(220, 37.129776928849175)	(225, 37.109976806057716)	(230, 36.98534620369738)	(235, 35.64820929122042)	(240, 36.12535029674602)	(245, 36.329622075175664)	(250, 36.53464765672965)
022024-BEL-CBC-T3-848-MCAV_S7_R2_16S	(1, 39.23056685767846)	(2, 39.4098246809961)	(3, 39.44535926549219)	(4, 39.62303218797265)	(5, 39.685188419998724)	(6, 39.51618771701851)	(7, 38.68021217220885)	(8, 38.848450248173314)	(9, 39.06653601175894)	(10, 39.61109941844364)	(15, 39.41301748929553)	(20, 39.503273331487115)	(25, 39.654034041284106)	(30, 38.935257226849586)	(35, 39.538933174275186)	(40, 39.47562874123937)	(45, 39.331568924014235)	(50, 39.565641735722046)	(55, 39.60941141384232)	(60, 39.428397418145416)	(65, 39.54818993247129)	(70, 39.24575463860427)	(75, 39.32073195151567)	(80, 39.40457150160834)	(85, 39.23455637688261)	(90, 39.47892081886543)	(95, 38.99092772085295)	(100, 39.1769413970134)	(105, 39.10937008712695)	(110, 39.140924099439744)	(115, 39.3222307905332)	(120, 39.18527959440172)	(125, 39.36530345312401)	(130, 39.221574675670496)	(135, 38.741160982468095)	(140, 39.18842638945104)	(145, 39.26166627612211)	(150, 38.72228106426944)	(155, 39.28773917303964)	(160, 39.42040133779264)	(165, 39.43770146773747)	(170, 39.02692328994738)	(175, 39.239162814477126)	(180, 38.628898877361905)	(185, 38.86298489657669)	(190, 38.00004047461815)	(195, 39.20060413693203)	(200, 39.16095520098843)	(205, 38.92086743497433)	(210, 39.102649170270325)	(215, 37.64178343949045)	(220, 38.59683786720065)	(225, 38.917165498583394)	(230, 38.70412329846836)	(235, 38.365398888013125)	(240, 38.49814242805104)	(245, 38.75578680527449)	(250, 38.905726093347255)
022024-BEL-CBC-T3-854-PAST_S62_R2_16S	(1, 38.719759689637776)	(2, 38.36558025712745)	(3, 39.06237979166143)	(4, 38.73358449425996)	(5, 38.866435608923496)	(6, 39.257798198832084)	(7, 38.91049250866467)	(8, 38.90287649493264)	(9, 38.64946813548772)	(10, 39.259002843440655)	(15, 39.285491107240816)	(20, 39.04948901187055)	(25, 39.45318103883201)	(30, 38.75412840135233)	(35, 38.92256447032944)	(40, 39.184348898480856)	(45, 39.025178077478444)	(50, 39.060664062273474)	(55, 39.178234437913055)	(60, 39.17189188353298)	(65, 39.00099085498452)	(70, 38.93146399500513)	(75, 38.93233229789052)	(80, 39.081339413257666)	(85, 38.60316895759195)	(90, 39.110688514703355)	(95, 38.765885670876095)	(100, 39.147348989331775)	(105, 38.83995430391761)	(110, 39.20501265147458)	(115, 38.809764734763625)	(120, 38.82828672552002)	(125, 38.90371541624221)	(130, 38.85416570822162)	(135, 38.631938932714256)	(140, 38.42192329475713)	(145, 37.94846316961481)	(150, 38.50220381148627)	(155, 38.607472585250065)	(160, 38.35618588485901)	(165, 38.830447817741444)	(170, 38.37703675209876)	(175, 38.7108129998009)	(180, 38.27312262362008)	(185, 38.7251929615662)	(190, 37.95644258704775)	(195, 38.62958840664874)	(200, 37.69895250816209)	(205, 38.083851924589865)	(210, 37.776535332311425)	(215, 38.284064167815195)	(220, 37.70186205736752)	(225, 38.06125671958572)	(230, 38.07285007084439)	(235, 37.099354185231505)	(240, 37.291321030442795)	(245, 37.743013273900075)	(250, 37.13128151995531)
022024-BEL-CBC-T4-870-MCAV_S5_R2_16S	(1, 39.22705991375519)	(2, 39.40547423809226)	(3, 39.42868360035742)	(4, 39.60550712482043)	(5, 39.665417055975)	(6, 39.49660361677529)	(7, 38.61517811732404)	(8, 38.80520222151124)	(9, 39.01637070735783)	(10, 39.58909843201688)	(15, 39.39928337524904)	(20, 39.455409038241655)	(25, 39.64062913075789)	(30, 38.898168158253995)	(35, 39.520766439221376)	(40, 39.45084874526934)	(45, 39.241579021836536)	(50, 39.53107706584102)	(55, 39.57926300587245)	(60, 39.40032759260227)	(65, 39.52041360796726)	(70, 39.23227386231678)	(75, 39.28933412023541)	(80, 39.43263306696783)	(85, 39.22226304028879)	(90, 39.528813745122754)	(95, 39.04348874649304)	(100, 39.17527427913694)	(105, 39.08986413192421)	(110, 39.121093776887776)	(115, 39.29865151667727)	(120, 39.13886535689111)	(125, 39.33404834349041)	(130, 39.194423022749206)	(135, 38.68393636290632)	(140, 39.184580458400205)	(145, 39.24396063280184)	(150, 38.71652277660861)	(155, 39.2748818053539)	(160, 39.36878692586847)	(165, 39.439449542453836)	(170, 39.01662156426105)	(175, 39.21887800171062)	(180, 38.42958428881175)	(185, 38.897991742626935)	(190, 38.059899733719476)	(195, 39.19407885931491)	(200, 39.1322181588276)	(205, 38.75613981193381)	(210, 39.06505020324763)	(215, 37.76622736966085)	(220, 38.465881549143354)	(225, 38.84864992332804)	(230, 38.69263783426874)	(235, 38.65218002042037)	(240, 38.59838243185882)	(245, 38.03840405042122)	(250, 38.59460351735029)
022024-BEL-CBC-T4-873-MCAV_S51_R2_16S	(1, 39.267736189167145)	(2, 39.182726309439786)	(3, 39.57171691441167)	(4, 39.49952856806752)	(5, 39.51611448100917)	(6, 39.46838752589338)	(7, 39.386519346398984)	(8, 39.29761064498611)	(9, 39.042814510551054)	(10, 39.58662866907601)	(15, 39.49350556077403)	(20, 39.459446416851975)	(25, 39.66330738246486)	(30, 39.558588994496716)	(35, 39.45603158682396)	(40, 39.59990872087161)	(45, 39.51571540016876)	(50, 39.441694395355384)	(55, 39.605159039729415)	(60, 39.448010344967884)	(65, 39.45448054923147)	(70, 39.39151634798576)	(75, 39.34157958885475)	(80, 39.48026371884613)	(85, 39.39448610381409)	(90, 39.62216596880589)	(95, 39.211679482893125)	(100, 39.20572652702375)	(105, 39.17907089876331)	(110, 39.22675327570012)	(115, 39.22849182468039)	(120, 39.25815612622701)	(125, 39.22965156492405)	(130, 39.188290090730746)	(135, 38.85889485033584)	(140, 39.41265206554408)	(145, 38.97498067394423)	(150, 38.9037419135714)	(155, 39.268220180824656)	(160, 39.31021777855612)	(165, 39.44274516671708)	(170, 39.02469100422962)	(175, 39.20367027006947)	(180, 38.881162712122254)	(185, 39.04756527076821)	(190, 38.59482857744309)	(195, 39.07329961666305)	(200, 39.01540034565778)	(205, 38.74399140985567)	(210, 38.78837853949857)	(215, 37.99673234872165)	(220, 38.156225289625496)	(225, 38.80287564633937)	(230, 38.559776684551004)	(235, 38.650784098326724)	(240, 37.97625964312691)	(245, 38.47429908773941)	(250, 37.57210962694079)
042024-BEL-CBC-T1-928-OANN_S21_R2_16S	(1, 39.384829061693885)	(2, 39.085664272454004)	(3, 39.426127048286126)	(4, 39.6448053980124)	(5, 39.40738561203282)	(6, 39.441586987718075)	(7, 39.63735969169888)	(8, 39.23853315097254)	(9, 39.31552863642087)	(10, 39.539340683454)	(15, 39.63238059378635)	(20, 39.35384036116413)	(25, 39.618656157232564)	(30, 39.52208739104795)	(35, 39.56444563026059)	(40, 39.58946679416961)	(45, 39.625728830168825)	(50, 39.44358281602796)	(55, 39.61286616056144)	(60, 39.47596640206066)	(65, 39.44825869964454)	(70, 39.433530863150864)	(75, 39.35676129230133)	(80, 39.376354022638836)	(85, 39.42331234189406)	(90, 39.71705817300919)	(95, 39.51696815626508)	(100, 39.10458823573415)	(105, 39.29639371977364)	(110, 39.34741750439174)	(115, 39.06179063501701)	(120, 39.207468646868804)	(125, 39.238257365601385)	(130, 39.269163779356745)	(135, 39.11623655203454)	(140, 39.32381217171005)	(145, 38.9130156482016)	(150, 38.95127650475705)	(155, 39.224388802515485)	(160, 39.33520963802547)	(165, 39.498769812722784)	(170, 39.05121354290695)	(175, 39.26250553253881)	(180, 39.18955356931351)	(185, 39.01441938576663)	(190, 39.23842293656562)	(195, 38.6886530278416)	(200, 39.14145320937122)	(205, 38.832703756391254)	(210, 38.49349323565311)	(215, 38.840962356294256)	(220, 37.05082255605163)	(225, 38.603445322308566)	(230, 38.664398377703776)	(235, 38.618929199711246)	(240, 38.49871271068842)	(245, 38.312121215899296)	(250, 36.74609792375507)
042024-BEL-CBC-T2-1027-PAST_S73_R2_16S	(1, 39.18018007674679)	(2, 38.729896360930674)	(3, 39.26958963874255)	(4, 39.49050379980482)	(5, 39.12685651707373)	(6, 39.36468499816744)	(7, 39.27283967517299)	(8, 39.11128460339399)	(9, 38.90422195629231)	(10, 39.45337566623539)	(15, 39.466954459747676)	(20, 39.13821822051674)	(25, 39.528736239230945)	(30, 38.205230968961274)	(35, 38.963160660428606)	(40, 39.26407658781501)	(45, 39.273922785139916)	(50, 39.243501031091725)	(55, 39.272863697181386)	(60, 39.3847903594028)	(65, 39.20517038404303)	(70, 39.18123527879219)	(75, 38.97286696488106)	(80, 39.30338577844113)	(85, 38.95587139393886)	(90, 39.355280735144106)	(95, 39.066985547052674)	(100, 39.389137989658174)	(105, 38.9403521167187)	(110, 39.3916680723663)	(115, 39.08892859193055)	(120, 39.17301303988802)	(125, 39.06269408590517)	(130, 39.08002949761325)	(135, 38.812266061406255)	(140, 38.93448014872449)	(145, 38.53983740986227)	(150, 38.85980702908695)	(155, 39.0387441435315)	(160, 38.243947734468485)	(165, 38.87726255083702)	(170, 38.64574514592045)	(175, 38.840347435959714)	(180, 38.683918943384896)	(185, 39.00269417422139)	(190, 38.62749301198009)	(195, 39.077448544769695)	(200, 38.19686919044948)	(205, 38.61603239438485)	(210, 38.12992338569013)	(215, 38.85767790196018)	(220, 38.20790589024945)	(225, 38.525356377975704)	(230, 38.63109772629924)	(235, 37.67318446164648)	(240, 37.98717012792603)	(245, 38.40933396332228)	(250, 37.70666124993928)
042024-BEL-CBC-T2-1034-SSID_S44_R2_16S	(1, 38.87450006256459)	(2, 38.45594294109196)	(3, 38.984905712842426)	(4, 38.95571817200165)	(5, 39.07332106758366)	(6, 38.80217075962684)	(7, 38.784133619431174)	(8, 39.471630433271386)	(9, 39.15331105724892)	(10, 39.27388183170588)	(15, 39.39209832373237)	(20, 39.19413283158075)	(25, 39.36933408101883)	(30, 39.274514892690135)	(35, 39.247465670576574)	(40, 39.31970135834681)	(45, 39.35715298664826)	(50, 39.12602177247807)	(55, 39.115030795682586)	(60, 39.29633834931434)	(65, 39.01133855786298)	(70, 39.274013449070104)	(75, 39.057054273625084)	(80, 39.019753727227645)	(85, 38.744201652632114)	(90, 38.80949498788101)	(95, 38.271574820300586)	(100, 38.15736616970298)	(105, 38.8396029233885)	(110, 38.97106920570774)	(115, 38.82296352252557)	(120, 39.032271280071555)	(125, 38.48744305463511)	(130, 38.71430411953081)	(135, 38.368526766059404)	(140, 38.86342473943006)	(145, 38.634877674636314)	(150, 38.571908034683965)	(155, 38.740738818317055)	(160, 38.612387789245375)	(165, 38.48658383423627)	(170, 38.20219671234654)	(175, 38.80693308369288)	(180, 38.570146030392486)	(185, 38.70799760864225)	(190, 38.386701084916375)	(195, 38.613222910690205)	(200, 38.406543792897295)	(205, 37.545596611316306)	(210, 38.50565537568879)	(215, 37.924353383354116)	(220, 38.33690337709765)	(225, 38.02202829773331)	(230, 38.09879644262364)	(235, 37.90396566825937)	(240, 36.601129870190064)	(245, 37.63402308865171)	(250, 36.918524680573)
042024-BEL-CBC-T3-944-SSID_S70_R2_16S	(1, 38.971062544913835)	(2, 38.924093284099825)	(3, 39.322768701241955)	(4, 39.11228925443547)	(5, 38.71108727211728)	(6, 39.30551764557261)	(7, 39.06474841002425)	(8, 38.79233498112325)	(9, 38.684036457092915)	(10, 39.359877730813125)	(15, 39.27983614603547)	(20, 38.883484340473295)	(25, 39.45647784388727)	(30, 39.19075525660169)	(35, 39.2920742478809)	(40, 39.41855948507773)	(45, 39.09525440647464)	(50, 39.188101120593785)	(55, 39.05861796884869)	(60, 39.21620273821678)	(65, 39.06413540732579)	(70, 39.027746241734306)	(75, 38.94849576179046)	(80, 39.17810876241796)	(85, 38.72000024851461)	(90, 39.093303980996915)	(95, 38.775933017029466)	(100, 39.0464274989697)	(105, 38.825900606582735)	(110, 39.113740165552144)	(115, 38.73237834692225)	(120, 38.61233502254234)	(125, 38.89121231638395)	(130, 38.840625511267035)	(135, 38.47673095601498)	(140, 38.64328751690417)	(145, 38.40349163023511)	(150, 38.728788553417175)	(155, 38.936838769935534)	(160, 38.677023789060804)	(165, 38.8854045300071)	(170, 38.626993656664645)	(175, 38.8859359370761)	(180, 38.578433073980726)	(185, 38.87323104195961)	(190, 38.20711952931333)	(195, 38.81889953589897)	(200, 37.75033725503191)	(205, 38.20497153472267)	(210, 37.97376886898932)	(215, 38.40105701546382)	(220, 37.853916072475144)	(225, 38.30498706688563)	(230, 38.30684015747543)	(235, 37.59245385394382)	(240, 37.83639993455782)	(245, 38.2555620675587)	(250, 37.636949151840355)
042024-BEL-CBC-T3-946-OFAV_S13_R2_16S	(1, 39.051044885853855)	(2, 39.24482230086731)	(3, 39.14431823846077)	(4, 39.522773153225)	(5, 39.61277539627156)	(6, 39.2539627155817)	(7, 38.441225949556376)	(8, 38.56393305752168)	(9, 38.788916857741)	(10, 39.50604999501545)	(15, 39.30458827634333)	(20, 39.33116962416509)	(25, 39.61044636626458)	(30, 38.87965307546606)	(35, 39.41475800019939)	(40, 39.33242074568837)	(45, 39.223551988834615)	(50, 39.40522006778985)	(55, 39.46206385205862)	(60, 39.23506629448708)	(65, 39.400493470242246)	(70, 39.17049521483401)	(75, 39.20831297976274)	(80, 39.31849578805702)	(85, 39.15346612999701)	(90, 39.53584575316519)	(95, 39.0296050991925)	(100, 39.196617984248824)	(105, 39.21116663343635)	(110, 39.12506417605423)	(115, 39.008917356195795)	(120, 39.09408832618881)	(125, 39.254251819359986)	(130, 39.157953469245335)	(135, 38.77713525570731)	(140, 39.313217774897815)	(145, 38.85822948858538)	(150, 38.87726859236368)	(155, 39.183132912969796)	(160, 39.27491090120626)	(165, 39.42733775296581)	(170, 39.018192976772006)	(175, 39.23537720566245)	(180, 38.88228678596351)	(185, 39.061270685873794)	(190, 38.29557496760044)	(195, 39.090873915860826)	(200, 38.7339017794836)	(205, 38.544588027115935)	(210, 38.80960086232679)	(215, 37.78078207556575)	(220, 38.28136838301266)	(225, 38.790900084737316)	(230, 38.327343983650685)	(235, 38.589600363872)	(240, 38.32091765526867)	(245, 38.20205363373542)	(250, 37.77705519140664)
042024-BEL-CBC-T3-955-OFAV_S30_R2_16S	(1, 39.32184578089249)	(2, 38.927980236616186)	(3, 39.23846772143285)	(4, 39.31665840624334)	(5, 39.36182965380694)	(6, 39.162742323584325)	(7, 39.34657055471525)	(8, 39.56070640743489)	(9, 39.335348363023776)	(10, 39.49008004478604)	(15, 39.56843097324907)	(20, 39.48169601470955)	(25, 39.677897931983765)	(30, 39.68818331462968)	(35, 39.48753514959926)	(40, 39.59062780073291)	(45, 39.58164593856813)	(50, 39.53411006992684)	(55, 39.55033371254241)	(60, 39.50966315448875)	(65, 39.38431409810302)	(70, 39.488352289506864)	(75, 39.335543017973485)	(80, 39.375042564720204)	(85, 39.310519841708036)	(90, 39.66277134206627)	(95, 39.52160284740644)	(100, 39.10438076357128)	(105, 39.29235324480557)	(110, 39.10874637589976)	(115, 38.99139101248822)	(120, 39.191035600284536)	(125, 38.93216300682833)	(130, 38.94961518411327)	(135, 39.21607983420945)	(140, 39.08837283356488)	(145, 38.88506318581843)	(150, 38.9284460731317)	(155, 38.52266086639428)	(160, 39.32232240303847)	(165, 39.340134101338705)	(170, 39.131812730639155)	(175, 39.108770001566484)	(180, 39.02024308756648)	(185, 38.413524666993666)	(190, 39.13844024375525)	(195, 37.81060792435678)	(200, 38.977670663341954)	(205, 38.91834045099343)	(210, 38.566246112679025)	(215, 38.36422971338472)	(220, 36.9560829671783)	(225, 38.39620859409307)	(230, 38.83603684576806)	(235, 37.97630294267951)	(240, 38.31230666115401)	(245, 38.13307413580136)	(250, 37.92204043584219)
042024-BEL-CBC-T4-1041-MCAV_S39_R2_16S	(1, 39.31884610040201)	(2, 38.88207531348676)	(3, 39.22026248077393)	(4, 39.29670677188897)	(5, 39.32687433217857)	(6, 39.0026784730308)	(7, 39.293539561382076)	(8, 39.5989238192438)	(9, 39.31459839674942)	(10, 39.47913522215993)	(15, 39.564534908792965)	(20, 39.543497156218706)	(25, 39.62536260008337)	(30, 39.62775741371628)	(35, 39.46965850666743)	(40, 39.64079903785799)	(45, 39.610331526921286)	(50, 39.48260238331393)	(55, 39.57411991317723)	(60, 39.527006099635365)	(65, 39.39949209634837)	(70, 39.51162380630662)	(75, 39.32133482829502)	(80, 39.42343592028787)	(85, 39.47230727212615)	(90, 39.687927705185885)	(95, 39.52925189625349)	(100, 39.18845285839551)	(105, 39.32069132395149)	(110, 39.28493969842023)	(115, 39.15070507568244)	(120, 39.251855046214445)	(125, 39.21702627203511)	(130, 39.25580519499188)	(135, 39.15373572718865)	(140, 39.339954767825745)	(145, 38.97906286984729)	(150, 38.974590921940965)	(155, 39.24467875094034)	(160, 39.367308254392654)	(165, 39.45938879066224)	(170, 39.074670461569426)	(175, 39.177821859981506)	(180, 39.14379471109386)	(185, 39.01368033694137)	(190, 39.257880891802145)	(195, 38.722423467065326)	(200, 39.131978284723125)	(205, 38.89560807087652)	(210, 38.66333510620457)	(215, 38.79669670964682)	(220, 37.86791917623778)	(225, 38.686992874974244)	(230, 38.94214546168921)	(235, 38.63273630696547)	(240, 38.426676920570586)	(245, 38.07072031279199)	(250, 38.5583430362097)
042024-BEL-CBC-T4-1042-OFAV_S34_R2_16S	(1, 39.287779911666675)	(2, 38.84670346415631)	(3, 39.20919904990881)	(4, 39.266683436775885)	(5, 39.310719486060655)	(6, 38.92320418736727)	(7, 39.32322934253109)	(8, 39.57659021754379)	(9, 39.28368252248243)	(10, 39.49002549379103)	(15, 39.56171384066139)	(20, 39.5211656515913)	(25, 39.549295897289525)	(30, 39.6731570214351)	(35, 39.4753377806373)	(40, 39.60213528640605)	(45, 39.58369268129859)	(50, 39.42557796407649)	(55, 39.54708127536681)	(60, 39.492926077681076)	(65, 39.33898131261581)	(70, 39.43584610844779)	(75, 39.30782954473991)	(80, 39.38402114968774)	(85, 39.22350508182684)	(90, 39.62884426534828)	(95, 39.43974419133404)	(100, 39.07859150432717)	(105, 39.2752332899568)	(110, 39.05894290261565)	(115, 38.92893714595316)	(120, 39.1507389329373)	(125, 38.86897884547473)	(130, 38.917520087849574)	(135, 39.07940953090457)	(140, 39.05795701369506)	(145, 38.48602824150892)	(150, 38.87939937208841)	(155, 38.58858826318106)	(160, 39.24201057484387)	(165, 39.25226082034859)	(170, 39.07978298833671)	(175, 39.087479017207095)	(180, 39.0218588698559)	(185, 38.57174784850786)	(190, 39.08215386252703)	(195, 37.89123826293918)	(200, 38.931820798482946)	(205, 38.46781638665421)	(210, 38.431889975183466)	(215, 38.31237343808202)	(220, 36.92848532051065)	(225, 38.33972532496118)	(230, 38.73739653729495)	(235, 37.96827111461563)	(240, 38.30779616577253)	(245, 38.40263016587895)	(250, 38.114746247284934)
042024-BEL-CBC-T4-1044-PSTR_S6_R2_16S	(1, 39.097599381432246)	(2, 39.30706301659014)	(3, 39.320822762841914)	(4, 39.53788586409005)	(5, 39.60781336862631)	(6, 39.39419302587431)	(7, 38.717284623003835)	(8, 38.53148854154027)	(9, 38.966867682374485)	(10, 39.53053755005404)	(15, 39.396280127664255)	(20, 39.39356655670534)	(25, 39.522765946039)	(30, 39.04184531855393)	(35, 39.37953364732043)	(40, 39.377132746559354)	(45, 39.20256118656647)	(50, 39.47799258960343)	(55, 39.51477366684821)	(60, 39.30195701066973)	(65, 39.302430531059606)	(70, 38.90612669915653)	(75, 39.036961680969156)	(80, 38.295550657933724)	(85, 37.8696176562716)	(90, 38.17022521848817)	(95, 37.443832523908824)	(100, 38.262654818309834)	(105, 38.64575426041364)	(110, 38.70454867411469)	(115, 39.039735641298435)	(120, 39.00085448137101)	(125, 39.21682605885989)	(130, 39.08566203963688)	(135, 38.562711539167026)	(140, 39.030508484142146)	(145, 39.09904590438726)	(150, 38.61933306430904)	(155, 39.15837592100844)	(160, 39.26002251902689)	(165, 39.36773345147827)	(170, 38.95234488538718)	(175, 39.1893861448724)	(180, 38.40091148442151)	(185, 38.837339255630454)	(190, 37.91842637717395)	(195, 39.09024711668976)	(200, 39.01399227354692)	(205, 38.800429498232056)	(210, 38.92753444874946)	(215, 37.3777005195179)	(220, 38.4808512079285)	(225, 38.75257120442931)	(230, 38.4743297203182)	(235, 38.213406440215934)	(240, 38.377892410975065)	(245, 38.57974247037676)	(250, 38.623370686322374)
042024-BEL-CBC-T4-1045-MCAV_S54_R2_16S	(1, 39.277660323321065)	(2, 39.18249444288151)	(3, 39.56449577828033)	(4, 39.510340888921625)	(5, 39.45566922678477)	(6, 39.44928442666596)	(7, 39.34728217363324)	(8, 39.18201147766829)	(9, 39.001957216526584)	(10, 39.56033165221192)	(15, 39.489175421417336)	(20, 39.48004737888741)	(25, 39.63874974795253)	(30, 39.54887523438906)	(35, 39.440460652220374)	(40, 39.592549295655616)	(45, 39.57684616471287)	(50, 39.422480823262504)	(55, 39.58636975575242)	(60, 39.44422681495308)	(65, 39.45856894992496)	(70, 39.39286443045724)	(75, 39.32405975728583)	(80, 39.46899375405238)	(85, 39.37403603161973)	(90, 39.6063514755191)	(95, 39.22697022640201)	(100, 39.17281050739118)	(105, 39.158971622171485)	(110, 39.19128392679697)	(115, 39.209728851255164)	(120, 39.23507389971469)	(125, 39.23995522912473)	(130, 39.18426112963148)	(135, 38.8843677442023)	(140, 39.428933721476376)	(145, 38.992905965465575)	(150, 38.900654297122614)	(155, 39.26826616695866)	(160, 39.327192269658795)	(165, 39.44876620499217)	(170, 39.021853451450525)	(175, 39.20387241507962)	(180, 38.73344497879179)	(185, 39.083800501559374)	(190, 38.6298986859724)	(195, 39.09684539196853)	(200, 39.07689796273199)	(205, 38.87481034559783)	(210, 38.864630887798725)	(215, 37.90768747804018)	(220, 38.317459313199315)	(225, 38.887480937966735)	(230, 38.44874616193582)	(235, 38.54866828379519)	(240, 38.09230576044684)	(245, 38.44765514351915)	(250, 38.2205412349662)
052022-BEL-CBC-T1-1-PAST_S74_R2_16S	(1, 39.280477971916795)	(2, 38.87040350470867)	(3, 39.35464212951877)	(4, 39.50779255956003)	(5, 39.13217635028244)	(6, 39.36580789266045)	(7, 39.27529784920488)	(8, 39.15397086475389)	(9, 38.89511232889618)	(10, 39.50189799130889)	(15, 39.478148879458914)	(20, 39.38558814177426)	(25, 39.60449927966617)	(30, 38.47633198949529)	(35, 38.98616629308754)	(40, 39.282265812995846)	(45, 39.4819167553181)	(50, 39.321951928021576)	(55, 39.25246888040103)	(60, 39.384698146759675)	(65, 39.209817580856)	(70, 39.149321787055975)	(75, 39.10861126704169)	(80, 39.360981695277204)	(85, 38.99855807617874)	(90, 39.33378597252918)	(95, 39.01238691544027)	(100, 39.366802463659454)	(105, 38.9952571807665)	(110, 39.34266770823928)	(115, 39.16344080112113)	(120, 39.25966515272255)	(125, 39.064966966707615)	(130, 39.13027639621109)	(135, 38.9717348072371)	(140, 39.222794424184364)	(145, 38.79134625877846)	(150, 39.04357756641007)	(155, 39.21179070671225)	(160, 38.59008742144044)	(165, 38.8824275446234)	(170, 38.67509419297096)	(175, 39.00808328393715)	(180, 39.02918627793501)	(185, 39.214873656979776)	(190, 38.888742929148194)	(195, 39.268483137907616)	(200, 38.03616193575486)	(205, 38.99972913877908)	(210, 38.34123112313195)	(215, 39.05106212928324)	(220, 38.824504382848595)	(225, 38.70097250954883)	(230, 38.95898690052327)	(235, 37.66581032648591)	(240, 38.41260124910203)	(245, 38.81678868506692)	(250, 38.203433264113244)
052022-BEL-CBC-T2-12-MCAV_S18_R2_16S	(1, 38.526848462858126)	(2, 38.09659669356856)	(3, 38.73449383698934)	(4, 39.14317418827566)	(5, 38.96164454981312)	(6, 39.13316612123112)	(7, 39.408629271746676)	(8, 38.62927879212741)	(9, 39.12082248627017)	(10, 39.276314241327924)	(15, 39.47423653701858)	(20, 39.1211254407812)	(25, 39.3435180064184)	(30, 39.18131017257839)	(35, 39.43141603052091)	(40, 39.46101997033865)	(45, 39.01860211152249)	(50, 39.27698919579668)	(55, 39.32224214519975)	(60, 39.11201425999838)	(65, 39.06626319701555)	(70, 39.3382388479274)	(75, 39.06842685586058)	(80, 39.25925437963018)	(85, 38.87123024190565)	(90, 39.288012864998535)	(95, 39.13754522300623)	(100, 38.8239002927386)	(105, 39.112807930362735)	(110, 39.25912720919008)	(115, 38.815781464115744)	(120, 38.98279359286437)	(125, 38.99586889819672)	(130, 38.960075527264145)	(135, 38.57119783281843)	(140, 38.929283723945034)	(145, 38.403830613201066)	(150, 37.88438163813845)	(155, 38.52504412215408)	(160, 38.74744760824459)	(165, 38.66137682257081)	(170, 38.25797633432087)	(175, 38.513219737134115)	(180, 38.112825191724404)	(185, 38.422803315590535)	(190, 38.218098361579735)	(195, 38.36568089026353)	(200, 38.26431160632823)	(205, 37.944447301767354)	(210, 37.66250656107879)	(215, 37.39642830722406)	(220, 37.80078768172867)	(225, 37.66806119681123)	(230, 37.75957459550289)	(235, 37.52008341817234)	(240, 36.98715684236854)	(245, 37.278350377460185)	(250, 36.746674545832434)
052022-BEL-CBC-T2-3-SSID_S25_R2_16S	(1, 38.88230248104744)	(2, 38.50242496544652)	(3, 38.98594465802429)	(4, 39.17678935570419)	(5, 38.73331021472102)	(6, 38.75881590671142)	(7, 39.32160036104857)	(8, 38.743331967233516)	(9, 38.56728096912338)	(10, 39.223831860213146)	(15, 39.29838573459944)	(20, 38.75443421067914)	(25, 39.11318374816863)	(30, 39.16834851805824)	(35, 39.053839044681425)	(40, 39.34099212031413)	(45, 39.041734625984546)	(50, 38.65812052318857)	(55, 39.16210981119615)	(60, 39.08295787711406)	(65, 38.83783908450295)	(70, 38.89073137223345)	(75, 38.820194163158774)	(80, 39.07147002848899)	(85, 38.108637124619825)	(90, 39.24821790342946)	(95, 38.350039240802474)	(100, 38.89152647551225)	(105, 38.71870832220266)	(110, 39.18286877643362)	(115, 38.343337276771265)	(120, 38.47468528544572)	(125, 38.593132444760066)	(130, 38.82700497271395)	(135, 38.1069639565348)	(140, 38.363125260291795)	(145, 37.093789334134186)	(150, 38.52819480694023)	(155, 38.516901420135426)	(160, 38.50950921619608)	(165, 38.85890002970022)	(170, 38.26044278226415)	(175, 38.702417332986)	(180, 37.736941606699304)	(185, 38.84808383760115)	(190, 37.9036816666639)	(195, 38.52458033911354)	(200, 38.46534514484252)	(205, 37.849276160673256)	(210, 38.20022731458513)	(215, 38.16318997028318)	(220, 37.766890054406176)	(225, 37.706970593456994)	(230, 38.0632677881959)	(235, 37.99663441675558)	(240, 37.71177041558748)	(245, 37.9125764697879)	(250, 37.746280419918065)
052022-BEL-CBC-T2-5-PAST_S40_R2_16S	(1, 39.08126371221005)	(2, 38.598097221984645)	(3, 38.967606398513965)	(4, 39.024414782039614)	(5, 39.126252748777425)	(6, 38.52904882006096)	(7, 38.81592140032906)	(8, 39.41000577156147)	(9, 39.01112308504215)	(10, 39.2232038311511)	(15, 39.335023875004836)	(20, 39.290722104066774)	(25, 39.18862565246837)	(30, 39.367104126951546)	(35, 39.04248794212474)	(40, 39.45029950666137)	(45, 39.373830055073746)	(50, 38.79982691651002)	(55, 39.150047040443376)	(60, 39.20706043794178)	(65, 38.886049863503516)	(70, 38.93691284181931)	(75, 38.98764024229155)	(80, 39.2710171949451)	(85, 37.85750844668972)	(90, 39.2750576680991)	(95, 38.351844270474)	(100, 38.49993328809848)	(105, 39.105028860975054)	(110, 38.81686005515611)	(115, 38.61746128587349)	(120, 38.96849918494908)	(125, 38.550305145179166)	(130, 38.93244409472963)	(135, 38.21698587646324)	(140, 38.64261693113849)	(145, 37.50034420300185)	(150, 38.731424219904724)	(155, 38.532265942909056)	(160, 38.761263762893364)	(165, 38.94938422950922)	(170, 38.531529261056406)	(175, 38.82995205992794)	(180, 38.11460635860086)	(185, 38.96190731417124)	(190, 38.301883961838)	(195, 38.75162050367802)	(200, 38.76888653211516)	(205, 37.529708589996766)	(210, 38.53796832166667)	(215, 38.366785455665095)	(220, 38.15553008719429)	(225, 37.48685205352918)	(230, 38.48193057780869)	(235, 38.63242857296717)	(240, 37.83228894045915)	(245, 38.28020823236268)	(250, 38.55511587787604)
052022-BEL-CBC-T3-1-MCAV_S83_R2_16S	(1, 39.35117521181373)	(2, 38.990703796570116)	(3, 39.23876147769877)	(4, 39.50471462762124)	(5, 39.41758944962484)	(6, 39.170418780580135)	(7, 39.35843999917635)	(8, 39.649983447720935)	(9, 39.39025680583781)	(10, 39.55517896260769)	(15, 39.59851964018988)	(20, 39.584547932707466)	(25, 39.691513670281765)	(30, 39.66563540952239)	(35, 39.51919684223698)	(40, 39.65972537472301)	(45, 39.6381975914454)	(50, 39.57421044044902)	(55, 39.61735470821262)	(60, 39.575177125225515)	(65, 39.45460351351822)	(70, 39.56009538547803)	(75, 39.372118517486015)	(80, 39.46819792407493)	(85, 39.57790864725906)	(90, 39.72897789280776)	(95, 39.60243516496048)	(100, 39.240245322199215)	(105, 39.36747960268194)	(110, 39.34501538807571)	(115, 39.224834437610575)	(120, 39.30352856574898)	(125, 39.32446791154589)	(130, 39.34120202808977)	(135, 39.2458594751106)	(140, 39.403674130767754)	(145, 39.07245383973276)	(150, 39.036828266540795)	(155, 39.30615823978788)	(160, 39.45470916299322)	(165, 39.53362583612768)	(170, 39.20838083863824)	(175, 39.307854967188476)	(180, 39.252213015951966)	(185, 39.05218767274956)	(190, 39.27156175900832)	(195, 38.741141046009)	(200, 39.21044124099326)	(205, 38.97008329993839)	(210, 38.63863571205687)	(215, 38.79005485219369)	(220, 37.85742500392028)	(225, 38.810556869354215)	(230, 38.99025062843222)	(235, 38.73623111733427)	(240, 38.664919939239674)	(245, 38.13335925731745)	(250, 37.11806645621249)
052022-BEL-CBC-T3-15-PSTR_S94_R2_16S	(1, 39.24085892431518)	(2, 38.92456561539259)	(3, 39.10235673080245)	(4, 39.375181353414625)	(5, 39.29882724791875)	(6, 39.019439358872496)	(7, 39.23785795709696)	(8, 39.58439410687761)	(9, 39.25437838958168)	(10, 39.45413658502885)	(15, 39.53481381049431)	(20, 39.47485837161906)	(25, 39.60132215275139)	(30, 39.6449436940827)	(35, 39.436014197381596)	(40, 39.57083318940205)	(45, 39.53771719230371)	(50, 39.400023316867596)	(55, 39.512758644512765)	(60, 39.48322265017789)	(65, 39.30542073992193)	(70, 39.387293170748556)	(75, 39.24862948633804)	(80, 39.30745621610418)	(85, 39.124573387681785)	(90, 39.430583526201254)	(95, 39.218356419910876)	(100, 38.8052704756641)	(105, 39.12808689419323)	(110, 39.13036762927907)	(115, 38.98687562610108)	(120, 39.17063413243981)	(125, 39.15493194929014)	(130, 39.15450360979654)	(135, 38.915980690179275)	(140, 39.18289966838232)	(145, 38.76575183944178)	(150, 38.82401248747798)	(155, 39.13058093543818)	(160, 39.26513437424436)	(165, 39.34478911188641)	(170, 39.02788567826177)	(175, 39.15013428788559)	(180, 39.04545839234517)	(185, 38.82904634011537)	(190, 39.11549664927976)	(195, 38.5863471104356)	(200, 39.02698538809631)	(205, 38.710201129572695)	(210, 38.54165903830875)	(215, 38.66600400704687)	(220, 37.741719057653114)	(225, 38.559880306746344)	(230, 38.84194013610143)	(235, 38.441051936163596)	(240, 38.24033299941276)	(245, 38.13762219765795)	(250, 38.05118268333967)
062019-BEL-CBC-T1-5-SSID_S91_R2_16S	(1, 38.44617952177339)	(2, 38.19730722234095)	(3, 38.72319987992946)	(4, 38.820094849202164)	(5, 38.76330605100061)	(6, 38.59344538829606)	(7, 38.957030733816985)	(8, 39.507541115187784)	(9, 39.14603090185049)	(10, 39.16009677424617)	(15, 39.314647790359444)	(20, 39.06271369212021)	(25, 39.361417223923404)	(30, 39.2264315067711)	(35, 39.28675063991399)	(40, 39.15633478146672)	(45, 39.06594254559336)	(50, 38.95772897011777)	(55, 39.067168700742116)	(60, 39.271775755212715)	(65, 38.858486752271304)	(70, 39.291324087684124)	(75, 38.91062934256484)	(80, 38.837433296409465)	(85, 38.86769172541042)	(90, 38.93062859212396)	(95, 38.712463681108304)	(100, 38.805108871026945)	(105, 38.97473591822152)	(110, 38.91012589461526)	(115, 38.90607645034937)	(120, 39.16717734712622)	(125, 38.48777548113865)	(130, 38.26843759839341)	(135, 37.811392345176706)	(140, 38.297079316707254)	(145, 38.165717902746124)	(150, 37.586560256324496)	(155, 37.99211547653812)	(160, 38.04269910746476)	(165, 37.76228186233325)	(170, 37.57606876648727)	(175, 38.12515559412894)	(180, 38.11167930724518)	(185, 37.65907927429103)	(190, 37.78747970954675)	(195, 38.08812459928904)	(200, 37.590013263226936)	(205, 36.8430867264953)	(210, 37.55394805317689)	(215, 37.2084639943358)	(220, 37.33679525851873)	(225, 37.237032952511775)	(230, 37.19481151698362)	(235, 36.635244292978655)	(240, 35.12356465945482)	(245, 36.29244224460131)	(250, 35.41372703202262)
062019-BEL-CBC-T2-17-SSID_S4_R2_16S	(1, 35.86649428305927)	(2, 37.00739902764872)	(3, 38.58133139401775)	(4, 39.073001764238484)	(5, 38.96918373668404)	(6, 38.6126728886375)	(7, 38.315424292621174)	(8, 37.39658195628459)	(9, 38.47295597484277)	(10, 38.721283180477556)	(15, 38.87677319434905)	(20, 38.49273052940622)	(25, 39.016028981994)	(30, 38.93863412926077)	(35, 38.61205338504842)	(40, 38.974247505151304)	(45, 37.404900542739014)	(50, 38.87263598777154)	(55, 38.814411269578336)	(60, 39.01398138795739)	(65, 39.09295193460197)	(70, 38.45989360699232)	(75, 38.88390448870753)	(80, 36.950146660740984)	(85, 36.97860827171966)	(90, 36.39403606588286)	(95, 35.06663218994519)	(100, 37.4760109355851)	(105, 38.05093612379298)	(110, 38.8623964014922)	(115, 38.429727014396725)	(120, 38.56165919222119)	(125, 38.01091673063714)	(130, 37.603389492680435)	(135, 36.91703015366382)	(140, 38.07317253174956)	(145, 36.47769059835966)	(150, 37.65943355824007)	(155, 37.404369924447494)	(160, 36.282504410596204)	(165, 38.155238980243226)	(170, 36.93070987030827)	(175, 37.63735552772279)	(180, 36.55580569135254)	(185, 36.938013009575364)	(190, 36.16674396994061)	(195, 37.17056926992849)	(200, 36.49886361493812)	(205, 37.054291139751925)	(210, 35.86554509582104)	(215, 36.86559304001186)	(220, 35.45080468129233)	(225, 36.413522416602696)	(230, 35.138857689251616)	(235, 34.89585552098906)	(240, 34.36690019258481)	(245, 34.33754003205257)	(250, 33.815867372362064)
062019-BEL-CBC-T2-21-PAST_S29_R2_16S	(1, 39.020500732555185)	(2, 38.61905868911367)	(3, 39.050035411339195)	(4, 39.27071383132669)	(5, 38.90897393617309)	(6, 38.91849985673275)	(7, 39.40295581061331)	(8, 38.86218050952682)	(9, 38.84737082069608)	(10, 39.309934817906424)	(15, 39.448828722650816)	(20, 39.012131402198925)	(25, 39.44542202567277)	(30, 37.34048912700687)	(35, 38.52102496454361)	(40, 39.17980706676975)	(45, 39.08572571620109)	(50, 39.18303859926077)	(55, 38.90129913661208)	(60, 39.19899298441)	(65, 38.92253801087389)	(70, 39.10117623313456)	(75, 38.86169898739788)	(80, 39.100091727082194)	(85, 38.73931992207703)	(90, 39.33232811984711)	(95, 38.91885451075586)	(100, 39.253593845455185)	(105, 39.04291602016194)	(110, 39.371913852231096)	(115, 38.80068660153863)	(120, 38.77137646488511)	(125, 39.074442023618374)	(130, 38.719975419304504)	(135, 38.394916986089555)	(140, 38.921284827908096)	(145, 38.151371671289056)	(150, 38.55434045704957)	(155, 38.85448048051295)	(160, 38.1722266974466)	(165, 38.469384599581545)	(170, 38.2015764803832)	(175, 38.7445997257198)	(180, 38.23268583744663)	(185, 38.889608168576)	(190, 38.180330758127035)	(195, 38.7643233911268)	(200, 37.94717889664394)	(205, 38.27472243096591)	(210, 38.196164762744026)	(215, 37.85149547581847)	(220, 38.12632855595622)	(225, 38.128284559394636)	(230, 38.01941730776508)	(235, 36.922121004060145)	(240, 37.740632574467426)	(245, 37.79142126518498)	(250, 38.018270629132445)
062019-BEL-CBC-T2-23-MCAV_S64_R2_16S	(1, 39.31379384403224)	(2, 39.10800637525857)	(3, 39.48631241027728)	(4, 39.39130297172957)	(5, 39.231460318536854)	(6, 39.57498728339381)	(7, 39.33188646613991)	(8, 39.13251720980705)	(9, 38.97660370533645)	(10, 39.56919529316016)	(15, 39.51984807894469)	(20, 39.45026190556931)	(25, 39.64075191879458)	(30, 39.50748550306894)	(35, 39.483599534289624)	(40, 39.61984468784971)	(45, 39.57614115998055)	(50, 39.42205794250963)	(55, 39.58984841805419)	(60, 39.446999220048156)	(65, 39.46367979020426)	(70, 39.38088236291499)	(75, 39.336865497869255)	(80, 39.45856194965354)	(85, 39.25626956944397)	(90, 39.483122520261794)	(95, 39.059830219177776)	(100, 39.12950953462873)	(105, 39.14489063718675)	(110, 39.22583019657047)	(115, 39.20932189403959)	(120, 39.23222896673336)	(125, 39.245992290910735)	(130, 39.18059072874631)	(135, 38.832543208201926)	(140, 39.31865803067811)	(145, 38.804758836628345)	(150, 38.85360100376412)	(155, 39.221042874744256)	(160, 39.22954864525756)	(165, 39.407013688720085)	(170, 39.005323566979776)	(175, 39.10772287971786)	(180, 38.9744618897442)	(185, 39.03072829416619)	(190, 38.5929017599783)	(195, 39.102121242949345)	(200, 39.02812845467802)	(205, 38.752938383804135)	(210, 38.818188477059245)	(215, 37.840979800377546)	(220, 38.41761786880984)	(225, 38.84025455819684)	(230, 38.52737133620446)	(235, 38.566362598483046)	(240, 38.45221065482044)	(245, 38.02064769914206)	(250, 38.306515423830355)
062019-BEL-CBC-T3-5-SSID_S37_R2_16S	(1, 39.09030297733003)	(2, 38.63111050961131)	(3, 39.0474385976784)	(4, 39.04108901539182)	(5, 39.13356209122684)	(6, 38.69430558257606)	(7, 38.974029306198176)	(8, 39.50405965374288)	(9, 39.15778749575896)	(10, 39.33714796989118)	(15, 39.43376537936311)	(20, 39.329828469173606)	(25, 39.34500280543267)	(30, 39.31445375829294)	(35, 39.24536661882863)	(40, 39.43632400914656)	(45, 39.447702129779216)	(50, 39.080801536080116)	(55, 39.09091349962923)	(60, 39.301682413743514)	(65, 39.051098723974555)	(70, 39.220478812639385)	(75, 39.067338090820826)	(80, 39.223397590429386)	(85, 38.70469160447253)	(90, 39.04145856183277)	(95, 38.4829272739747)	(100, 38.47308748908607)	(105, 38.99916297543155)	(110, 39.060641894273246)	(115, 38.876836712540424)	(120, 39.147376661995644)	(125, 38.63224283298888)	(130, 38.88049796664872)	(135, 38.38277154191654)	(140, 38.869955554803674)	(145, 38.37154905935769)	(150, 38.78568092127214)	(155, 38.889798281402285)	(160, 38.79283087423297)	(165, 38.704185592763956)	(170, 38.464181532640296)	(175, 38.988261919329474)	(180, 38.62974360131089)	(185, 38.9405607293937)	(190, 38.57391614904789)	(195, 38.81065218555893)	(200, 38.63073419629758)	(205, 37.70458540216371)	(210, 38.59812952358396)	(215, 38.20153025309044)	(220, 38.53465437727384)	(225, 38.14428514098121)	(230, 38.419596863554474)	(235, 38.40363907380309)	(240, 37.15482435735855)	(245, 38.092729089188325)	(250, 37.643876403068774)
062024-BEL-CBC-T1-1350-PSTR_S41_R2_16S	(1, 39.157807323005244)	(2, 38.733664459827274)	(3, 39.21024520661207)	(4, 39.12281332794197)	(5, 39.202954790973884)	(6, 39.02856418643669)	(7, 39.30475989305781)	(8, 39.622356469942126)	(9, 39.33271453315389)	(10, 39.459338913800494)	(15, 39.55654863998744)	(20, 39.44659179104027)	(25, 39.652299317428806)	(30, 39.679580921803044)	(35, 39.500115994858085)	(40, 39.535083918236296)	(45, 39.48981961049385)	(50, 39.469298297494824)	(55, 39.56204783429995)	(60, 39.525669625883395)	(65, 39.334581072680855)	(70, 39.48339535417057)	(75, 39.290179061781444)	(80, 39.261057472374276)	(85, 39.30097998153256)	(90, 39.425423996813464)	(95, 39.24296951664786)	(100, 38.689924862852074)	(105, 39.20119157256921)	(110, 39.208012215067264)	(115, 39.06985642467878)	(120, 39.22488494058432)	(125, 39.224943360471215)	(130, 39.08655147649022)	(135, 38.908552357616614)	(140, 39.12904156381829)	(145, 38.808452536859456)	(150, 38.548092482060625)	(155, 38.96046059976946)	(160, 39.14343071992854)	(165, 39.18285255617181)	(170, 38.83394243709904)	(175, 38.984177142615735)	(180, 39.01244271169666)	(185, 38.56865966191301)	(190, 39.00461058437992)	(195, 38.42330856925592)	(200, 38.88776308563221)	(205, 38.623261012571135)	(210, 38.33390007061081)	(215, 38.52498910662233)	(220, 37.646983107720715)	(225, 38.437621441546916)	(230, 38.63975038775597)	(235, 38.15520908646505)	(240, 38.09711171596348)	(245, 37.648804746012296)	(250, 36.56513636336204)
062024-BEL-CBC-T3-1424-PAST_S67_R2_16S	(1, 39.03033275215496)	(2, 38.87580451785769)	(3, 39.290430120461224)	(4, 39.119666785193566)	(5, 38.93845545789938)	(6, 39.315027316264576)	(7, 39.091183317052405)	(8, 39.11588626176292)	(9, 38.74583382352358)	(10, 39.36640965276024)	(15, 39.358417150357766)	(20, 39.05397450658221)	(25, 39.488701918946106)	(30, 38.32244903894072)	(35, 38.944942624608565)	(40, 39.24152442337105)	(45, 39.144805415401535)	(50, 39.062501040965806)	(55, 39.187446547232085)	(60, 39.21247466983208)	(65, 39.04790028935545)	(70, 38.91027760409988)	(75, 38.997907493499746)	(80, 39.179757015448594)	(85, 38.84764834258416)	(90, 39.281399692535054)	(95, 38.856220877742366)	(100, 39.25514805507932)	(105, 38.90619622502838)	(110, 39.21648361090219)	(115, 38.77406719549932)	(120, 38.73589659871859)	(125, 38.91870632074436)	(130, 38.80393174436788)	(135, 38.546767850745994)	(140, 38.64967792848465)	(145, 38.120123356100194)	(150, 38.56830784564361)	(155, 38.807273409833854)	(160, 38.420562346251)	(165, 38.71936222834097)	(170, 38.44094967806067)	(175, 38.65210645213738)	(180, 38.49292632341452)	(185, 38.800287108282916)	(190, 38.23258361764367)	(195, 38.79714054955063)	(200, 37.94383093922214)	(205, 38.17963884104485)	(210, 37.96476129167002)	(215, 38.44887608739619)	(220, 37.85763659123685)	(225, 38.10056033702177)	(230, 38.0375207697463)	(235, 37.46211241373202)	(240, 37.56992236708354)	(245, 38.0511935746964)	(250, 37.38798745289216)
062024-BEL-CBC-T3-1427-MCAV_S84_R2_16S	(1, 39.35597155929541)	(2, 38.997171308832655)	(3, 39.23040925393957)	(4, 39.49945623218336)	(5, 39.41158280375475)	(6, 39.15651999582562)	(7, 39.28670844707601)	(8, 39.637155819688786)	(9, 39.369308975464534)	(10, 39.525394506297275)	(15, 39.59247732927613)	(20, 39.564565562470136)	(25, 39.670105403074764)	(30, 39.646338355404446)	(35, 39.49843405854018)	(40, 39.651420112818094)	(45, 39.633261563305005)	(50, 39.55498151738684)	(55, 39.59798805907845)	(60, 39.560740787529596)	(65, 39.44150376518018)	(70, 39.54832722738833)	(75, 39.35143933693282)	(80, 39.45338976068724)	(85, 39.542920307805545)	(90, 39.72354377330924)	(95, 39.598808928777395)	(100, 39.228542317769126)	(105, 39.35879201155643)	(110, 39.33324893031533)	(115, 39.20618714401059)	(120, 39.28195404887319)	(125, 39.310077830201635)	(130, 39.326724540406346)	(135, 39.24546310892383)	(140, 39.39713615616572)	(145, 39.05155248457952)	(150, 39.02228541768509)	(155, 39.29441731708255)	(160, 39.43322750915892)	(165, 39.52738255439051)	(170, 39.189887017131426)	(175, 39.294929227794775)	(180, 39.21776198348923)	(185, 39.01641464767691)	(190, 39.309428604384195)	(195, 38.75100212563783)	(200, 39.2096343024118)	(205, 38.990360479614196)	(210, 38.691019317488994)	(215, 38.848848750157906)	(220, 38.00485820842236)	(225, 38.7822624585995)	(230, 38.99669345226652)	(235, 38.7168889340503)	(240, 38.67905917182513)	(245, 38.64636224823276)	(250, 35.83540724913904)
062024-BEL-CBC-T3-1436-MCAV_S47_R2_16S	(1, 38.50045062165872)	(2, 38.06666544951793)	(3, 38.977927007590026)	(4, 39.19750506638163)	(5, 39.403340409393515)	(6, 39.24312822717307)	(7, 39.21946021666354)	(8, 39.19324283279198)	(9, 38.93436857366212)	(10, 39.267472087183265)	(15, 39.43521554321072)	(20, 39.258112434668156)	(25, 39.45767127357465)	(30, 39.47542925239958)	(35, 39.25034215710845)	(40, 39.37386195209635)	(45, 39.04373536309483)	(50, 39.140225161452015)	(55, 39.354926215890096)	(60, 39.29600979915386)	(65, 39.25116406445798)	(70, 39.26372371166189)	(75, 39.159037412386034)	(80, 39.148478093812294)	(85, 39.081422271498305)	(90, 39.25616521798304)	(95, 39.21030371733822)	(100, 39.08194940755285)	(105, 38.85922579381611)	(110, 39.22106220570588)	(115, 38.94362664958233)	(120, 38.99428548666309)	(125, 39.002638003920325)	(130, 38.5602354186964)	(135, 38.36311773756392)	(140, 38.47962144461171)	(145, 37.96494014117819)	(150, 38.021860212680146)	(155, 38.21700013775911)	(160, 38.339952962733676)	(165, 38.722703530782525)	(170, 38.25391493126152)	(175, 38.15813816076654)	(180, 37.78206973930334)	(185, 37.97437614211428)	(190, 37.564383793553866)	(195, 38.31415317153001)	(200, 38.09256283392061)	(205, 37.68554010698737)	(210, 37.617060220646934)	(215, 36.92873140459518)	(220, 36.925869998556024)	(225, 37.8385622596477)	(230, 36.931755465966035)	(235, 36.7750599584067)	(240, 36.29812465041552)	(245, 36.30640081925175)	(250, 36.76090662090188)
062024-BEL-CBC-T4-1473-PSTR_S90_R2_16S	(1, 39.29432975609756)	(2, 39.001815414634144)	(3, 39.17553951219512)	(4, 39.4402247804878)	(5, 39.36608468292683)	(6, 39.07282107317073)	(7, 39.34247648780488)	(8, 39.625781073170735)	(9, 39.33290458536585)	(10, 39.516597697560975)	(15, 39.585882536585366)	(20, 39.52426333658536)	(25, 39.67930318048781)	(30, 39.6917319804878)	(35, 39.48168616585365)	(40, 39.61254899512195)	(45, 39.579895882926834)	(50, 39.521393639024396)	(55, 39.57043761951219)	(60, 39.54370840975609)	(65, 39.371124136585365)	(70, 39.46551570731707)	(75, 39.351322224390245)	(80, 39.38601209756098)	(85, 39.3613468097561)	(90, 39.61272039024391)	(95, 39.43817709268293)	(100, 38.978191297560976)	(105, 39.28368858536585)	(110, 39.288414907317076)	(115, 39.11028729756098)	(120, 39.25603215609756)	(125, 39.266192234146345)	(130, 39.25625662439025)	(135, 39.09835114146342)	(140, 39.314715473170736)	(145, 38.943150204878044)	(150, 38.907115707317075)	(155, 39.216713365853664)	(160, 39.38497092682927)	(165, 39.43792733658537)	(170, 39.10017404878049)	(175, 39.242476019512196)	(180, 39.13254556097561)	(185, 38.89963488780488)	(190, 39.21063211707317)	(195, 38.72650708292683)	(200, 39.11984452682927)	(205, 38.842399219512195)	(210, 38.48495672195122)	(215, 38.733385990243896)	(220, 37.815675629268284)	(225, 38.75631297560976)	(230, 38.929921560975615)	(235, 38.509872390243906)	(240, 38.45878571707317)	(245, 38.54529873170732)	(250, 38.4962872195122)
082024-BEL-CBC-T1-1481-PSTR_S15_R2_16S	(1, 39.11161229528554)	(2, 38.84576838229923)	(3, 39.262951248374705)	(4, 39.45284810588905)	(5, 39.23555493871349)	(6, 39.515836608277695)	(7, 39.64564858507794)	(8, 39.20589782173589)	(9, 39.21199725342956)	(10, 39.50376046399509)	(15, 39.64650323598592)	(20, 39.34629432131952)	(25, 39.62298207424506)	(30, 39.54138701807185)	(35, 39.60618416631361)	(40, 39.569219418837385)	(45, 39.39870706657511)	(50, 39.47208432555625)	(55, 39.554808689681366)	(60, 39.49108679454777)	(65, 39.471362620345076)	(70, 39.50330318923578)	(75, 39.32171470730032)	(80, 39.40864804452951)	(85, 39.37260661222224)	(90, 39.61311998714372)	(95, 39.49873482446785)	(100, 39.1736855176847)	(105, 39.4016647430934)	(110, 39.46289792400181)	(115, 39.141720112784704)	(120, 39.29237826703093)	(125, 39.239753685225494)	(130, 39.246872123770984)	(135, 38.78458779529284)	(140, 39.30451723180762)	(145, 38.81463133135619)	(150, 38.71120323160309)	(155, 39.1363577261903)	(160, 39.14418472147146)	(165, 39.27620052886091)	(170, 38.76838595158439)	(175, 38.981445309646595)	(180, 38.77090388464404)	(185, 38.93068050665459)	(190, 38.787339479028184)	(195, 38.71657803620214)	(200, 38.83131090300808)	(205, 38.662754021242094)	(210, 38.47835833978583)	(215, 37.737116685415415)	(220, 38.17690178088797)	(225, 38.41406083361334)	(230, 38.299861210536314)	(235, 38.38448406843051)	(240, 37.6069131762334)	(245, 37.989916580227614)	(250, 37.955527107773676)
082024-BEL-CBC-T2-1508-SSID_S14_R2_16S	(1, 37.68407619708735)	(2, 38.21015917670193)	(3, 38.526268266045214)	(4, 39.184296061619484)	(5, 39.31224808548229)	(6, 38.71701934155466)	(7, 37.96959475769885)	(8, 37.96682329024336)	(9, 38.41114537025318)	(10, 39.11513568316542)	(15, 38.94257921321118)	(20, 38.58521231606734)	(25, 39.336461629398435)	(30, 38.69092788051896)	(35, 39.07663420674574)	(40, 39.20442912859269)	(45, 38.08064970295454)	(50, 39.07642647716997)	(55, 38.949394622257074)	(60, 39.08990332484756)	(65, 39.10435462257023)	(70, 38.73568890669262)	(75, 38.91785834982861)	(80, 38.44105790722891)	(85, 38.143698760799126)	(90, 38.280350374030675)	(95, 37.89832420166993)	(100, 38.396478513950626)	(105, 38.49972220083744)	(110, 38.986014006088354)	(115, 38.64389957475459)	(120, 38.46804187473332)	(125, 38.60654426453683)	(130, 38.63711130625628)	(135, 37.82518460139278)	(140, 38.445440061796944)	(145, 37.614156405234475)	(150, 38.50325255975813)	(155, 38.33971927800924)	(160, 37.82948481238444)	(165, 38.83599097576793)	(170, 38.094954859267126)	(175, 38.51006379333516)	(180, 38.03939868029087)	(185, 38.338188446738634)	(190, 37.238288005574255)	(195, 38.32528833569726)	(200, 37.327255242496875)	(205, 37.83522295046459)	(210, 37.28194044476572)	(215, 37.94408577456905)	(220, 37.27833179580391)	(225, 37.691161445808284)	(230, 37.35537232786304)	(235, 36.57998254132083)	(240, 36.754293752063276)	(245, 36.670305239821964)	(250, 35.86500578693887)
082024-BEL-CBC-T2-1511-SSID_S80_R2_16S	(1, 38.24906147710251)	(2, 37.63327641579801)	(3, 38.51605506000999)	(4, 39.13575140393162)	(5, 39.09298311583438)	(6, 39.079409208312015)	(7, 39.09010436251333)	(8, 38.95200433970522)	(9, 38.75764842223359)	(10, 39.04836798727678)	(15, 39.306871405411066)	(20, 38.70152567761661)	(25, 39.25748506685242)	(30, 39.18138365090031)	(35, 39.07590908810711)	(40, 39.22959876219771)	(45, 38.472930472251164)	(50, 38.842515549582984)	(55, 38.92692158325268)	(60, 39.072073010608854)	(65, 38.894155575966415)	(70, 38.99947849565105)	(75, 38.774496218168814)	(80, 38.6067037349821)	(85, 38.23814748833395)	(90, 38.878890786140076)	(95, 38.82519802987246)	(100, 39.06591790313334)	(105, 38.282032757377195)	(110, 39.27471320342985)	(115, 38.52720514353699)	(120, 38.48144097939256)	(125, 38.747242376235185)	(130, 38.289279571947255)	(135, 38.01364171541643)	(140, 37.50095978991881)	(145, 37.17102013894454)	(150, 37.60158978689829)	(155, 37.740256930274995)	(160, 37.43328196371662)	(165, 38.08453363579764)	(170, 37.56791207165445)	(175, 37.70518792033189)	(180, 37.1887500539381)	(185, 37.51631334644286)	(190, 36.170267471320344)	(195, 37.32962403604914)	(200, 37.08753505976341)	(205, 36.813440757475824)	(210, 36.46896864193117)	(215, 37.04280465778588)	(220, 35.82337214821573)	(225, 37.02800712599323)	(230, 36.188695807622835)	(235, 35.468359603755324)	(240, 35.26713166443723)	(245, 35.52427399320688)	(250, 35.292732843061714)
082024-BEL-CBC-T2-1512-PAST_S63_R2_16S	(1, 39.07788676501046)	(2, 38.84774604206305)	(3, 39.336880653541584)	(4, 39.10514829818534)	(5, 39.034290688018075)	(6, 39.36694585719395)	(7, 39.10601936730281)	(8, 39.064682209611995)	(9, 38.80105993395058)	(10, 39.41420149000768)	(15, 39.40399905967156)	(20, 39.176206227611424)	(25, 39.541533148242245)	(30, 37.899255129351765)	(35, 38.82142057521196)	(40, 39.21571547206552)	(45, 39.14242952364906)	(50, 39.21745334818856)	(55, 39.221102781494174)	(60, 39.284935898503136)	(65, 39.09716749367176)	(70, 39.04119131354959)	(75, 38.99422523796237)	(80, 39.243849406267834)	(85, 38.91606236801604)	(90, 39.300985679970005)	(95, 39.04083489444281)	(100, 39.32112868714301)	(105, 38.9653006820045)	(110, 39.311373512173326)	(115, 38.99021645534805)	(120, 39.1304580504967)	(125, 38.98649270146637)	(130, 38.961247147215346)	(135, 38.808732268116145)	(140, 38.92463587246429)	(145, 38.58378093277651)	(150, 38.811911270821916)	(155, 38.976832358486234)	(160, 38.58316372569847)	(165, 38.67942245720074)	(170, 38.373527756670704)	(175, 38.803418746499574)	(180, 38.72380302916284)	(185, 38.926330328322464)	(190, 38.41429485689626)	(195, 38.9863483224261)	(200, 37.940375984864176)	(205, 38.531752267410226)	(210, 38.02931160899385)	(215, 38.70119092729569)	(220, 38.28504737936725)	(225, 38.42506947575358)	(230, 38.525355370227686)	(235, 37.49439658817943)	(240, 37.88928791431557)	(245, 38.37654852847257)	(250, 37.66745271553133)
082024-BEL-CBC-T3-1553-MCAV_S42_R2_16S	(1, 39.41092021278706)	(2, 39.00517951098117)	(3, 39.31269198372494)	(4, 39.36232114025936)	(5, 39.404854750221155)	(6, 39.18768818206702)	(7, 39.33941598600461)	(8, 39.64654234253533)	(9, 39.380153891112585)	(10, 39.54538677075937)	(15, 39.60982956671678)	(20, 39.59094160785668)	(25, 39.70327445061084)	(30, 39.66693615462632)	(35, 39.52192227692201)	(40, 39.665999426114944)	(45, 39.65900649124825)	(50, 39.586252676036594)	(55, 39.62262006296868)	(60, 39.57554694287199)	(65, 39.460604642121844)	(70, 39.571274540528314)	(75, 39.376392960519624)	(80, 39.47244121975698)	(85, 39.596174275932924)	(90, 39.7494203628699)	(95, 39.63505855875512)	(100, 39.252840797144856)	(105, 39.36942435626361)	(110, 39.343579429526514)	(115, 39.22840413673275)	(120, 39.307901762514724)	(125, 39.334392772750775)	(130, 39.344628819343896)	(135, 39.253872996856856)	(140, 39.418048288328315)	(145, 39.092117014369606)	(150, 39.05411312940579)	(155, 39.31516894567794)	(160, 39.47276545159068)	(165, 39.56355459643583)	(170, 39.21794382538026)	(175, 39.330294916092456)	(180, 39.245435035286)	(185, 39.022930807181226)	(190, 39.36341760451914)	(195, 38.807234125268266)	(200, 39.24292316419592)	(205, 39.014566101905594)	(210, 38.6946333813334)	(215, 38.87624922479237)	(220, 37.86728392368123)	(225, 38.911438692811494)	(230, 39.03215845574672)	(235, 38.64329235476675)	(240, 38.650245620159495)	(245, 38.73267111758164)	(250, 38.6872121483797)
082024-BEL-CBC-T3-1556-OFAV_S77_R2_16S	(1, 39.43123818254741)	(2, 39.01975973567104)	(3, 39.42238774613725)	(4, 39.657678718080945)	(5, 39.53181687961955)	(6, 39.55255065986746)	(7, 39.44343474856281)	(8, 39.30730151454382)	(9, 39.035546897381536)	(10, 39.59723829714089)	(15, 39.548724001604306)	(20, 39.571300445004674)	(25, 39.721515689757254)	(30, 39.612863500066844)	(35, 39.501845337000326)	(40, 39.61068011230161)	(45, 39.625661299872036)	(50, 39.482848793903635)	(55, 39.622790351229014)	(60, 39.49550526175061)	(65, 39.47019920166543)	(70, 39.44378387669741)	(75, 39.414708455088906)	(80, 39.369707213659545)	(85, 39.48629843961878)	(90, 39.65007162092477)	(95, 39.539742546649094)	(100, 39.01424167764854)	(105, 39.31159915200825)	(110, 39.29549112855479)	(115, 39.1794109895147)	(120, 39.329818751313056)	(125, 39.25324815218014)	(130, 39.24766668576558)	(135, 39.01761798353674)	(140, 39.429627762180324)	(145, 38.98243090968124)	(150, 38.93626425256403)	(155, 39.23876544624611)	(160, 39.29904925609733)	(165, 39.51857942283084)	(170, 39.032348211386775)	(175, 39.244415668748445)	(180, 38.886723199449946)	(185, 39.11944574953685)	(190, 39.01538073683607)	(195, 38.67149067018086)	(200, 39.01632345919517)	(205, 38.93717145094444)	(210, 38.68268950896694)	(215, 37.80697606906167)	(220, 38.30470329838232)	(225, 38.68835844840429)	(230, 38.45848774804713)	(235, 38.682599744074565)	(240, 38.55747894344812)	(245, 37.96501422869039)	(250, 36.30567142229607)
082024-BEL-CBC-T3-1557-PAST_S27_R2_16S	(1, 38.85057757644394)	(2, 38.421313703284255)	(3, 38.879803699509246)	(4, 39.12196677991695)	(5, 38.85976594941487)	(6, 39.01583238958097)	(7, 39.359516798791994)	(8, 38.73556436391091)	(9, 39.00970932427331)	(10, 39.22221819554549)	(15, 39.41482672706682)	(20, 38.993511513778785)	(25, 39.37776141940355)	(30, 37.23151830879577)	(35, 38.41843865609663)	(40, 39.06962627406568)	(45, 38.82700566251415)	(50, 39.251697999244996)	(55, 38.73762778406946)	(60, 39.08769422423556)	(65, 38.80866817667044)	(70, 39.06721102302755)	(75, 38.83433484333711)	(80, 38.99519667799169)	(85, 38.696186485466214)	(90, 39.22939448848622)	(95, 38.887879577198945)	(100, 39.253573046432614)	(105, 39.021525103812756)	(110, 39.32976821442054)	(115, 38.72702076255191)	(120, 38.762010570026426)	(125, 38.940882597206496)	(130, 38.51421366553417)	(135, 38.08449490373726)	(140, 38.73860702151755)	(145, 38.24613439033597)	(150, 38.030466968667426)	(155, 38.51695281238203)	(160, 38.48218875047188)	(165, 38.19983956209891)	(170, 37.88424348810872)	(175, 38.4920181200453)	(180, 37.92957417893545)	(185, 38.50676670441676)	(190, 37.778886372215936)	(195, 38.49392110230275)	(200, 37.456738014345035)	(205, 37.95283880709702)	(210, 37.86391128727822)	(215, 37.36181653454133)	(220, 37.69268138920347)	(225, 37.687157040392606)	(230, 37.43986221215553)	(235, 36.05967685919215)	(240, 36.89741223103057)	(245, 37.120375990939976)	(250, 37.303163457908646)
092023-BEL-CBC-T1-173-SSID_S75_R2_16S	(1, 38.253834457044185)	(2, 37.467820257591924)	(3, 38.28277642736942)	(4, 38.9593044358165)	(5, 39.03713745201773)	(6, 39.08446804298332)	(7, 38.98823403249046)	(8, 38.79116301323156)	(9, 38.61168732608146)	(10, 38.76383869158262)	(15, 39.14709246692111)	(20, 38.34020226795279)	(25, 38.96002760699084)	(30, 38.91838532100001)	(35, 38.8594688678934)	(40, 38.99221999802022)	(45, 38.46093665790429)	(50, 38.631138155941)	(55, 38.85293832972206)	(60, 38.629567252169515)	(65, 38.65741484178225)	(70, 38.48392222747721)	(75, 38.5795117082238)	(80, 38.55965859721291)	(85, 38.082564150507594)	(90, 38.674384067136685)	(95, 38.26955971799074)	(100, 38.721728131633654)	(105, 38.577162639272316)	(110, 38.996890638920355)	(115, 38.23778940595476)	(120, 38.242716868861294)	(125, 38.412888670134954)	(130, 38.215613623115075)	(135, 37.68743139497794)	(140, 37.25660450510894)	(145, 36.61548383726174)	(150, 37.35448338631089)	(155, 37.53113458133064)	(160, 37.29611467350058)	(165, 38.01178191577118)	(170, 37.5660865715637)	(175, 37.646300828209725)	(180, 36.836073592978366)	(185, 37.42525599709632)	(190, 36.72530769146163)	(195, 37.43840726360827)	(200, 36.79786238300025)	(205, 36.524822094391716)	(210, 36.63187700040696)	(215, 36.96936228951044)	(220, 35.78040866045601)	(225, 36.81605220031017)	(230, 36.45615767881301)	(235, 36.02371918960833)	(240, 35.56444445055489)	(245, 35.9329056632827)	(250, 35.291631149704685)
092023-BEL-CBC-T1-174-MCAV_S95_R2_16S	(1, 39.31552969540497)	(2, 39.01803144349631)	(3, 39.16467494993024)	(4, 39.45111830386099)	(5, 39.383064554402814)	(6, 39.103047215867925)	(7, 39.28660788017427)	(8, 39.62130171898285)	(9, 39.32962516492174)	(10, 39.491095017069604)	(15, 39.57179070996238)	(20, 39.54218484523459)	(25, 39.59064478467628)	(30, 39.61916635817996)	(35, 39.45283633751926)	(40, 39.63130618017523)	(45, 39.595803947997055)	(50, 39.34965560227679)	(55, 39.5763392278024)	(60, 39.527377799714614)	(65, 39.37526474487358)	(70, 39.499762386136766)	(75, 39.30964978057894)	(80, 39.42204904780437)	(85, 39.49125827772663)	(90, 39.66090983012665)	(95, 39.45485178400236)	(100, 39.19935138692459)	(105, 39.32511682945273)	(110, 39.25578420484783)	(115, 39.16222066133221)	(120, 39.26611139059479)	(125, 39.090852024463786)	(130, 39.229319525784746)	(135, 39.01742364558516)	(140, 39.30073688773298)	(145, 38.951890628015654)	(150, 38.96005397726374)	(155, 39.212966566368934)	(160, 39.35287493790717)	(165, 39.41450931629854)	(170, 39.11096947088993)	(175, 39.20744544531242)	(180, 39.11216450093178)	(185, 38.98940735748705)	(190, 39.2134560319434)	(195, 38.72809696923676)	(200, 39.103960652916065)	(205, 38.88266367988255)	(210, 38.686568014199885)	(215, 38.824694123565536)	(220, 37.92297672270051)	(225, 38.66453541901987)	(230, 38.95665587754185)	(235, 38.624854220256346)	(240, 38.40723092840261)	(245, 38.067674706304835)	(250, 38.619513287076146)
092023-BEL-CBC-T2-175-PAST_S56_R2_16S	(1, 38.90398958371759)	(2, 38.75659864112874)	(3, 39.40481821373873)	(4, 39.00866065243855)	(5, 38.9682797968661)	(6, 39.05721167705699)	(7, 39.02176571288824)	(8, 38.69907409304975)	(9, 38.70289412526591)	(10, 39.31617488533755)	(15, 39.22216602384651)	(20, 38.946759735548845)	(25, 39.42522888086445)	(30, 39.050626356856036)	(35, 39.180994383350345)	(40, 39.362619700490896)	(45, 39.13252478717256)	(50, 38.87888667101134)	(55, 39.28562665059958)	(60, 39.05307686107024)	(65, 39.011718864209875)	(70, 38.74286182713944)	(75, 38.89732064907758)	(80, 39.02869478133868)	(85, 38.62779032449781)	(90, 39.204599887147836)	(95, 38.9368445932745)	(100, 39.17746891441953)	(105, 39.03621297635979)	(110, 39.117284006279284)	(115, 38.28027232075154)	(120, 38.290765113104925)	(125, 38.80304673527969)	(130, 38.84721210059418)	(135, 38.38696379850013)	(140, 38.53723697998855)	(145, 38.12656712176421)	(150, 38.3219762518598)	(155, 38.81105896594078)	(160, 38.3687839427487)	(165, 39.02936752234842)	(170, 38.72471585436332)	(175, 38.92952149861121)	(180, 38.381627776388754)	(185, 38.979679778558356)	(190, 38.022850787847496)	(195, 38.86734405292302)	(200, 37.90453198457232)	(205, 38.05997177329557)	(210, 37.859537032862384)	(215, 38.350310070211535)	(220, 36.89828358137584)	(225, 38.13099376853829)	(230, 38.498674875090686)	(235, 37.97291985173466)	(240, 37.6933661779594)	(245, 38.12451610875888)	(250, 37.46663551618937)
092023-BEL-CBC-T2-179-SSID_S33_R2_16S	(1, 37.58734264388104)	(2, 37.03691412551616)	(3, 38.19423093086498)	(4, 37.64381868020139)	(5, 37.89957947992159)	(6, 37.173291688018026)	(7, 38.60807040661119)	(8, 39.146173429963476)	(9, 38.67881321696505)	(10, 38.663987918520505)	(15, 38.873962730696334)	(20, 38.505703184944785)	(25, 38.79573677774795)	(30, 38.77725992261997)	(35, 38.675312407646906)	(40, 38.87513617421624)	(45, 38.525990092969906)	(50, 38.065136960488466)	(55, 38.825059851584335)	(60, 38.73017794153931)	(65, 38.217597857001486)	(70, 38.61061901314701)	(75, 38.332805717554756)	(80, 38.41807775418961)	(85, 37.3759601332867)	(90, 38.35004514287109)	(95, 37.94431565847587)	(100, 37.77587337221314)	(105, 38.56432221978206)	(110, 38.237697144205036)	(115, 38.26992346046542)	(120, 38.5994550320067)	(125, 38.02389074611812)	(130, 37.778080357021814)	(135, 37.126025339656046)	(140, 37.43457266104347)	(145, 36.36516759799257)	(150, 36.339163135219835)	(155, 36.89682969614645)	(160, 37.27367858818043)	(165, 37.09731284687484)	(170, 36.87481082019039)	(175, 37.17055003809353)	(180, 37.160705909784745)	(185, 36.48554533401658)	(190, 36.73189364176895)	(195, 36.82038885228656)	(200, 37.174074706706904)	(205, 35.99179890952176)	(210, 36.446589611988216)	(215, 36.555342448668625)	(220, 36.15133408707016)	(225, 35.90665592998381)	(230, 36.56961572978264)	(235, 35.64960998186151)	(240, 34.86661623679266)	(245, 35.27491601799208)	(250, 34.90762928077781)
092023-BEL-CBC-T2-183-MCAV_S11_R2_16S	(1, 39.01748189741589)	(2, 39.18744364818171)	(3, 38.7133547509133)	(4, 39.24695490174483)	(5, 39.4654888864414)	(6, 39.0710196248999)	(7, 38.016864010812085)	(8, 38.34549008114662)	(9, 38.53102780116372)	(10, 39.35938711622428)	(15, 39.088448880617214)	(20, 38.77246577822912)	(25, 39.47577828511267)	(30, 38.513167704877944)	(35, 39.20406423780607)	(40, 39.29063481781679)	(45, 38.47833383423838)	(50, 39.215192170200694)	(55, 39.201453060218746)	(60, 39.14964765529768)	(65, 39.02335088678861)	(70, 38.61720860859777)	(75, 38.97418727377603)	(80, 38.86660705585434)	(85, 38.64478016490665)	(90, 39.194886661676286)	(95, 38.03452772742801)	(100, 39.07353298599768)	(105, 38.84462373319246)	(110, 39.07435658590584)	(115, 38.61934414417105)	(120, 38.60978724913524)	(125, 38.90338978937721)	(130, 38.93147282885661)	(135, 38.241735906678585)	(140, 38.29208825138092)	(145, 38.00170544169559)	(150, 38.78938803092046)	(155, 38.6947039091128)	(160, 38.70323410435377)	(165, 39.1004840422851)	(170, 38.47280160239837)	(175, 38.818273762966754)	(180, 37.76449448102191)	(185, 38.951782817525576)	(190, 38.060012283063)	(195, 38.974426214819196)	(200, 38.14151208612331)	(205, 38.57647737433661)	(210, 38.297921399597165)	(215, 38.39249725124464)	(220, 38.012995405985095)	(225, 38.37116130947158)	(230, 38.05636021855638)	(235, 38.26034418710577)	(240, 38.095267287291136)	(245, 38.089239999477314)	(250, 37.59667311931932)
092023-BEL-CBC-T3-174-OFAV_S3_R2_16S	(1, 38.46368732708829)	(2, 38.883720817356696)	(3, 39.37547444546911)	(4, 39.60746007862932)	(5, 39.64349851963306)	(6, 39.49371450759598)	(7, 38.9748677377081)	(8, 38.72127845459399)	(9, 39.146333058292484)	(10, 39.581296898509926)	(15, 39.46225112847644)	(20, 39.404101344464394)	(25, 39.725348735621026)	(30, 39.176832014755135)	(35, 39.46273600931903)	(40, 39.5232082706402)	(45, 39.032452555453084)	(50, 39.55282046303937)	(55, 39.58007086346648)	(60, 39.25885502111343)	(65, 39.41516866475756)	(70, 39.307759064213954)	(75, 39.35181429888851)	(80, 39.351808959860215)	(85, 39.33477260593118)	(90, 39.48332281706547)	(95, 38.91470950832403)	(100, 39.240553802844246)	(105, 39.14108770567393)	(110, 39.31524632335097)	(115, 39.07330146095229)	(120, 39.25696694656118)	(125, 39.17011842935495)	(130, 39.003416492743774)	(135, 38.52742416152988)	(140, 39.190155802553036)	(145, 38.309993204873074)	(150, 38.52028005630248)	(155, 38.94549143328642)	(160, 38.806627190215025)	(165, 39.27016502451099)	(170, 38.57533708683202)	(175, 39.12137552783575)	(180, 38.33490850846964)	(185, 38.770229092850556)	(190, 38.15889870407222)	(195, 38.926783478134254)	(200, 38.49928262874339)	(205, 38.318481774498856)	(210, 38.506529631607044)	(215, 37.552308887055275)	(220, 37.902200650390725)	(225, 38.43932339950492)	(230, 37.690419356404405)	(235, 38.078406542736495)	(240, 37.55995825850604)	(245, 37.6198233267)	(250, 36.91575013347571)
092023-BEL-CBC-T3-175-MCAV_S78_R2_16S	(1, 39.11410303006402)	(2, 38.63147988075431)	(3, 39.192322573012405)	(4, 39.37375337203738)	(5, 39.18149794666772)	(6, 39.3126554121533)	(7, 39.21785999396737)	(8, 38.969034278338704)	(9, 38.83577498505166)	(10, 39.37197896893196)	(15, 39.33642354601372)	(20, 38.92188853278138)	(25, 39.49192981259412)	(30, 39.38696248578442)	(35, 39.3392684743949)	(40, 39.49732890940504)	(45, 39.16064082299562)	(50, 39.101704377706554)	(55, 39.393400985471594)	(60, 39.23779111967095)	(65, 39.16454092861992)	(70, 39.05445759093443)	(75, 39.112634734942674)	(80, 39.209521322574076)	(85, 38.905005270557034)	(90, 39.3679859224434)	(95, 38.81802967499475)	(100, 39.15004897514578)	(105, 39.01367189956418)	(110, 39.21602334606297)	(115, 38.8622111185838)	(120, 38.83665707059349)	(125, 38.990075152068094)	(130, 38.82984936545478)	(135, 38.35871677657208)	(140, 38.53947396749841)	(145, 38.099481257813906)	(150, 38.58158769002516)	(155, 38.794150694232016)	(160, 38.704608140212805)	(165, 39.12198595015513)	(170, 38.71938403229056)	(175, 38.8999242190889)	(180, 38.22476298480865)	(185, 38.896867402590615)	(190, 38.06278581713885)	(195, 38.807316748220856)	(200, 38.34981449131397)	(205, 38.27043062955711)	(210, 38.35227316087403)	(215, 38.079340375664415)	(220, 37.596177913541545)	(225, 38.28525512373819)	(230, 38.14175570834901)	(235, 38.10406094021622)	(240, 37.692559721433206)	(245, 38.1372996628762)	(250, 37.63376822978563)
092023-BEL-CBC-T3-177-SSID_S89_R2_16S	(1, 38.84363851721757)	(2, 38.55353790111465)	(3, 38.86826987018059)	(4, 39.08595190900005)	(5, 39.02266446961159)	(6, 38.73772293365566)	(7, 38.92724829062393)	(8, 39.49798397647398)	(9, 39.12456970438037)	(10, 39.27187076006449)	(15, 39.372593567359694)	(20, 39.15915621852955)	(25, 39.30566490485313)	(30, 39.237294967407934)	(35, 39.267983453163026)	(40, 39.305112492708744)	(45, 39.25806249864386)	(50, 39.04084812112224)	(55, 39.04883818587239)	(60, 39.27256714653855)	(65, 38.95573580710503)	(70, 39.21432391416168)	(75, 38.96722720502174)	(80, 39.0463998121186)	(85, 38.7141836412997)	(90, 38.91471333409065)	(95, 38.417323379363424)	(100, 38.4402035551959)	(105, 38.93974087173393)	(110, 38.95712806950591)	(115, 38.800990461700664)	(120, 39.06952505063991)	(125, 38.56438141454778)	(130, 38.68406747903246)	(135, 38.17395928130261)	(140, 38.69840313578133)	(145, 38.274001018541796)	(150, 38.34415736087906)	(155, 38.59342542755143)	(160, 38.48888781106688)	(165, 38.40384442093091)	(170, 38.139218071331115)	(175, 38.66526453368527)	(180, 38.44045014952653)	(185, 38.497978105180394)	(190, 38.21024183347735)	(195, 38.343107165148)	(200, 38.24002562947287)	(205, 37.27234812176042)	(210, 38.20014167686698)	(215, 37.83251088422958)	(220, 38.12453626353429)	(225, 37.857237709531795)	(230, 37.94140500055522)	(235, 37.78942682134547)	(240, 36.57269618736064)	(245, 37.459185957907934)	(250, 36.882754096184556)
092023-BEL-CBC-T3-182-MCAV_S87_R2_16S	(1, 38.70319193602458)	(2, 38.27013796896919)	(3, 38.790125080148286)	(4, 38.961002203467615)	(5, 38.88111494810297)	(6, 38.48870372962118)	(7, 38.98273614044909)	(8, 39.44997542661672)	(9, 39.10058943572351)	(10, 39.24276380584749)	(15, 39.346563339115946)	(20, 39.25052521945171)	(25, 39.31531719192951)	(30, 39.3964284947094)	(35, 39.23677427964185)	(40, 39.41327587609807)	(45, 39.307608895890226)	(50, 38.888068662264075)	(55, 39.33144930885325)	(60, 39.31011271208782)	(65, 38.99286493101552)	(70, 39.215007534752615)	(75, 38.97875544764241)	(80, 39.172939725233775)	(85, 38.82809554652181)	(90, 39.332097134841156)	(95, 39.050598516483696)	(100, 38.88184895994375)	(105, 39.157493970570535)	(110, 38.965189898549355)	(115, 38.83925492199985)	(120, 39.030002961825005)	(125, 38.81594620544651)	(130, 38.69185107553305)	(135, 38.35617228057271)	(140, 38.576947627773464)	(145, 37.88499422281386)	(150, 38.036200141256266)	(155, 38.495482989034734)	(160, 38.63809818287153)	(165, 38.66808981815696)	(170, 38.47660594382948)	(175, 38.62683022884167)	(180, 38.54721533118737)	(185, 38.20613755236083)	(190, 38.46033738767035)	(195, 38.42790911428413)	(200, 38.37491783376676)	(205, 37.88452918374056)	(210, 37.900630836178536)	(215, 38.16178464602937)	(220, 37.4586109366202)	(225, 37.630037462204186)	(230, 38.23184280846105)	(235, 37.73252233574076)	(240, 37.2098619008407)	(245, 37.24680777104767)	(250, 37.52036010584456)
092023-BEL-CBC-T4-95-OFAV_S58_R2_16S	(1, 38.462689340037315)	(2, 38.06494877146381)	(3, 38.906496062992126)	(4, 38.91916880118901)	(5, 39.31180232741992)	(6, 39.36016506972773)	(7, 39.13041536223635)	(8, 39.203981279448506)	(9, 38.83464566929134)	(10, 39.307286626822254)	(15, 39.435713721025834)	(20, 39.255995636087654)	(25, 39.47714875249028)	(30, 39.441402618347404)	(35, 39.17971413211903)	(40, 39.382266072162665)	(45, 39.03614220662176)	(50, 39.08840954368655)	(55, 39.31726196123075)	(60, 39.02337736773867)	(65, 38.97024871138096)	(70, 39.14610489200898)	(75, 39.00576241975777)	(80, 38.92660800683048)	(85, 38.91331190905353)	(90, 39.199645827404105)	(95, 39.17160176137621)	(100, 38.80446747620403)	(105, 38.90403187553363)	(110, 39.22496837744679)	(115, 38.73201704455617)	(120, 38.86816715681624)	(125, 38.863508759447235)	(130, 38.54640530626443)	(135, 38.438928548841034)	(140, 38.28840480030358)	(145, 37.65721073269456)	(150, 37.50607232077918)	(155, 38.186422856781455)	(160, 38.12965958321475)	(165, 38.60185980141037)	(170, 37.919948297125515)	(175, 38.05201751889448)	(180, 37.493599595231316)	(185, 37.75177362995288)	(190, 37.99654049267938)	(195, 37.84890230212187)	(200, 37.80338717073016)	(205, 37.47289117098315)	(210, 37.22124561237074)	(215, 36.6297319198052)	(220, 36.65706368782215)	(225, 37.37797489169276)	(230, 36.60389273629953)	(235, 36.5675651424596)	(240, 36.32265004901496)	(245, 36.258404088796134)	(250, 34.069420398127946)
092023-BEL-CBC-T4-96-MCAV_S36_R2_16S	(1, 38.372479674564495)	(2, 37.900064942361276)	(3, 38.545603440231126)	(4, 38.468099207550836)	(5, 38.65041012719942)	(6, 37.788828771180064)	(7, 38.645770842974706)	(8, 39.36235361782278)	(9, 38.88334180821626)	(10, 39.03448039445343)	(15, 39.21484875666802)	(20, 39.039235470336955)	(25, 39.25757435519473)	(30, 39.241681950022944)	(35, 38.98039502476761)	(40, 39.279964805430026)	(45, 39.14110622932461)	(50, 38.71761652011785)	(55, 39.08864041928769)	(60, 39.04945408422701)	(65, 38.71258872440633)	(70, 38.90803285588319)	(75, 38.84618487433367)	(80, 38.93034941275727)	(85, 38.161760947358594)	(90, 39.009156301599184)	(95, 38.61392813680176)	(100, 38.492543436155565)	(105, 38.85302800901194)	(110, 38.6578284112356)	(115, 38.64266579822923)	(120, 38.87856159335417)	(125, 38.34446266385567)	(130, 38.43836741378949)	(135, 38.14757037485645)	(140, 38.242920235163716)	(145, 37.26037087611245)	(150, 37.72033343427014)	(155, 38.08359395978906)	(160, 38.43482586496179)	(165, 38.42450593337028)	(170, 37.89506761813892)	(175, 38.23810040736572)	(180, 37.98458523542082)	(185, 37.88258649617868)	(190, 37.97738710789383)	(195, 38.05244067105837)	(200, 38.351516051809156)	(205, 37.389403158750746)	(210, 37.62622300178449)	(215, 37.782334535052684)	(220, 36.98542282047913)	(225, 37.07932528505126)	(230, 37.83603672576231)	(235, 37.27551139728918)	(240, 36.86145947006271)	(245, 36.98584561239123)	(250, 36.21446214964929)
112023-BEL-CBC-T1-274-PAST_S2_R2_16S	(1, 36.88562388447185)	(2, 37.47051111471686)	(3, 38.328031802693495)	(4, 39.03032938503976)	(5, 39.02009411001136)	(6, 38.545013791984424)	(7, 38.42728541294824)	(8, 37.654895343177024)	(9, 38.43795554113257)	(10, 38.958071069284436)	(15, 38.92682784358267)	(20, 38.67776991724809)	(25, 39.02711666396235)	(30, 38.248148628914485)	(35, 38.76281031964952)	(40, 38.853932175888374)	(45, 37.99596560116826)	(50, 38.88889307155606)	(55, 39.10345351289956)	(60, 38.862016550381306)	(65, 38.958252798961546)	(70, 38.437034561090385)	(75, 38.92216972253773)	(80, 37.85990264481584)	(85, 37.741962031478174)	(90, 37.66735226350803)	(95, 36.396690572773004)	(100, 38.28917215641733)	(105, 38.27969430472172)	(110, 38.90225604413435)	(115, 38.462948564011036)	(120, 38.66472821677754)	(125, 38.40133181891936)	(130, 38.57048515333442)	(135, 37.88346714262535)	(140, 38.368802855752065)	(145, 37.092500405646604)	(150, 38.06685380496511)	(155, 38.12310043809833)	(160, 37.490041862729186)	(165, 38.69532760019471)	(170, 37.66725555735843)	(175, 38.429950348856075)	(180, 37.55653869868571)	(185, 37.983668992373836)	(190, 37.592551030342364)	(195, 38.1673211098491)	(200, 36.9726788901509)	(205, 37.50184585429174)	(210, 37.02049067012818)	(215, 37.62700243387961)	(220, 37.033496024663314)	(225, 37.28534090540321)	(230, 36.77104851533344)	(235, 36.138164530261236)	(240, 36.21673860133052)	(245, 36.13889664124615)	(250, 35.285406457893885)
112023-BEL-CBC-T1-275-SSID_S85_R2_16S	(1, 39.099865530349646)	(2, 38.699622545257654)	(3, 38.978021707563194)	(4, 39.295884691715464)	(5, 39.1972139499397)	(6, 38.799966886009564)	(7, 38.882787661011186)	(8, 39.4666544353729)	(9, 39.129428716542)	(10, 39.34414788529135)	(15, 39.41270279522353)	(20, 39.312085487793695)	(25, 39.22668719137425)	(30, 39.22788600732535)	(35, 39.177890594060514)	(40, 39.42887584714761)	(45, 39.42425152313169)	(50, 38.97024081478316)	(55, 39.03789269724639)	(60, 39.28666781521498)	(65, 39.03194560355841)	(70, 39.185217735674286)	(75, 39.00051953166078)	(80, 39.2357546074314)	(85, 38.68557415855784)	(90, 39.21888168684457)	(95, 38.725738744040044)	(100, 38.76043683618195)	(105, 39.04996990654247)	(110, 38.9855819895691)	(115, 38.84489138387393)	(120, 39.125258143692335)	(125, 38.61060184677619)	(130, 38.87171998093708)	(135, 38.33224743310638)	(140, 38.72564119201416)	(145, 38.219748915404935)	(150, 38.79824988085676)	(155, 38.91569804515585)	(160, 38.8143155360551)	(165, 38.71024318646086)	(170, 38.494805354621754)	(175, 38.96284789267487)	(180, 38.58362736916058)	(185, 38.979321207944665)	(190, 38.58071244302939)	(195, 38.80273100923835)	(200, 38.71559109591646)	(205, 37.8274331511318)	(210, 38.607358913145134)	(215, 38.27943688316803)	(220, 38.443531025347866)	(225, 38.006290315724)	(230, 38.44204000080548)	(235, 38.44882792135875)	(240, 37.325195048115965)	(245, 38.16392051747323)	(250, 37.885083266023926)
112023-BEL-CBC-T2-305-PAST_S68_R2_16S	(1, 39.17458315040632)	(2, 39.058709267007735)	(3, 39.38665543718809)	(4, 39.25501249876804)	(5, 39.023551442062164)	(6, 39.38527206099757)	(7, 39.17468349893828)	(8, 39.239014075673545)	(9, 38.79940149268441)	(10, 39.45444947182626)	(15, 39.43900153210705)	(20, 39.08131635770668)	(25, 39.55416294092876)	(30, 37.87619714902653)	(35, 38.84341865945113)	(40, 39.22094130506849)	(45, 39.038048937828705)	(50, 39.23270645366496)	(55, 39.21896157188807)	(60, 39.281065844764406)	(65, 39.1186933187589)	(70, 39.06863373681806)	(75, 39.07145783121735)	(80, 39.28374084991623)	(85, 38.92807554810906)	(90, 39.28137907553915)	(95, 38.90244509949737)	(100, 39.28682441694815)	(105, 38.86948849127774)	(110, 39.28639220148552)	(115, 39.03037370868462)	(120, 39.17927372749998)	(125, 38.93628979222478)	(130, 38.96565894042702)	(135, 38.817794661816485)	(140, 38.96321688722438)	(145, 38.63060666063381)	(150, 38.87085466486278)	(155, 39.08042325577229)	(160, 38.752508623701964)	(165, 38.73774018689914)	(170, 38.413294030158326)	(175, 38.900673947908366)	(180, 38.87546424635565)	(185, 39.024438093019505)	(190, 38.396345163111164)	(195, 39.02330200428273)	(200, 38.012239653797565)	(205, 38.64530915411564)	(210, 38.19380885396601)	(215, 38.77744451711749)	(220, 38.35613263925599)	(225, 38.463967888469774)	(230, 38.552083934379226)	(235, 37.62753778749406)	(240, 38.005379398088)	(245, 38.50760588114075)	(250, 37.80119701463117)
112023-BEL-CBC-T2-306-MCAV_S53_R2_16S	(1, 39.29823863002651)	(2, 39.221496778400265)	(3, 39.58535652084388)	(4, 39.499410588810626)	(5, 39.46405621284007)	(6, 39.458414338049195)	(7, 39.36775311650094)	(8, 39.21425568605918)	(9, 39.00875966265432)	(10, 39.57229235481353)	(15, 39.50237291625557)	(20, 39.4354336504886)	(25, 39.644188508626684)	(30, 39.54118036668755)	(35, 39.453214478752884)	(40, 39.60431376922879)	(45, 39.4641989756085)	(50, 39.41867412510617)	(55, 39.59737604777062)	(60, 39.44623694844582)	(65, 39.45054865859622)	(70, 39.3917756977273)	(75, 39.322576936606126)	(80, 39.47062947742306)	(85, 39.37987559734722)	(90, 39.61799222697907)	(95, 39.17496778400268)	(100, 39.185362698079054)	(105, 39.162419760288955)	(110, 39.21529140248977)	(115, 39.22458402326758)	(120, 39.26276482750929)	(125, 39.19332858601371)	(130, 39.18126101392451)	(135, 38.82692107724118)	(140, 39.40488447712278)	(145, 38.991591067031585)	(150, 38.92829637001639)	(155, 39.270139073586314)	(160, 39.29538406101736)	(165, 39.44094374426247)	(170, 39.04292869583123)	(175, 39.21016223821821)	(180, 38.80074813181533)	(185, 39.101508789690875)	(190, 38.74333690812221)	(195, 39.14569180744185)	(200, 39.069989104043515)	(205, 38.87471160033288)	(210, 38.8713539298369)	(215, 38.13603781840645)	(220, 38.36464356495106)	(225, 38.87673773346947)	(230, 38.59560077901799)	(235, 38.75013735768765)	(240, 38.23154199232994)	(245, 38.35045102396253)	(250, 37.569348902253836)
112023-BEL-CBC-T2-313-SSID_S32_R2_16S	(1, 39.1524991856183)	(2, 38.76063251232615)	(3, 39.13380153379822)	(4, 39.206968898900726)	(5, 39.297787642378765)	(6, 39.055803090785616)	(7, 39.0870808694836)	(8, 39.51082989636648)	(9, 39.28065525980157)	(10, 39.42434642417415)	(15, 39.48289687995186)	(20, 39.3407461392786)	(25, 39.445561205616194)	(30, 39.31943584052474)	(35, 39.34470375830256)	(40, 39.432488032729864)	(45, 39.494180069457094)	(50, 39.26583737763569)	(55, 39.03719874778461)	(60, 39.36838266554033)	(65, 39.06526648225752)	(70, 39.312622088240325)	(75, 39.13404170738575)	(80, 39.18912372528558)	(85, 38.79132780105897)	(90, 38.94638773403121)	(95, 38.33269287043325)	(100, 38.292122858452174)	(105, 38.859458146301606)	(110, 38.99973718936169)	(115, 38.78049183133741)	(120, 38.98530137644311)	(125, 38.60949927947924)	(130, 38.95751467267377)	(135, 38.6014940453514)	(140, 39.086920201635394)	(145, 38.80633340510935)	(150, 38.999662100607885)	(155, 39.03979096616037)	(160, 38.88626151867004)	(165, 38.901881083707394)	(170, 38.35562309862577)	(175, 39.11392012985938)	(180, 38.67080924695918)	(185, 39.12189610145815)	(190, 38.54162070241112)	(195, 38.81344199117707)	(200, 38.67915238047914)	(205, 38.101261049365334)	(210, 38.82620873569311)	(215, 38.21498351912278)	(220, 38.785307449798196)	(225, 38.45759417841309)	(230, 38.494361717986514)	(235, 38.576855548009874)	(240, 37.06867142596856)	(245, 38.349265952219255)	(250, 37.60646177375096)
112023-BEL-CBC-T2-314-SSID_S93_R2_16S	(1, 38.75524296176534)	(2, 38.45409155741799)	(3, 38.829146113016705)	(4, 39.0361919217219)	(5, 38.972261008982365)	(6, 38.674224710574116)	(7, 38.95137765072718)	(8, 39.499777278174314)	(9, 39.1358213186032)	(10, 39.2487240364094)	(15, 39.379506292454)	(20, 39.19742152617694)	(25, 39.3549471991793)	(30, 39.284588399567454)	(35, 39.239961544864585)	(40, 39.31316368479387)	(45, 39.27926077351215)	(50, 39.074582865267544)	(55, 39.03422417064242)	(60, 39.34205542998811)	(65, 38.941840657156874)	(70, 39.26866311411606)	(75, 39.075899098764005)	(80, 39.06991005637787)	(85, 38.694412756786264)	(90, 39.08587943625132)	(95, 38.8019125580614)	(100, 38.75951892085651)	(105, 38.87163903766174)	(110, 38.9110060577337)	(115, 38.82134320008519)	(120, 39.12365665743283)	(125, 38.52118736979772)	(130, 38.53382627097672)	(135, 37.9149493589061)	(140, 38.5536219668212)	(145, 38.2979922039862)	(150, 38.20155920276085)	(155, 38.51149889538973)	(160, 38.45779488894655)	(165, 38.18205387018542)	(170, 37.95992896898543)	(175, 38.605163546811326)	(180, 38.38708723346497)	(185, 38.34833753530178)	(190, 38.08222679831001)	(195, 38.41998107239434)	(200, 38.21911958137296)	(205, 37.45042872076682)	(210, 37.9561344489922)	(215, 37.72330870144926)	(220, 37.972277506895374)	(225, 37.654496206229915)	(230, 37.89242220859062)	(235, 37.613545386508605)	(240, 36.2862438901479)	(245, 37.24760187836238)	(250, 36.74189540023187)
112023-BEL-CBC-T3-353-MCAV_S35_R2_16S	(1, 39.33690871377077)	(2, 38.91587953533558)	(3, 39.25644089857127)	(4, 39.31752394027029)	(5, 39.36486809876932)	(6, 39.04784903282433)	(7, 39.37847344908684)	(8, 39.64027591794479)	(9, 39.36879306529233)	(10, 39.533826504776805)	(15, 39.59595440377193)	(20, 39.582974407447836)	(25, 39.693351787877766)	(30, 39.664308535976986)	(35, 39.52055018548318)	(40, 39.67476701137655)	(45, 39.64243104864573)	(50, 39.569871980975314)	(55, 39.61256769479483)	(60, 39.572998450868525)	(65, 39.45281585590452)	(70, 39.56561243206139)	(75, 39.35925716707739)	(80, 39.46376720267366)	(85, 39.57376423944397)	(90, 39.73022846876044)	(95, 39.594305647765765)	(100, 39.23920975540227)	(105, 39.36058394379616)	(110, 39.32967018128214)	(115, 39.19814704370952)	(120, 39.28674025978897)	(125, 39.313775117122596)	(130, 39.32534491618561)	(135, 39.19462447627728)	(140, 39.38009789910766)	(145, 39.02311829287963)	(150, 38.9999050266128)	(155, 39.28612240764288)	(160, 39.434109699513506)	(165, 39.53170273179771)	(170, 39.18997603159778)	(175, 39.29362920619202)	(180, 39.24158228963883)	(185, 39.035273386071324)	(190, 39.25204556622068)	(195, 38.73102156406015)	(200, 39.19822236225671)	(205, 38.934230704310934)	(210, 38.61296769329447)	(215, 38.79879715379912)	(220, 37.82521475913444)	(225, 38.79776880056714)	(230, 38.98167433730556)	(235, 38.72579862791213)	(240, 38.64646104103135)	(245, 38.12453126582422)	(250, 37.261621674337306)
112023-BEL-CBC-T3-354-PSTR_S26_R2_16S	(1, 39.33697119742052)	(2, 38.993396233981855)	(3, 39.31216563421553)	(4, 39.46441853439172)	(5, 39.281716123616086)	(6, 39.40023634531012)	(7, 39.5861737993578)	(8, 39.18117044400301)	(9, 39.22185712872531)	(10, 39.491817479393305)	(15, 39.609435097278556)	(20, 39.320056466209834)	(25, 39.65758644383189)	(30, 39.5428236847945)	(35, 39.537043651695456)	(40, 39.54095591518304)	(45, 39.56841849161428)	(50, 39.43631964366399)	(55, 39.56195535640285)	(60, 39.462663590256376)	(65, 39.41951185603256)	(70, 39.406207272698104)	(75, 39.30649922866944)	(80, 39.37289194153394)	(85, 39.45670522873895)	(90, 39.64928040339118)	(95, 39.56925291889131)	(100, 39.02996639298023)	(105, 39.37827254036451)	(110, 39.357660502260515)	(115, 39.1744124118718)	(120, 39.32054519836697)	(125, 39.28969625349906)	(130, 39.28950562656907)	(135, 39.051749195917964)	(140, 39.43940175761772)	(145, 38.99913242021341)	(150, 38.92955867058436)	(155, 39.25626970101249)	(160, 39.335758457231925)	(165, 39.4798742878226)	(170, 39.030222522852505)	(175, 39.22026046108724)	(180, 38.79973103689821)	(185, 39.09924551304846)	(190, 39.034351614447004)	(195, 38.7296811209826)	(200, 39.01742752567314)	(205, 38.852233115614034)	(210, 38.48324541679923)	(215, 37.791392646024775)	(220, 38.52507613046048)	(225, 38.749492686395975)	(230, 38.47979434749711)	(235, 38.744099521694835)	(240, 38.33591833788289)	(245, 38.48548748893802)	(250, 37.81681233273356)
112023-BEL-CBC-T3-357-OFAV_S10_R2_16S	(1, 39.05087068966816)	(2, 39.23128066166691)	(3, 39.18358364751265)	(4, 39.55973423668359)	(5, 39.620839916915074)	(6, 39.2742570782604)	(7, 38.53488557747489)	(8, 38.56975835179749)	(9, 38.834684191420685)	(10, 39.51801584277126)	(15, 39.334392731424515)	(20, 39.37626175065786)	(25, 39.63269714218578)	(30, 38.91418905586543)	(35, 39.41661608166302)	(40, 39.3280230878492)	(45, 39.223343309750426)	(50, 39.43223893995924)	(55, 39.480273957333864)	(60, 39.236572430444994)	(65, 39.40317668802031)	(70, 39.17438887541629)	(75, 39.21265734697597)	(80, 39.31728229745789)	(85, 39.232876085067154)	(90, 39.555590232851685)	(95, 39.087559402860975)	(100, 39.18381681550959)	(105, 39.22296855395173)	(110, 39.103728127320565)	(115, 39.09606310598449)	(120, 39.18102904206815)	(125, 39.24937136522272)	(130, 39.18167853845239)	(135, 38.81043532224028)	(140, 39.40084862305863)	(145, 38.92243729844449)	(150, 38.86734759353456)	(155, 39.21534390020169)	(160, 39.29883611814448)	(165, 39.46569161875526)	(170, 39.01161471850387)	(175, 39.231537929715216)	(180, 38.70200437114681)	(185, 39.101713965527885)	(190, 38.487356661178886)	(195, 39.08790102108905)	(200, 38.94508351420924)	(205, 38.600554602432)	(210, 38.8009537595327)	(215, 37.510402636545614)	(220, 38.38925559460098)	(225, 38.83120715651025)	(230, 38.17658830635383)	(235, 38.454892084488755)	(240, 38.524858751105214)	(245, 38.52149619143876)	(250, 38.65177082658657)
112023-BEL-CBC-T3-359-PAST_S38_R2_16S	(1, 38.004669989018275)	(2, 37.47008859429234)	(3, 38.39441870138382)	(4, 38.08212185142061)	(5, 38.25835248963669)	(6, 37.51380120405047)	(7, 38.706400437378186)	(8, 39.23014506271556)	(9, 38.758532892383855)	(10, 38.96532454375436)	(15, 39.09474941349412)	(20, 39.05256825762458)	(25, 39.146183575944825)	(30, 38.85975128054439)	(35, 38.659196995073195)	(40, 39.19472751307329)	(45, 39.045287864488394)	(50, 38.55902667597303)	(55, 39.02065099394823)	(60, 39.16592861723264)	(65, 38.543137369208004)	(70, 38.97126948389058)	(75, 38.70553702510355)	(80, 38.90839731459876)	(85, 38.20212229258017)	(90, 38.69213585823653)	(95, 38.43479299375601)	(100, 38.50065874575186)	(105, 38.76577610207171)	(110, 38.672526315955324)	(115, 38.59635129535475)	(120, 38.8772974565576)	(125, 38.44369433314794)	(130, 38.30347050769588)	(135, 38.01672309832659)	(140, 38.24894381675493)	(145, 37.237099628007954)	(150, 37.38557943944376)	(155, 37.947641923392645)	(160, 38.18350094770526)	(165, 38.12485760787533)	(170, 37.88563190591957)	(175, 38.39884164105053)	(180, 38.25103995487568)	(185, 37.75154208898503)	(190, 37.83198312249583)	(195, 38.01883121077815)	(200, 37.328184581158396)	(205, 37.11079249587594)	(210, 37.54459225040217)	(215, 37.5564417960866)	(220, 37.35264498787599)	(225, 36.95018331755138)	(230, 37.57311384595023)	(235, 36.972505991104335)	(240, 35.63880502480735)	(245, 36.50632512513964)	(250, 36.11213330581338)
112023-BEL-CBC-T4-397-PSTR_S20_R2_16S	(1, 39.323895054986316)	(2, 39.016205840489114)	(3, 39.37646572528306)	(4, 39.6021565210398)	(5, 39.388708955404816)	(6, 39.42498922271692)	(7, 39.63543511543372)	(8, 39.19087056202127)	(9, 39.29608759491845)	(10, 39.51831546778139)	(15, 39.63634484230869)	(20, 39.341574411743665)	(25, 39.68456793591227)	(30, 39.54805852197767)	(35, 39.581197795225115)	(40, 39.57278128413176)	(45, 39.632183184836464)	(50, 39.46640663206504)	(55, 39.5959918559812)	(60, 39.46743604739521)	(65, 39.449347479121045)	(70, 39.43458747990162)	(75, 39.35251218616522)	(80, 39.401667714334884)	(85, 39.50317842627422)	(90, 39.6770322940031)	(95, 39.58282778167738)	(100, 39.07695127958431)	(105, 39.39833370489581)	(110, 39.38188316538118)	(115, 39.20251818832837)	(120, 39.34742921143403)	(125, 39.33210790647506)	(130, 39.31939680330113)	(135, 39.05991932856196)	(140, 39.47019574148004)	(145, 39.03120048584997)	(150, 38.97458997538226)	(155, 39.285182462802844)	(160, 39.379849644334875)	(165, 39.520620061890284)	(170, 39.06059866698757)	(175, 39.268625244447705)	(180, 38.89933219282378)	(185, 39.14948981613275)	(190, 39.04144189107759)	(195, 38.719260438885264)	(200, 39.07731081802683)	(205, 38.92823198744927)	(210, 38.585297124816016)	(215, 37.98313031435369)	(220, 38.57912867514223)	(225, 38.71370627956361)	(230, 38.63217147618324)	(235, 38.86782290602859)	(240, 38.418147466347975)	(245, 37.54789105275576)	(250, 37.92169217241051)
112023-BEL-CBC-T4-398-PSTR_S59_R2_16S	(1, 39.29784650924181)	(2, 39.084800202526836)	(3, 39.464612268817866)	(4, 39.411618151711345)	(5, 39.30819071358457)	(6, 39.586903670129544)	(7, 39.35949426711513)	(8, 39.36419717399599)	(9, 38.89892827519308)	(10, 39.57654997234121)	(15, 39.51813947940622)	(20, 39.500884290112396)	(25, 39.67881580220528)	(30, 39.47657279312383)	(35, 39.47484693340409)	(40, 39.587258578940734)	(45, 39.55829967521462)	(50, 39.45976549972342)	(55, 39.58974829589609)	(60, 39.43570789154834)	(65, 39.43788481164334)	(70, 39.35167483244981)	(75, 39.28798038508093)	(80, 39.32887887884842)	(85, 38.78012705394651)	(90, 39.02871536033407)	(95, 38.34316347165567)	(100, 38.806317036048924)	(105, 39.09250157767677)	(110, 39.09637246925128)	(115, 39.151571743367825)	(120, 39.217160011416475)	(125, 39.20940167559314)	(130, 39.13777581958559)	(135, 38.84345904643207)	(140, 39.33166605709821)	(145, 38.89339116221073)	(150, 38.86193669940891)	(155, 39.188925043770254)	(160, 39.2412441525548)	(165, 39.433716702196094)	(170, 39.003077945447984)	(175, 39.17920448577475)	(180, 38.83731995163212)	(185, 39.001153940479746)	(190, 38.57223666186112)	(195, 39.03321768774962)	(200, 38.98720782552021)	(205, 38.671375009965075)	(210, 38.71716116766946)	(215, 37.965544634712295)	(220, 38.1709961849737)	(225, 38.79421240610769)	(230, 38.55080703415632)	(235, 38.585982684198704)	(240, 37.90787365684481)	(245, 38.40537182966081)	(250, 37.63653065683081)
122022-BEL-CBC-T1-150-PAST_S31_R2_16S	(1, 38.817008626645624)	(2, 38.43636501930062)	(3, 38.87714160756052)	(4, 38.9365139731376)	(5, 39.047405350928905)	(6, 38.60870777792567)	(7, 38.86476259293769)	(8, 39.34247973277048)	(9, 39.10470503971046)	(10, 39.22240899554406)	(15, 39.300018381537335)	(20, 39.20268877521916)	(25, 39.27127092484487)	(30, 39.18491826554349)	(35, 38.91974240493893)	(40, 39.378070192118756)	(45, 39.28928609912086)	(50, 38.84567368334316)	(55, 39.15674887650776)	(60, 39.1213897709914)	(65, 38.78793030228121)	(70, 38.79576083718395)	(75, 38.88546020397168)	(80, 39.12600226916909)	(85, 38.25297305520166)	(90, 39.01491566677442)	(95, 38.27741099215932)	(100, 38.405844061178826)	(105, 38.944067517288154)	(110, 38.830683856573295)	(115, 38.66091958394342)	(120, 39.006816381118995)	(125, 38.63047849043209)	(130, 38.7268097891194)	(135, 38.015261112907005)	(140, 38.381115822700565)	(145, 37.323605063162766)	(150, 38.248947498526306)	(155, 38.349782907705666)	(160, 38.673917866220435)	(165, 38.63985497600892)	(170, 38.272107601716456)	(175, 38.5361419054682)	(180, 37.99601310793766)	(185, 38.50826218410695)	(190, 38.27428866619762)	(195, 38.62468640463468)	(200, 38.4549823473857)	(205, 37.742132385099545)	(210, 38.26674970050771)	(215, 38.1413229636109)	(220, 38.07607040762643)	(225, 37.44005590522733)	(230, 38.188467803786594)	(235, 38.039477837570594)	(240, 37.17744521984953)	(245, 37.77776087521471)	(250, 37.71174263312353)
122022-BEL-CBC-T1-156-SSID_S22_R2_16S	(1, 38.96385623047877)	(2, 38.63443196121393)	(3, 39.06323807747891)	(4, 39.383335042655354)	(5, 38.891982658151136)	(6, 39.014330334250154)	(7, 39.4071698289124)	(8, 38.744341988718475)	(9, 38.919807934362034)	(10, 39.2881883362081)	(15, 39.36506381986854)	(20, 38.824566500396244)	(25, 38.93546631858655)	(30, 39.13936245396485)	(35, 39.24718773017575)	(40, 39.4471508088201)	(45, 38.9245816045872)	(50, 38.75386583376066)	(55, 39.18868677450934)	(60, 39.12842030674561)	(65, 38.900682672136504)	(70, 39.08719145960561)	(75, 38.8449664817491)	(80, 39.16193333644119)	(85, 38.48034012400355)	(90, 39.33064080928629)	(95, 38.620512610134725)	(100, 39.050724348515224)	(105, 38.839447671437235)	(110, 39.22711220922101)	(115, 38.51260416763787)	(120, 38.49698270476901)	(125, 38.77447951144468)	(130, 38.90701748170248)	(135, 38.07903594238031)	(140, 38.557432287539044)	(145, 37.688179385576426)	(150, 38.52135900424223)	(155, 38.69992783553215)	(160, 38.47668229919351)	(165, 38.96211421378957)	(170, 38.54788755768962)	(175, 38.80106437928301)	(180, 38.16018908209408)	(185, 38.97372952309915)	(190, 38.137599552468416)	(195, 38.514535639364134)	(200, 38.511215700899726)	(205, 37.89423187730175)	(210, 38.1691930446133)	(215, 38.200910353829656)	(220, 37.862075241247496)	(225, 37.8464272994266)	(230, 38.09572849750594)	(235, 37.90572299659689)	(240, 37.76607971656333)	(245, 38.07382108060231)	(250, 38.11862290802294)
122022-BEL-CBC-T1-158-PAST_S60_R2_16S	(1, 37.5563411818107)	(2, 36.88092634169969)	(3, 38.306605454839016)	(4, 38.16958560161336)	(5, 38.83410965122053)	(6, 39.26400190093798)	(7, 38.63927569388806)	(8, 38.93810679981356)	(9, 38.49715620896914)	(10, 38.53022399995126)	(15, 39.208156973609256)	(20, 38.73974757737031)	(25, 39.13466256827688)	(30, 38.117712537965446)	(35, 38.483725351018556)	(40, 39.20688846307337)	(45, 38.197485522102966)	(50, 38.58025644384465)	(55, 38.843260961618725)	(60, 38.68235813793377)	(65, 38.46794147304415)	(70, 38.74010339396635)	(75, 38.35704794080284)	(80, 38.22005124002693)	(85, 37.15352267569206)	(90, 38.075380111436395)	(95, 37.80673127012512)	(100, 38.412040492416054)	(105, 38.40310791174043)	(110, 39.163404506807126)	(115, 38.34606636832501)	(120, 38.47497067864096)	(125, 38.331080640591736)	(130, 37.71445657240167)	(135, 37.79309386795184)	(140, 36.726918073838036)	(145, 36.55190017638511)	(150, 37.1045936288114)	(155, 36.7133214930893)	(160, 36.859005236718566)	(165, 37.655952769002525)	(170, 36.606165862931405)	(175, 37.37415333623755)	(180, 36.220167002275645)	(185, 36.98922192536991)	(190, 36.32343850435175)	(195, 37.35466201992939)	(200, 36.769166420418024)	(205, 36.47907658282027)	(210, 36.0360989340734)	(215, 36.87661937677261)	(220, 35.68411284991424)	(225, 36.473047806762345)	(230, 35.78706326406892)	(235, 34.384980152867094)	(240, 34.38108323001045)	(245, 34.547891756204706)	(250, 34.45833472958853)
122022-BEL-CBC-T2-87-OFAV_S88_R2_16S	(1, 38.89579988234312)	(2, 38.48977880118123)	(3, 38.97155460463599)	(4, 39.138802113164175)	(5, 39.04753842778566)	(6, 38.72070469870325)	(7, 39.078234059531276)	(8, 39.51521093781853)	(9, 39.19442702458174)	(10, 39.36500464997078)	(15, 39.45002203639597)	(20, 39.37936422570706)	(25, 39.41837117056947)	(30, 39.547552989280796)	(35, 39.35204142454136)	(40, 39.50212112445807)	(45, 39.42718572895815)	(50, 39.054943433445224)	(55, 39.44197554833737)	(60, 39.42266428764195)	(65, 39.115520806435015)	(70, 39.3358669040514)	(75, 39.08876998079825)	(80, 39.26933912168944)	(85, 38.96961967316239)	(90, 39.45050508972793)	(95, 39.19153297596189)	(100, 38.927341245726204)	(105, 39.20061857231335)	(110, 38.931742312015956)	(115, 38.87485152128794)	(120, 39.15728472770975)	(125, 38.75458405574529)	(130, 38.55880533610843)	(135, 38.683274278380836)	(140, 38.55862788002105)	(145, 38.19025777729455)	(150, 38.328283277384834)	(155, 38.3407005438233)	(160, 38.847610264495)	(165, 38.86920826238649)	(170, 38.59494541380857)	(175, 38.83082532612896)	(180, 38.6951164628381)	(185, 38.291789064123)	(190, 38.69768161582117)	(195, 37.76178636539257)	(200, 38.56133864795547)	(205, 38.14030252962293)	(210, 38.07038483119344)	(215, 38.092865838149955)	(220, 36.91207885729152)	(225, 37.786529646233326)	(230, 38.39670560734055)	(235, 37.625394859209756)	(240, 37.519738592039324)	(245, 37.70043160271582)	(250, 37.77576268257688)
122022-BEL-CBC-T2-92-MCAV_S28_R2_16S	(1, 39.43500522955401)	(2, 39.081084625111224)	(3, 39.40325637303111)	(4, 39.54939664996331)	(5, 39.34571566836822)	(6, 39.39640019357155)	(7, 39.632913407952046)	(8, 39.26715683978832)	(9, 39.11668930204967)	(10, 39.56131191557783)	(15, 39.633510357639054)	(20, 39.36074806038183)	(25, 39.65196334629014)	(30, 39.48849966437191)	(35, 39.57204701915421)	(40, 39.6068449398211)	(45, 39.66968950498759)	(50, 39.47371641767746)	(55, 39.62447368831858)	(60, 39.523178319986265)	(65, 39.48152421985982)	(70, 39.50094756396447)	(75, 39.34800480806756)	(80, 39.483169578045235)	(85, 39.56459513885636)	(90, 39.74807474359575)	(95, 39.61865842426513)	(100, 39.10695452629608)	(105, 39.28010115674612)	(110, 39.38589550258355)	(115, 39.256326823709394)	(120, 39.36393137576297)	(125, 39.35378260665949)	(130, 39.35601554816653)	(135, 39.16165222685337)	(140, 39.517702742783996)	(145, 39.0974464165847)	(150, 39.11645639176384)	(155, 39.373694250612715)	(160, 39.45943708144055)	(165, 39.605858973758565)	(170, 39.171853447603)	(175, 39.368306717245034)	(180, 38.95393371735431)	(185, 39.259726814343026)	(190, 39.15210165628561)	(195, 38.78183986637319)	(200, 39.17514603724692)	(205, 39.057578170124415)	(210, 38.73904244524579)	(215, 38.11797062083392)	(220, 38.70200096785776)	(225, 38.86930735728001)	(230, 38.756049891506265)	(235, 39.0208757551632)	(240, 38.575218470472535)	(245, 37.6923049064144)	(250, 38.09456906913938)
122022-BEL-CBC-T3-116-PAST_S50_R2_16S	(1, 39.151277776579384)	(2, 39.045098903266165)	(3, 39.497597909457056)	(4, 39.3064229343408)	(5, 39.135598704504346)	(6, 39.216336064639194)	(7, 39.15447645519847)	(8, 39.090570677546694)	(9, 38.83309861976093)	(10, 39.46190583312019)	(15, 39.433992893879676)	(20, 39.249514805444534)	(25, 39.56065810193246)	(30, 38.343960259961975)	(35, 38.942849659023324)	(40, 39.23305424502864)	(45, 39.37225284968984)	(50, 39.23905469493913)	(55, 39.21342089125417)	(60, 39.307122452690066)	(65, 39.13835610106346)	(70, 39.05520524854472)	(75, 39.054487857039405)	(80, 39.287767057308116)	(85, 38.9283557620898)	(90, 39.29488796920887)	(95, 38.89279742626553)	(100, 39.287053980012885)	(105, 38.94748620223168)	(110, 39.25873427239306)	(115, 39.047631344585206)	(120, 39.14234921065364)	(125, 38.951569910233616)	(130, 39.01673482091406)	(135, 38.839999506947414)	(140, 39.12465047194377)	(145, 38.62320120551356)	(150, 38.91577860706482)	(155, 39.11433273037112)	(160, 38.65751396725514)	(165, 38.838742222865925)	(170, 38.61470837480625)	(175, 38.942409609594804)	(180, 38.93551735082848)	(185, 39.1275046300719)	(190, 38.70096176069077)	(195, 39.15883565633003)	(200, 37.96468141099322)	(205, 38.84939832177228)	(210, 38.25955458862466)	(215, 38.9072524953083)	(220, 38.65226788779356)	(225, 38.48332958407933)	(230, 38.73448687093424)	(235, 37.620397585274986)	(240, 38.23533769479429)	(245, 38.66503178648358)	(250, 37.98973988394775)
122022-BEL-CBC-T3-151-PSTR_S43_R2_16S	(1, 38.82133442421763)	(2, 38.38985477602782)	(3, 38.96941542237676)	(4, 38.870692575168746)	(5, 38.9988889343424)	(6, 38.74021844958069)	(7, 39.04935978727756)	(8, 39.498963387195744)	(9, 39.18099897729597)	(10, 39.38995001022703)	(15, 39.44603411740643)	(20, 39.31763747187564)	(25, 39.54142671302925)	(30, 39.521252116997346)	(35, 39.28933033340151)	(40, 39.4829771323379)	(45, 39.42967347105748)	(50, 39.35513421967683)	(55, 39.39208247085294)	(60, 39.292340519533646)	(65, 39.040270975659645)	(70, 39.28641636326447)	(75, 39.24161047248926)	(80, 39.18771904274902)	(85, 38.42501354060135)	(90, 39.27465968500716)	(95, 38.90720098179587)	(100, 38.570213949682966)	(105, 39.13612959705462)	(110, 38.964879525465335)	(115, 38.681130047044384)	(120, 38.89425960319083)	(125, 38.8672805072612)	(130, 38.85587531192473)	(135, 38.39755467375742)	(140, 38.76025232153815)	(145, 37.955561955410104)	(150, 38.143344160359995)	(155, 38.497551892002456)	(160, 38.771131274289225)	(165, 38.777598690938845)	(170, 38.512735692370626)	(175, 38.64809719779096)	(180, 38.75932616076908)	(185, 38.35771208836163)	(190, 38.42921431785641)	(195, 38.13486275311925)	(200, 38.63498760482717)	(205, 37.19936575986909)	(210, 37.983226344855794)	(215, 38.03275925547147)	(220, 37.519140601349974)	(225, 37.55569351605646)	(230, 38.211510902024955)	(235, 37.82920482716302)	(240, 37.45895586009409)	(245, 37.37721219063202)	(250, 36.95646062589486)
122022-BEL-CBC-T4-1-OFAV_S92_R2_16S	(1, 39.31965791931064)	(2, 39.00936224857031)	(3, 39.15126993570381)	(4, 39.464967049318375)	(5, 39.388367065370126)	(6, 39.07263163392831)	(7, 39.287123818890365)	(8, 39.606604659339766)	(9, 39.28533009920238)	(10, 39.50425256796198)	(15, 39.58071394629797)	(20, 39.53322216008184)	(25, 39.50156606506565)	(30, 39.689938226230346)	(35, 39.488889766497955)	(40, 39.608287290706166)	(45, 39.601453830190295)	(50, 39.38937399437679)	(55, 39.533947801228344)	(60, 39.49543939125638)	(65, 39.33175482603595)	(70, 39.43392448796819)	(75, 39.30867801075467)	(80, 39.392485486540096)	(85, 39.21627189121498)	(90, 39.62722020584462)	(95, 39.432384538849696)	(100, 39.11103558011162)	(105, 39.30102616563116)	(110, 39.08096020057047)	(115, 38.93426399528129)	(120, 39.15755152166796)	(125, 38.87148074872509)	(130, 38.95826009190265)	(135, 38.978220319226054)	(140, 39.06002361900782)	(145, 38.30989819876401)	(150, 38.917412712223914)	(155, 38.597012590434424)	(160, 39.255649134160805)	(165, 39.244228439374695)	(170, 39.097061892246884)	(175, 39.11578180317239)	(180, 39.04290480673562)	(185, 38.653780761082395)	(190, 39.09470967347422)	(195, 37.75130025568149)	(200, 38.92999524817157)	(205, 38.34029868999861)	(210, 38.48685832799337)	(215, 38.39216317753366)	(220, 37.19762332141342)	(225, 38.26943911863137)	(230, 38.72367264106115)	(235, 38.20555823792519)	(240, 38.4246539637001)	(245, 38.33316508718267)	(250, 38.3449266906254)
122022-BEL-CBC-T4-11-MCAV_S9_R2_16S	(1, 38.71883877727472)	(2, 38.97683432217286)	(3, 38.98490972668844)	(4, 39.44587221609373)	(5, 39.58620366544996)	(6, 39.178710916703224)	(7, 38.50180802173885)	(8, 37.61800270031986)	(9, 38.92098795929928)	(10, 39.52791594083148)	(15, 39.2710141532538)	(20, 39.19582941133879)	(25, 39.01826251027527)	(30, 39.022368359406606)	(35, 39.08743158692773)	(40, 39.35805645116638)	(45, 39.253382853394776)	(50, 39.42696827337119)	(55, 39.37856184541734)	(60, 39.32429563817418)	(65, 39.41027740036714)	(70, 38.22440254358206)	(75, 39.20774744768663)	(80, 35.603394566138675)	(85, 35.43758470443423)	(90, 34.380360071043114)	(95, 31.633865588810284)	(100, 36.876212056033765)	(105, 38.2899990203887)	(110, 38.542105823576264)	(115, 38.846310911592205)	(120, 38.808535395912045)	(125, 39.08430023808815)	(130, 39.002228402765056)	(135, 38.652229467559955)	(140, 39.09161154578405)	(145, 38.98457069599254)	(150, 38.861523849276146)	(155, 39.169839897438955)	(160, 39.17287158147598)	(165, 39.32559213244345)	(170, 39.03253587294015)	(175, 39.20475324443005)	(180, 38.802627913811236)	(185, 38.87442660794677)	(190, 38.42348767180465)	(195, 39.22709264141541)	(200, 39.104343937270805)	(205, 38.88724673853323)	(210, 39.024527763462196)	(215, 38.300396529620464)	(220, 38.73560035266007)	(225, 38.99913283103409)	(230, 38.878538419929555)	(235, 38.75020167215391)	(240, 38.39760037821515)	(245, 38.59121927534319)	(250, 38.7695890317607)
122023-BEL-CBC-T1-506-PAST_S52_R2_16S	(1, 38.93983650136141)	(2, 38.74295097621721)	(3, 39.36919463693495)	(4, 39.17550617475127)	(5, 39.162801801453035)	(6, 39.1841521169654)	(7, 39.12981817712568)	(8, 39.143374240253955)	(9, 38.82277754119727)	(10, 39.38143574258321)	(15, 39.43150607151614)	(20, 39.1499735459977)	(25, 39.50943569096563)	(30, 37.74303614520021)	(35, 38.78377918005497)	(40, 39.16521621307731)	(45, 39.12741666989277)	(50, 39.16006736092292)	(55, 39.16351541429548)	(60, 39.25433458505929)	(65, 39.09497632044185)	(70, 39.019895990605605)	(75, 39.02614107080639)	(80, 39.2187023344044)	(85, 38.77872711083582)	(90, 39.122229749783855)	(95, 38.74825532628754)	(100, 39.207209683455275)	(105, 38.86569303033822)	(110, 39.22994205928278)	(115, 38.90950408423986)	(120, 39.02915360097042)	(125, 38.79222574942253)	(130, 38.770677996722284)	(135, 38.673977649594164)	(140, 38.84084562476611)	(145, 38.373388564128376)	(150, 38.646943594905345)	(155, 38.84218316493103)	(160, 38.55366549236705)	(165, 38.5745473784729)	(170, 38.31131069903088)	(175, 38.69822435574825)	(180, 38.639448724400914)	(185, 38.79000361322958)	(190, 38.28105893435536)	(195, 38.82488095698967)	(200, 37.87336533622392)	(205, 38.47336340056521)	(210, 37.927110190597865)	(215, 38.600201308505284)	(220, 38.12947169421754)	(225, 38.25719548862478)	(230, 38.307156130231114)	(235, 37.3066489876505)	(240, 37.59873536964629)	(245, 38.09180635670319)	(250, 37.45863336043256)
122023-BEL-CBC-T1-510-PSTR_S65_R2_16S	(1, 39.283435322415194)	(2, 39.16122849949032)	(3, 39.44752251745283)	(4, 39.443181416228)	(5, 39.31478772015011)	(6, 39.53720645312736)	(7, 39.316466279290374)	(8, 39.139793106331254)	(9, 38.92967094452716)	(10, 39.523943906540914)	(15, 39.50349635508279)	(20, 39.461823069576596)	(25, 39.67333695627707)	(30, 39.56364922615852)	(35, 39.43402330045886)	(40, 39.53156752341783)	(45, 39.52264993681286)	(50, 39.391624568703556)	(55, 39.55171280560548)	(60, 39.40619459066632)	(65, 39.40024631729913)	(70, 39.353815184850525)	(75, 39.335955572848505)	(80, 39.332080094925416)	(85, 39.20799405751477)	(90, 39.52204668452414)	(95, 39.08194198359386)	(100, 39.169729340377714)	(105, 39.191480508455506)	(110, 39.146673912554135)	(115, 39.18795746363926)	(120, 39.20427807486631)	(125, 39.20907257999685)	(130, 39.096136419909904)	(135, 38.81461118203363)	(140, 39.29920027268547)	(145, 38.80498487045832)	(150, 38.75375987600529)	(155, 39.121133445451655)	(160, 39.195959238667314)	(165, 39.34603914708615)	(170, 38.9144738746097)	(175, 39.05713339400156)	(180, 38.74544489856294)	(185, 38.92429891215219)	(190, 38.513062212804)	(195, 38.99653226402899)	(200, 38.93052244349334)	(205, 38.558870156054546)	(210, 38.68725677774526)	(215, 37.911994623465745)	(220, 38.223091442885575)	(225, 38.75546994832482)	(230, 38.38027017727771)	(235, 38.510410603863264)	(240, 38.20745769034121)	(245, 37.21153253735759)	(250, 36.326822217434504)
122023-BEL-CBC-T2-512-OFAV_S45_R2_16S	(1, 39.230339691475095)	(2, 39.00006644036675)	(3, 39.44806175330088)	(4, 39.494829731460115)	(5, 39.42707263744096)	(6, 39.432466387214454)	(7, 39.366533383264276)	(8, 39.292893296771)	(9, 38.95391454560829)	(10, 39.53885795049589)	(15, 39.499364588492526)	(20, 39.400188449040236)	(25, 39.668601490680224)	(30, 39.55862577161426)	(35, 39.44894118215532)	(40, 39.5749797658883)	(45, 39.51862021478358)	(50, 39.359944914895934)	(55, 39.55008999649678)	(60, 39.36607313272369)	(65, 39.38614899554245)	(70, 39.32022807165896)	(75, 39.30497638346964)	(80, 39.29379386574214)	(85, 39.32937932617388)	(90, 39.546376583998736)	(95, 39.36890409635062)	(100, 38.98747538686414)	(105, 39.201050361797996)	(110, 39.265231152075955)	(115, 39.11795339510274)	(120, 39.214498496031695)	(125, 39.17066476606951)	(130, 39.05874234425774)	(135, 38.78356023725251)	(140, 39.204653241685904)	(145, 38.61504934707239)	(150, 38.76813036807964)	(155, 39.05725951607253)	(160, 39.12653628248028)	(165, 39.3695485679081)	(170, 38.932696512484746)	(175, 39.10411145069521)	(180, 38.73842608811201)	(185, 38.98922699653302)	(190, 38.84934828040251)	(195, 38.59083847742839)	(200, 38.77112320460009)	(205, 38.73752853915754)	(210, 38.50823437745377)	(215, 37.69491006390355)	(220, 38.05643203150481)	(225, 38.54224580519684)	(230, 38.28420712482333)	(235, 38.435368623234794)	(240, 38.27741450332807)	(245, 37.809082398134834)	(250, 36.86838465348329)
122023-BEL-CBC-T3-523-MCAV_S49_R2_16S	(1, 39.29599007321739)	(2, 39.21277226392134)	(3, 39.591757382952515)	(4, 39.52763095639175)	(5, 39.46865938727155)	(6, 39.48406504693682)	(7, 39.36713815202043)	(8, 39.08587440189846)	(9, 39.03376615725629)	(10, 39.57703952855146)	(15, 39.51625197679577)	(20, 39.486869289384494)	(25, 39.65356559648144)	(30, 39.57808817383652)	(35, 39.45604766033908)	(40, 39.613877612638234)	(45, 39.59979896055982)	(50, 39.431238067885786)	(55, 39.59880775511481)	(60, 39.45623323520694)	(65, 39.472870169392294)	(70, 39.4070765146536)	(75, 39.341394793962195)	(80, 39.48166361977771)	(85, 39.40801543511599)	(90, 39.63537705020647)	(95, 39.25270105324783)	(100, 39.21354549253742)	(105, 39.198361491742105)	(110, 39.24017990452468)	(115, 39.25572769097366)	(120, 39.26040535589688)	(125, 39.274771943583765)	(130, 39.20017894719401)	(135, 38.92370479604254)	(140, 39.43524928338276)	(145, 38.98448351089976)	(150, 38.908671758929415)	(155, 39.28303591646922)	(160, 39.349829613551385)	(165, 39.450485569160705)	(170, 39.05169180580179)	(175, 39.20048602941582)	(180, 38.91507409187061)	(185, 39.08307457790002)	(190, 38.72632088619364)	(195, 39.15645765560766)	(200, 39.12590481555736)	(205, 38.7652673069736)	(210, 38.89097807896873)	(215, 38.135636818201064)	(220, 38.452325485062886)	(225, 38.94027324426476)	(230, 38.608627390335016)	(235, 38.770155584643675)	(240, 38.46692625055921)	(245, 37.473746495157194)	(250, 36.57818169767866)
122023-BEL-CBC-T3-528-PAST_S82_R2_16S	(1, 38.47114204304515)	(2, 38.1139550800866)	(3, 39.1062979385048)	(4, 38.80493910740457)	(5, 39.16405662974177)	(6, 39.18041244783026)	(7, 39.027072468512166)	(8, 39.19738946710609)	(9, 38.7854214868655)	(10, 39.259033455589694)	(15, 39.40976736573499)	(20, 38.96777565337718)	(25, 39.43387517947879)	(30, 38.30357655653675)	(35, 38.78122707693224)	(40, 39.116291094132436)	(45, 38.74568841738768)	(50, 39.05806557206306)	(55, 39.09549312958926)	(60, 39.21761198360326)	(65, 39.046189842058666)	(70, 39.04895697716807)	(75, 38.99083598056793)	(80, 39.13541144349301)	(85, 38.785925143397044)	(90, 39.11437950556849)	(95, 39.034871705215856)	(100, 39.282998058281315)	(105, 38.679585543495236)	(110, 39.317769329772275)	(115, 38.913964007528804)	(120, 39.04621253264096)	(125, 38.87022995603235)	(130, 38.64593169018799)	(135, 38.7276051392309)	(140, 38.405375064165995)	(145, 38.063152354240906)	(150, 38.361238533816405)	(155, 38.46512383106303)	(160, 38.233585409583604)	(165, 38.44184478153805)	(170, 38.00977331736313)	(175, 38.280324289338395)	(180, 38.18452725473713)	(185, 38.32497786738285)	(190, 37.979680025591996)	(195, 38.57884828555912)	(200, 37.339727489826444)	(205, 37.96580864027616)	(210, 37.44587514972064)	(215, 38.15047129455352)	(220, 37.536351800739496)	(225, 37.79379989138279)	(230, 37.51763355825528)	(235, 36.212211253040905)	(240, 36.732206491738395)	(245, 37.11316611738099)	(250, 36.582843873914754)
122023-BEL-CBC-T3-529-MCAV_S71_R2_16S	(1, 39.35859737791313)	(2, 39.26656299272123)	(3, 39.512689258947276)	(4, 39.49925916326487)	(5, 39.34014557549839)	(6, 39.56317415062961)	(7, 39.36400354219314)	(8, 39.20880796561481)	(9, 38.985235102270025)	(10, 39.572371757489364)	(15, 39.504574180867834)	(20, 39.46554785200544)	(25, 39.65337480291151)	(30, 39.53232208039051)	(35, 39.472323808289595)	(40, 39.60734443508499)	(45, 39.54473055573555)	(50, 39.429077085898186)	(55, 39.598362815611566)	(60, 39.451715155834904)	(65, 39.45190868053305)	(70, 39.384547398431934)	(75, 39.34797900602605)	(80, 39.478330417503614)	(85, 39.38519492861617)	(90, 39.6053163135273)	(95, 39.21629322447569)	(100, 39.198264757338166)	(105, 39.14163588846411)	(110, 39.21594030108641)	(115, 39.224985420851425)	(120, 39.25826562128772)	(125, 39.21640683384091)	(130, 39.17611741074321)	(135, 38.84723557744228)	(140, 39.371769584656256)	(145, 38.916983952137194)	(150, 38.90223114970086)	(155, 39.226854143718)	(160, 39.27906175079376)	(165, 39.43692088382039)	(170, 38.987597140327)	(175, 39.15055314369641)	(180, 38.849751830493105)	(185, 39.074006350029165)	(190, 38.61330827879652)	(195, 39.09509406250675)	(200, 39.02184064450636)	(205, 38.85668632151882)	(210, 38.86025745696451)	(215, 37.97921337393897)	(220, 38.372627486554784)	(225, 38.884561221624665)	(230, 38.57189399339079)	(235, 38.56366141817318)	(240, 38.30121039331303)	(245, 38.2237007278775)	(250, 38.402312144970736)
122023-BEL-CBC-T3-533-OFAV_S61_R2_16S	(1, 39.289268028474154)	(2, 39.087337511606314)	(3, 39.474408077994426)	(4, 39.30148044980914)	(5, 39.26143221912721)	(6, 39.500889817394)	(7, 39.27528242030331)	(8, 39.235730681935415)	(9, 38.880313112555456)	(10, 39.53532059217993)	(15, 39.46299907149489)	(20, 39.33611369029197)	(25, 39.653845558650566)	(30, 39.47948132673063)	(35, 39.452260652016925)	(40, 39.55383911069844)	(45, 39.56632105643248)	(50, 39.35656401526875)	(55, 39.55923475704116)	(60, 39.37630893428247)	(65, 39.33720984215413)	(70, 39.33472351181265)	(75, 39.27817561642422)	(80, 39.28517228928092)	(85, 39.18808934282472)	(90, 39.51619274218508)	(95, 39.295554137006086)	(100, 38.953679201485606)	(105, 39.213298901268956)	(110, 39.23577001444342)	(115, 38.99161121427834)	(120, 39.022770298153304)	(125, 39.20084532652429)	(130, 39.144654002888686)	(135, 38.80547818012999)	(140, 39.15199564118437)	(145, 38.73910360569484)	(150, 38.86759323738781)	(155, 39.15240573093986)	(160, 39.12199009594552)	(165, 39.39085680387909)	(170, 38.94517757660167)	(175, 39.19633304962345)	(180, 38.8483783400392)	(185, 39.08176196739915)	(190, 38.667909831837406)	(195, 38.67391932322295)	(200, 38.63285102651398)	(205, 38.58508653151758)	(210, 38.527969926751254)	(215, 37.86511528938409)	(220, 38.09024037965543)	(225, 38.4983332043743)	(230, 38.392226348911585)	(235, 38.55706695553492)	(240, 38.369427679768904)	(245, 38.0037030589085)	(250, 36.533954915918706)
122023-BEL-CBC-T4-535-MCAV_S72_R2_16S	(1, 39.36806162612056)	(2, 39.272907042095966)	(3, 39.517394367658376)	(4, 39.486155503292316)	(5, 39.24476067013625)	(6, 39.56040418911836)	(7, 39.33765452313099)	(8, 39.12637630797183)	(9, 38.96718692348427)	(10, 39.560936083378216)	(15, 39.5060975686767)	(20, 39.403034214982355)	(25, 39.63871677803428)	(30, 39.51827736986588)	(35, 39.47724176380323)	(40, 39.60819239849489)	(45, 39.53523339386608)	(50, 39.405472123815166)	(55, 39.590235013184596)	(60, 39.44774833534958)	(65, 39.461579390360406)	(70, 39.38250973620895)	(75, 39.35408009627503)	(80, 39.47327492961152)	(85, 39.36571573427299)	(90, 39.608415043514114)	(95, 39.204737972613216)	(100, 39.21827782092953)	(105, 39.1674952705976)	(110, 39.24357491400472)	(115, 39.22658460916688)	(120, 39.237688713755915)	(125, 39.2485185716438)	(130, 39.20157367087329)	(135, 38.830201778814626)	(140, 39.33914267233563)	(145, 38.83255669193525)	(150, 38.94864062946835)	(155, 39.26160374779768)	(160, 39.277331074406554)	(165, 39.44718504705948)	(170, 39.06324471736803)	(175, 39.171385243542794)	(180, 39.02540480707556)	(185, 39.11415428722471)	(190, 38.62685434523149)	(195, 39.15687651049941)	(200, 39.05903791731281)	(205, 38.806339429007544)	(210, 38.87709868641243)	(215, 37.89468601910164)	(220, 38.46238246408857)	(225, 38.90398352354688)	(230, 38.600242672245415)	(235, 38.665308423794144)	(240, 38.54218067625267)	(245, 38.11236753388165)	(250, 38.3874600695901)
122023-BEL-CBC-T4-537-PSTR_S46_R2_16S	(1, 39.28388316293445)	(2, 39.054922251196935)	(3, 39.470477530802874)	(4, 39.526740897112184)	(5, 39.417525559832775)	(6, 39.461296687224916)	(7, 39.375531547939346)	(8, 39.2857541013011)	(9, 38.9176759523711)	(10, 39.560657311974836)	(15, 39.51801757799026)	(20, 39.508186045228136)	(25, 39.67105812878568)	(30, 39.46862425321136)	(35, 39.47784097023883)	(40, 39.590436690260354)	(45, 39.561050264221755)	(50, 39.44396539591871)	(55, 39.571157194696255)	(60, 39.42596961794776)	(65, 39.447281758350925)	(70, 39.17687100735406)	(75, 39.22476647764118)	(80, 39.11434303296218)	(85, 38.417918512079694)	(90, 38.64973715799495)	(95, 38.151055921188785)	(100, 38.47521282613795)	(105, 38.752655877036844)	(110, 38.85477379030589)	(115, 39.068949873753056)	(120, 39.18606951170716)	(125, 39.19265035804462)	(130, 39.12609296742415)	(135, 38.83613284214302)	(140, 39.351835754791175)	(145, 38.91884432302662)	(150, 38.86602591166853)	(155, 39.20461387750596)	(160, 39.257403038205226)	(165, 39.428696552009605)	(170, 39.00929011962416)	(175, 39.18111400858204)	(180, 38.72354264111373)	(185, 39.04173351546008)	(190, 38.591787187659534)	(195, 39.063447438497725)	(200, 39.03667591097866)	(205, 38.830127074796145)	(210, 38.82035625094857)	(215, 37.81126591884322)	(220, 38.36519778688412)	(225, 38.87044607254715)	(230, 38.45967520730714)	(235, 38.48926583605833)	(240, 38.025221794500325)	(245, 38.3808943526912)	(250, 38.44211267022642)
122023-BEL-CBC-T4-540-MCAV_S8_R2_16S	(1, 39.27007684504849)	(2, 39.43249950404438)	(3, 39.368977882250775)	(4, 39.5342995422236)	(5, 39.637971111052885)	(6, 39.458158189256665)	(7, 38.5374811443287)	(8, 38.760384187811844)	(9, 38.95086483431339)	(10, 39.56496794067997)	(15, 39.33554074135072)	(20, 39.195771089343125)	(25, 39.61669330478625)	(30, 38.85384505972054)	(35, 39.49703736698096)	(40, 39.4527344934328)	(45, 38.671344245604715)	(50, 39.49623410602595)	(55, 39.526909241992655)	(60, 39.346275092547195)	(65, 39.45288945617063)	(70, 39.170936251922996)	(75, 39.24110442766721)	(80, 39.4492373512601)	(85, 39.19722302282145)	(90, 39.548675892065084)	(95, 38.80434419694492)	(100, 39.191018524410374)	(105, 39.09658745101269)	(110, 39.13773604680324)	(115, 39.23855802306474)	(120, 39.023054263159665)	(125, 39.247733389229715)	(130, 39.16162763277574)	(135, 38.416136337264795)	(140, 39.14154910334967)	(145, 39.10309888045036)	(150, 38.79288893214205)	(155, 39.22921871081483)	(160, 39.235527640636164)	(165, 39.388140110270584)	(170, 39.01908212650798)	(175, 39.10684680773017)	(180, 38.946362680181615)	(185, 38.89883179056823)	(190, 38.011153574062085)	(195, 39.190618765463526)	(200, 39.030717806865525)	(205, 38.83612054154611)	(210, 39.05224415240248)	(215, 37.719183937775355)	(220, 38.449749776352085)	(225, 38.78796718083852)	(230, 38.627042120668804)	(235, 38.48731027358035)	(240, 38.675509898525604)	(245, 38.133054225729055)	(250, 38.71307376450904)
Negative_S96_R2_16S	(1, 38.761825937480104)	(2, 38.353345642070416)	(3, 38.55236518749602)	(4, 39.032151270134335)	(5, 38.901636213153374)	(6, 38.3439230916152)	(7, 38.569045648437005)	(8, 39.08066467180238)	(9, 38.823327178964796)	(10, 39.09589355064621)	(15, 39.18062010568536)	(20, 39.02293245049978)	(25, 39.20511873686891)	(30, 39.195874450881774)	(35, 38.82027121665499)	(40, 39.19630737887566)	(45, 39.04419685490545)	(50, 38.830279493219585)	(55, 38.97569236646081)	(60, 39.08282931177182)	(65, 38.697141401922714)	(70, 38.90344432418667)	(75, 38.80898962246132)	(80, 38.88296937671102)	(85, 37.72972560005094)	(90, 38.08467562233399)	(95, 36.39024638696124)	(100, 35.99977080282677)	(105, 37.7410071942446)	(110, 37.98780161711339)	(115, 38.11166995607054)	(120, 38.532272235309094)	(125, 38.25277901572547)	(130, 38.404431145349214)	(135, 37.944738014897816)	(140, 38.450130515056976)	(145, 37.07951868593621)	(150, 38.40644298720316)	(155, 38.57443178200803)	(160, 37.65428153052779)	(165, 37.89540968994716)	(170, 38.429337238174064)	(175, 38.66077545043611)	(180, 38.38025084357293)	(185, 38.421073406761316)	(190, 38.38486025339021)	(195, 38.424180301776275)	(200, 38.53888075380404)	(205, 37.732246768956514)	(210, 38.10103775386771)	(215, 38.06720570446298)	(220, 37.830279493219585)	(225, 37.37115935570127)	(230, 38.085312281148525)	(235, 38.171121156172404)	(240, 37.473852422486786)	(245, 37.75216145667537)	(250, 37.65521741898517)
Undetermined_S0_R2_16S	(1, 36.49529963819797)	(2, 36.25287092136935)	(3, 36.96476144839678)	(4, 37.61251290823453)	(5, 37.53527337597694)	(6, 36.95117854967163)	(7, 37.30745464473567)	(8, 37.14543587114796)	(9, 36.42208487489228)	(10, 37.601441450476955)	(15, 37.54968992377641)	(20, 37.63084492288491)	(25, 37.87047478158153)	(30, 37.6761764137767)	(35, 37.07594322977029)	(40, 37.50224612567234)	(45, 37.44848555763573)	(50, 37.15891884713679)	(55, 37.12704878755461)	(60, 36.912358009420224)	(65, 36.353353540756586)	(70, 36.37628395144275)	(75, 36.47636186517489)	(80, 36.39128229844581)	(85, 35.872210242637664)	(90, 36.45913382960388)	(95, 36.13824171272771)	(100, 35.936049355888386)	(105, 35.8714647224451)	(110, 35.98050856586728)	(115, 35.817999557962615)	(120, 36.08439180856438)	(125, 35.705872503788896)	(130, 35.7078967749844)	(135, 35.4303858912068)	(140, 35.75513719874595)	(145, 35.314479974592146)	(150, 35.297242838251464)	(155, 35.280786325072064)	(160, 35.300081349737006)	(165, 35.71253705313363)	(170, 35.13275236991471)	(175, 35.249091130278444)	(180, 35.153088596921336)	(185, 35.151420184392734)	(190, 34.97910026819411)	(195, 35.06804450462096)	(200, 34.89223007860093)	(205, 34.69238832055511)	(210, 34.47518535853318)	(215, 34.49844469703724)	(220, 34.33187238120709)	(225, 34.487293561112594)	(230, 34.447715706814066)	(235, 34.319783680276956)	(240, 34.12097671688805)	(245, 33.76317262117025)	(250, 33.20797742823393)
