Sample	0	1	2	3	4	5	6	7	8	9	10	11	12	13	14	15	16	17	18	19	20	21	22	23	24	25	26	27	28	29	30	31	32	33	34	35	36	37	38	39	40	41	42	43	44	45	46	47	48	49	50	51	52	53	54	55	56	57	58	59	60	61	62	63	64	65	66	67	68	69	70	71	72	73	74	75	76	77	78	79	80	81	82	83	84	85	86	87	88	89	90	91	92	93	94	95	96	97	98	99	100
012024-BEL-CBC-T1-561-OANN_S95_R1_16S	(0.0, 0.0)	(1.0, 0.0)	(2.0, 0.0)	(3.0, 0.0)	(4.0, 0.0)	(5.0, 0.0)	(6.0, 0.0)	(7.0, 0.0)	(8.0, 0.0)	(9.0, 0.0)	(10.0, 0.0)	(11.0, 0.0)	(12.0, 0.0)	(13.0, 0.0)	(14.0, 0.0)	(15.0, 0.0)	(16.0, 0.0)	(17.0, 0.0)	(18.0, 0.0)	(19.0, 0.0)	(20.0, 0.0)	(21.0, 0.0)	(22.0, 0.0)	(23.0, 0.0)	(24.0, 0.0)	(25.0, 0.0)	(26.0, 0.0)	(27.0, 0.3333333333333333)	(28.0, 33.33333333333329)	(29.0, 557.3333333333268)	(30.0, 1072.0000000000355)	(31.0, 438.6666666666592)	(32.0, 57.6666666666668)	(33.0, 17.000000000000007)	(34.0, 10.0)	(35.0, 6.333333333333331)	(36.0, 1.9999999999999998)	(37.0, 2.333333333333333)	(38.0, 6.666666666666664)	(39.0, 22.666666666666654)	(40.0, 21.333333333333325)	(41.0, 20.33333333333333)	(42.0, 12.333333333333337)	(43.0, 24.333333333333314)	(44.0, 23.999999999999982)	(45.0, 11.66666666666667)	(46.0, 10.0)	(47.0, 111.66666666666616)	(48.0, 120.99999999999936)	(49.0, 14.000000000000007)	(50.0, 11.333333333333336)	(51.0, 19.333333333333332)	(52.0, 23.999999999999982)	(53.0, 21.666666666666657)	(54.0, 25.666666666666643)	(55.0, 27.999999999999968)	(56.0, 23.999999999999982)	(57.0, 22.33333333333332)	(58.0, 14.000000000000007)	(59.0, 8.666666666666664)	(60.0, 9.333333333333332)	(61.0, 5.333333333333332)	(62.0, 1.0)	(63.0, 0.6666666666666666)	(64.0, 0.0)	(65.0, 0.0)	(66.0, 0.0)	(67.0, 0.0)	(68.0, 0.0)	(69.0, 0.0)	(70.0, 0.0)	(71.0, 0.0)	(72.0, 0.6666666666666666)	(73.0, 1.3333333333333333)	(74.0, 1.9999999999999998)	(75.0, 3.666666666666667)	(76.0, 3.666666666666667)	(77.0, 2.6666666666666665)	(78.0, 1.6666666666666665)	(79.0, 0.6666666666666666)	(80.0, 0.6666666666666666)	(81.0, 0.6666666666666666)	(82.0, 1.0)	(83.0, 5.333333333333332)	(84.0, 4.999999999999999)	(85.0, 3.3333333333333335)	(86.0, 1.3333333333333333)	(87.0, 1.0)	(88.0, 1.3333333333333333)	(89.0, 2.333333333333333)	(90.0, 2.6666666666666665)	(91.0, 0.3333333333333333)	(92.0, 0.0)	(93.0, 0.0)	(94.0, 0.0)	(95.0, 0.0)	(96.0, 0.0)	(97.0, 0.0)	(98.0, 0.0)	(99.0, 0.0)	(100.0, 0.0)
012024-BEL-CBC-T2-587-SSID_S63_R1_16S	(0.0, 0.0)	(1.0, 0.0)	(2.0, 0.0)	(3.0, 0.0)	(4.0, 0.0)	(5.0, 0.0)	(6.0, 0.0)	(7.0, 0.0)	(8.0, 0.0)	(9.0, 0.0)	(10.0, 0.0)	(11.0, 0.0)	(12.0, 0.0)	(13.0, 0.0)	(14.0, 0.0)	(15.0, 0.0)	(16.0, 0.0)	(17.0, 0.0)	(18.0, 0.0)	(19.0, 0.0)	(20.0, 0.0)	(21.0, 0.0)	(22.0, 0.0)	(23.0, 0.0)	(24.0, 0.0)	(25.0, 0.0)	(26.0, 0.6666666666666666)	(27.0, 1.3333333333333333)	(28.0, 13.000000000000005)	(29.0, 662.0000000000053)	(30.0, 2081.333333333162)	(31.0, 1055.3333333333726)	(32.0, 134.99999999999946)	(33.0, 51.000000000000085)	(34.0, 25.666666666666643)	(35.0, 18.666666666666668)	(36.0, 19.999999999999996)	(37.0, 146.9999999999998)	(38.0, 38685.3333333287)	(39.0, 169664.6666670269)	(40.0, 88595.33333318851)	(41.0, 6580.333333331819)	(42.0, 1688.9999999998952)	(43.0, 11815.333333336943)	(44.0, 16091.666666678055)	(45.0, 4427.333333333777)	(46.0, 2413.6666666666465)	(47.0, 1875.3333333331861)	(48.0, 1309.666666666648)	(49.0, 2499.0000000000186)	(50.0, 6069.9999999989495)	(51.0, 5703.666666665949)	(52.0, 4552.00000000033)	(53.0, 6891.666666664869)	(54.0, 7533.666666664285)	(55.0, 4843.3333333333985)	(56.0, 2391.333333333303)	(57.0, 1192.3333333333414)	(58.0, 855.666666666694)	(59.0, 519.3333333333225)	(60.0, 126.66666666666595)	(61.0, 37.66666666666666)	(62.0, 9.666666666666666)	(63.0, 5.666666666666665)	(64.0, 5.666666666666665)	(65.0, 4.333333333333333)	(66.0, 5.999999999999998)	(67.0, 6.999999999999997)	(68.0, 6.999999999999997)	(69.0, 7.9999999999999964)	(70.0, 11.66666666666667)	(71.0, 11.66666666666667)	(72.0, 19.333333333333332)	(73.0, 32.99999999999996)	(74.0, 56.00000000000012)	(75.0, 81.66666666666659)	(76.0, 100.66666666666632)	(77.0, 90.66666666666646)	(78.0, 92.3333333333331)	(79.0, 110.66666666666617)	(80.0, 168.0000000000004)	(81.0, 303.33333333333354)	(82.0, 452.3333333333251)	(83.0, 478.3333333333236)	(84.0, 261.0000000000026)	(85.0, 50.00000000000008)	(86.0, 2.6666666666666665)	(87.0, 0.0)	(88.0, 0.0)	(89.0, 0.0)	(90.0, 0.0)	(91.0, 0.0)	(92.0, 0.0)	(93.0, 0.0)	(94.0, 1.6666666666666665)	(95.0, 2.6666666666666665)	(96.0, 1.9999999999999998)	(97.0, 1.0)	(98.0, 1.0)	(99.0, 0.6666666666666666)	(100.0, 0.5)
012024-BEL-CBC-T2-589-SSID_S52_R1_16S	(0.0, 0.0)	(1.0, 0.0)	(2.0, 0.0)	(3.0, 0.0)	(4.0, 0.0)	(5.0, 0.0)	(6.0, 0.0)	(7.0, 0.0)	(8.0, 0.0)	(9.0, 0.0)	(10.0, 0.0)	(11.0, 0.0)	(12.0, 0.0)	(13.0, 0.0)	(14.0, 0.0)	(15.0, 0.0)	(16.0, 0.0)	(17.0, 0.0)	(18.0, 0.0)	(19.0, 0.0)	(20.0, 0.0)	(21.0, 0.0)	(22.0, 0.0)	(23.0, 0.0)	(24.0, 1.6666666666666665)	(25.0, 4.0)	(26.0, 11.000000000000002)	(27.0, 8.999999999999998)	(28.0, 60.333333333333485)	(29.0, 1113.6666666666927)	(30.0, 2787.6666666668166)	(31.0, 1814.9999999998665)	(32.0, 3644.333333333873)	(33.0, 4866.000000000045)	(34.0, 1000.6666666667105)	(35.0, 123.99999999999932)	(36.0, 93.33333333333309)	(37.0, 158.6666666666668)	(38.0, 17338.000000008447)	(39.0, 76710.33333336146)	(40.0, 40732.333333343595)	(41.0, 3498.66666666714)	(42.0, 4535.666666667012)	(43.0, 13472.66666667329)	(44.0, 12637.333333338438)	(45.0, 6109.66666666558)	(46.0, 26886.333333307044)	(47.0, 36094.99999997652)	(48.0, 9763.33333333321)	(49.0, 4325.33333333387)	(50.0, 6369.333333332011)	(51.0, 9531.999999999456)	(52.0, 11477.333333336328)	(53.0, 12086.000000004102)	(54.0, 13416.666666673189)	(55.0, 11833.66666667031)	(56.0, 10366.666666667641)	(57.0, 8949.666666665064)	(58.0, 4880.333333333365)	(59.0, 2179.9999999998736)	(60.0, 846.666666666693)	(61.0, 310.9999999999998)	(62.0, 107.99999999999955)	(63.0, 37.99999999999999)	(64.0, 8.33333333333333)	(65.0, 8.666666666666664)	(66.0, 11.333333333333336)	(67.0, 10.0)	(68.0, 18.333333333333336)	(69.0, 14.000000000000007)	(70.0, 14.333333333333341)	(71.0, 16.666666666666675)	(72.0, 29.99999999999996)	(73.0, 49.33333333333341)	(74.0, 76.0)	(75.0, 89.33333333333314)	(76.0, 158.33333333333346)	(77.0, 205.66666666666814)	(78.0, 211.33333333333496)	(79.0, 173.33333333333388)	(80.0, 124.9999999999993)	(81.0, 108.33333333333287)	(82.0, 271.00000000000205)	(83.0, 887.6666666666977)	(84.0, 1135.3333333333544)	(85.0, 416.66666666666043)	(86.0, 26.66666666666664)	(87.0, 0.0)	(88.0, 0.3333333333333333)	(89.0, 0.0)	(90.0, 0.0)	(91.0, 0.0)	(92.0, 0.3333333333333333)	(93.0, 0.0)	(94.0, 1.0)	(95.0, 1.6666666666666665)	(96.0, 1.3333333333333333)	(97.0, 3.3333333333333335)	(98.0, 1.0)	(99.0, 0.3333333333333333)	(100.0, 0.0)
012024-BEL-CBC-T2-603-MCAV_S39_R1_16S	(0.0, 0.0)	(1.0, 0.0)	(2.0, 0.0)	(3.0, 0.0)	(4.0, 0.0)	(5.0, 0.0)	(6.0, 0.0)	(7.0, 0.0)	(8.0, 0.0)	(9.0, 0.0)	(10.0, 0.0)	(11.0, 0.0)	(12.0, 0.0)	(13.0, 0.0)	(14.0, 0.0)	(15.0, 0.0)	(16.0, 0.0)	(17.0, 0.0)	(18.0, 0.0)	(19.0, 0.0)	(20.0, 0.0)	(21.0, 0.0)	(22.0, 0.0)	(23.0, 0.0)	(24.0, 0.0)	(25.0, 0.0)	(26.0, 3.0)	(27.0, 19.999999999999996)	(28.0, 1932.3333333331732)	(29.0, 98760.66666637392)	(30.0, 147906.66666639366)	(31.0, 30368.99999996104)	(32.0, 1854.9999999998574)	(33.0, 796.6666666666873)	(34.0, 465.33333333332433)	(35.0, 376.999999999996)	(36.0, 243.00000000000253)	(37.0, 255.00000000000287)	(38.0, 171.00000000000048)	(39.0, 179.6666666666674)	(40.0, 253.0000000000028)	(41.0, 1557.6666666665917)	(42.0, 14007.33333334093)	(43.0, 23333.33333331997)	(44.0, 10126.33333333387)	(45.0, 2817.66666666683)	(46.0, 7466.333333331013)	(47.0, 10620.000000001435)	(48.0, 8457.666666664169)	(49.0, 5295.333333332987)	(50.0, 4229.000000000624)	(51.0, 1801.6666666665362)	(52.0, 1510.9999999999357)	(53.0, 4126.000000000718)	(54.0, 12280.666666671123)	(55.0, 19006.00000000238)	(56.0, 39005.666666664365)	(57.0, 37257.66666665165)	(58.0, 6704.666666665039)	(59.0, 355.3333333333306)	(60.0, 190.00000000000102)	(61.0, 68.33333333333344)	(62.0, 29.99999999999996)	(63.0, 23.66666666666665)	(64.0, 8.999999999999998)	(65.0, 4.333333333333333)	(66.0, 1.6666666666666665)	(67.0, 0.3333333333333333)	(68.0, 1.0)	(69.0, 1.6666666666666665)	(70.0, 1.6666666666666665)	(71.0, 7.33333333333333)	(72.0, 14.666666666666675)	(73.0, 23.66666666666665)	(74.0, 42.00000000000002)	(75.0, 60.66666666666682)	(76.0, 58.33333333333347)	(77.0, 46.66666666666672)	(78.0, 41.666666666666686)	(79.0, 49.66666666666674)	(80.0, 74.33333333333336)	(81.0, 107.33333333333289)	(82.0, 128.66666666666595)	(83.0, 138.99999999999957)	(84.0, 66.33333333333347)	(85.0, 15.333333333333343)	(86.0, 1.0)	(87.0, 0.6666666666666666)	(88.0, 0.0)	(89.0, 0.0)	(90.0, 0.3333333333333333)	(91.0, 0.0)	(92.0, 0.3333333333333333)	(93.0, 1.3333333333333333)	(94.0, 3.0)	(95.0, 3.666666666666667)	(96.0, 4.666666666666666)	(97.0, 3.3333333333333335)	(98.0, 2.6666666666666665)	(99.0, 1.9999999999999998)	(100.0, 0.5)
012024-BEL-CBC-T3-629-OFAV_S35_R1_16S	(0.0, 0.0)	(1.0, 0.0)	(2.0, 0.0)	(3.0, 0.0)	(4.0, 0.0)	(5.0, 0.0)	(6.0, 0.0)	(7.0, 0.0)	(8.0, 0.0)	(9.0, 0.0)	(10.0, 0.0)	(11.0, 0.0)	(12.0, 0.0)	(13.0, 0.0)	(14.0, 0.0)	(15.0, 0.0)	(16.0, 0.0)	(17.0, 0.0)	(18.0, 0.0)	(19.0, 0.0)	(20.0, 0.0)	(21.0, 0.0)	(22.0, 0.3333333333333333)	(23.0, 0.0)	(24.0, 4.333333333333333)	(25.0, 6.333333333333331)	(26.0, 9.666666666666666)	(27.0, 26.66666666666664)	(28.0, 96.33333333333304)	(29.0, 9240.666666665593)	(30.0, 47093.33333338988)	(31.0, 28669.66666663389)	(32.0, 2722.666666666787)	(33.0, 437.99999999999255)	(34.0, 206.66666666666816)	(35.0, 116.33333333333276)	(36.0, 78.99999999999996)	(37.0, 49.33333333333341)	(38.0, 46.66666666666672)	(39.0, 86.33333333333319)	(40.0, 229.66666666666882)	(41.0, 476.666666666657)	(42.0, 291.3333333333342)	(43.0, 225.6666666666687)	(44.0, 275.0000000000018)	(45.0, 204.33333333333476)	(46.0, 253.33333333333616)	(47.0, 332.9999999999985)	(48.0, 2299.999999999928)	(49.0, 3627.6666666671986)	(50.0, 1527.9999999999318)	(51.0, 1157.6666666666827)	(52.0, 1219.000000000002)	(53.0, 2391.333333333303)	(54.0, 3394.6666666670926)	(55.0, 1356.9999999999707)	(56.0, 208.33333333333488)	(57.0, 87.6666666666665)	(58.0, 63.333333333333506)	(59.0, 59.66666666666681)	(60.0, 27.666666666666636)	(61.0, 18.000000000000004)	(62.0, 13.000000000000005)	(63.0, 9.333333333333332)	(64.0, 11.333333333333336)	(65.0, 6.333333333333331)	(66.0, 4.333333333333333)	(67.0, 4.333333333333333)	(68.0, 4.999999999999999)	(69.0, 4.999999999999999)	(70.0, 4.0)	(71.0, 8.33333333333333)	(72.0, 11.000000000000002)	(73.0, 8.999999999999998)	(74.0, 12.333333333333337)	(75.0, 12.666666666666671)	(76.0, 11.66666666666667)	(77.0, 6.666666666666664)	(78.0, 5.666666666666665)	(79.0, 5.333333333333332)	(80.0, 10.666666666666668)	(81.0, 14.666666666666675)	(82.0, 19.666666666666664)	(83.0, 14.333333333333341)	(84.0, 8.33333333333333)	(85.0, 1.9999999999999998)	(86.0, 0.3333333333333333)	(87.0, 0.0)	(88.0, 0.0)	(89.0, 0.0)	(90.0, 0.0)	(91.0, 0.0)	(92.0, 0.0)	(93.0, 0.3333333333333333)	(94.0, 0.6666666666666666)	(95.0, 1.3333333333333333)	(96.0, 1.0)	(97.0, 0.3333333333333333)	(98.0, 0.3333333333333333)	(99.0, 0.0)	(100.0, 0.0)
012024-BEL-CBC-T3-635-OFAV_S82_R1_16S	(0.0, 0.0)	(1.0, 0.0)	(2.0, 0.0)	(3.0, 0.0)	(4.0, 0.0)	(5.0, 0.0)	(6.0, 0.0)	(7.0, 0.0)	(8.0, 0.0)	(9.0, 0.0)	(10.0, 0.0)	(11.0, 0.0)	(12.0, 0.0)	(13.0, 0.0)	(14.0, 0.0)	(15.0, 0.0)	(16.0, 0.0)	(17.0, 0.0)	(18.0, 0.0)	(19.0, 0.0)	(20.0, 0.0)	(21.0, 0.0)	(22.0, 0.3333333333333333)	(23.0, 7.33333333333333)	(24.0, 13.000000000000005)	(25.0, 19.999999999999996)	(26.0, 43.00000000000003)	(27.0, 109.99999999999952)	(28.0, 2033.6666666664835)	(29.0, 122267.99999936517)	(30.0, 296841.0000010321)	(31.0, 125980.99999931114)	(32.0, 9747.999999999849)	(33.0, 1839.6666666665276)	(34.0, 891.0000000000314)	(35.0, 485.3333333333232)	(36.0, 283.00000000000136)	(37.0, 206.33333333333482)	(38.0, 332.9999999999985)	(39.0, 596.3333333333312)	(40.0, 570.999999999995)	(41.0, 1071.0000000000357)	(42.0, 1232.6666666666656)	(43.0, 1298.6666666666506)	(44.0, 1282.6666666666542)	(45.0, 928.0000000000356)	(46.0, 1044.333333333375)	(47.0, 980.0000000000415)	(48.0, 716.3333333333449)	(49.0, 912.6666666667005)	(50.0, 3106.6666666669616)	(51.0, 6506.999999998552)	(52.0, 3340.666666667068)	(53.0, 1161.3333333333485)	(54.0, 983.6666666667086)	(55.0, 880.6666666666969)	(56.0, 1056.000000000039)	(57.0, 1537.9999999999295)	(58.0, 763.3333333333502)	(59.0, 183.00000000000082)	(60.0, 95.99999999999972)	(61.0, 54.33333333333344)	(62.0, 35.66666666666664)	(63.0, 31.66666666666662)	(64.0, 25.33333333333331)	(65.0, 20.33333333333333)	(66.0, 14.666666666666675)	(67.0, 10.333333333333334)	(68.0, 7.33333333333333)	(69.0, 6.666666666666664)	(70.0, 7.9999999999999964)	(71.0, 11.66666666666667)	(72.0, 25.999999999999975)	(73.0, 31.33333333333329)	(74.0, 28.3333333333333)	(75.0, 19.333333333333332)	(76.0, 17.33333333333334)	(77.0, 17.33333333333334)	(78.0, 14.666666666666675)	(79.0, 15.000000000000009)	(80.0, 16.333333333333343)	(81.0, 21.99999999999999)	(82.0, 21.666666666666657)	(83.0, 28.999999999999964)	(84.0, 18.000000000000004)	(85.0, 8.666666666666664)	(86.0, 3.666666666666667)	(87.0, 0.6666666666666666)	(88.0, 1.9999999999999998)	(89.0, 1.0)	(90.0, 1.0)	(91.0, 0.3333333333333333)	(92.0, 1.0)	(93.0, 3.0)	(94.0, 3.0)	(95.0, 3.666666666666667)	(96.0, 5.333333333333332)	(97.0, 4.0)	(98.0, 1.9999999999999998)	(99.0, 2.6666666666666665)	(100.0, 1.0)
012024-BEL-CBC-T3-639-OFAV_S1_R1_16S	(0.0, 0.0)	(1.0, 0.0)	(2.0, 0.0)	(3.0, 0.0)	(4.0, 0.0)	(5.0, 0.0)	(6.0, 0.0)	(7.0, 0.0)	(8.0, 0.0)	(9.0, 0.0)	(10.0, 0.0)	(11.0, 0.0)	(12.0, 0.0)	(13.0, 0.0)	(14.0, 0.0)	(15.0, 0.0)	(16.0, 0.0)	(17.0, 0.0)	(18.0, 0.0)	(19.0, 0.0)	(20.0, 0.0)	(21.0, 0.3333333333333333)	(22.0, 8.999999999999998)	(23.0, 20.33333333333333)	(24.0, 38.666666666666664)	(25.0, 57.00000000000013)	(26.0, 82.33333333333324)	(27.0, 207.6666666666682)	(28.0, 2466.6666666666706)	(29.0, 126268.66666597362)	(30.0, 292606.0000012786)	(31.0, 118259.66666609017)	(32.0, 8701.999999997946)	(33.0, 1515.9999999999345)	(34.0, 772.0000000000178)	(35.0, 431.6666666666596)	(36.0, 252.33333333333613)	(37.0, 172.6666666666672)	(38.0, 140.99999999999963)	(39.0, 253.33333333333616)	(40.0, 168.33333333333374)	(41.0, 432.3333333333262)	(42.0, 1051.6666666667068)	(43.0, 1097.0000000000298)	(44.0, 1255.6666666666604)	(45.0, 1391.9999999999627)	(46.0, 1199.3333333333399)	(47.0, 1744.333333333216)	(48.0, 2036.3333333331495)	(49.0, 1877.9999999998522)	(50.0, 1273.6666666666563)	(51.0, 1264.6666666666583)	(52.0, 918.3333333333678)	(53.0, 643.3333333333366)	(54.0, 679.0000000000073)	(55.0, 610.6666666666662)	(56.0, 318.9999999999993)	(57.0, 190.6666666666677)	(58.0, 134.66666666666612)	(59.0, 97.33333333333303)	(60.0, 73.00000000000004)	(61.0, 51.000000000000085)	(62.0, 53.0000000000001)	(63.0, 60.00000000000015)	(64.0, 66.33333333333347)	(65.0, 72.00000000000006)	(66.0, 62.00000000000016)	(67.0, 37.66666666666666)	(68.0, 24.333333333333314)	(69.0, 28.999999999999964)	(70.0, 24.333333333333314)	(71.0, 28.666666666666632)	(72.0, 42.00000000000002)	(73.0, 59.33333333333348)	(74.0, 50.333333333333414)	(75.0, 31.33333333333329)	(76.0, 27.666666666666636)	(77.0, 25.999999999999975)	(78.0, 22.33333333333332)	(79.0, 26.333333333333307)	(80.0, 30.999999999999957)	(81.0, 30.999999999999957)	(82.0, 42.66666666666669)	(83.0, 63.333333333333506)	(84.0, 44.33333333333337)	(85.0, 31.33333333333329)	(86.0, 5.999999999999998)	(87.0, 0.6666666666666666)	(88.0, 0.3333333333333333)	(89.0, 0.0)	(90.0, 0.0)	(91.0, 0.0)	(92.0, 1.3333333333333333)	(93.0, 1.9999999999999998)	(94.0, 4.0)	(95.0, 4.666666666666666)	(96.0, 2.6666666666666665)	(97.0, 1.6666666666666665)	(98.0, 1.9999999999999998)	(99.0, 3.0)	(100.0, 0.0)
012024-BEL-CBC-T4-667-OFAV_S24_R1_16S	(0.0, 0.0)	(1.0, 0.0)	(2.0, 0.0)	(3.0, 0.0)	(4.0, 0.0)	(5.0, 0.0)	(6.0, 0.0)	(7.0, 0.0)	(8.0, 0.0)	(9.0, 0.0)	(10.0, 0.0)	(11.0, 0.0)	(12.0, 0.0)	(13.0, 0.0)	(14.0, 0.0)	(15.0, 0.0)	(16.0, 0.0)	(17.0, 0.0)	(18.0, 0.0)	(19.0, 0.0)	(20.0, 0.0)	(21.0, 0.0)	(22.0, 0.0)	(23.0, 0.3333333333333333)	(24.0, 1.0)	(25.0, 3.3333333333333335)	(26.0, 9.333333333333332)	(27.0, 30.333333333333293)	(28.0, 164.33333333333363)	(29.0, 1624.6666666665765)	(30.0, 259817.6666696507)	(31.0, 520507.3333213463)	(32.0, 59511.666666813566)	(33.0, 5427.999999999533)	(34.0, 2193.99999999988)	(35.0, 1062.6666666667043)	(36.0, 614.6666666666666)	(37.0, 365.33333333333)	(38.0, 323.99999999999903)	(39.0, 439.3333333333258)	(40.0, 307.0)	(41.0, 355.3333333333306)	(42.0, 433.9999999999928)	(43.0, 654.3333333333378)	(44.0, 1547.3333333332607)	(45.0, 744.0000000000147)	(46.0, 319.33333333333263)	(47.0, 1483.3333333332753)	(48.0, 3695.333333333896)	(49.0, 54779.666666779136)	(50.0, 36970.999999982894)	(51.0, 8471.999999997528)	(52.0, 5154.666666666449)	(53.0, 1198.0000000000068)	(54.0, 1119.333333333358)	(55.0, 1524.9999999999325)	(56.0, 721.3333333333454)	(57.0, 226.3333333333354)	(58.0, 160.00000000000017)	(59.0, 144.6666666666664)	(60.0, 117.66666666666607)	(61.0, 36.66666666666665)	(62.0, 14.333333333333341)	(63.0, 13.000000000000005)	(64.0, 21.333333333333325)	(65.0, 26.99999999999997)	(66.0, 31.999999999999954)	(67.0, 27.999999999999968)	(68.0, 17.66666666666667)	(69.0, 13.33333333333334)	(70.0, 23.333333333333318)	(71.0, 25.33333333333331)	(72.0, 44.66666666666671)	(73.0, 76.0)	(74.0, 98.33333333333302)	(75.0, 67.33333333333346)	(76.0, 27.666666666666636)	(77.0, 21.333333333333325)	(78.0, 24.99999999999998)	(79.0, 28.3333333333333)	(80.0, 48.000000000000064)	(81.0, 76.99999999999999)	(82.0, 153.33333333333331)	(83.0, 326.66666666666555)	(84.0, 900.3333333333658)	(85.0, 1362.9999999999693)	(86.0, 377.66666666666265)	(87.0, 0.6666666666666666)	(88.0, 0.3333333333333333)	(89.0, 0.0)	(90.0, 0.0)	(91.0, 0.0)	(92.0, 0.0)	(93.0, 0.6666666666666666)	(94.0, 3.3333333333333335)	(95.0, 6.666666666666664)	(96.0, 4.0)	(97.0, 3.3333333333333335)	(98.0, 2.6666666666666665)	(99.0, 1.9999999999999998)	(100.0, 1.0)
022024-BEL-CBC-T1-774-MCAV_S80_R1_16S	(0.0, 0.0)	(1.0, 0.0)	(2.0, 0.0)	(3.0, 0.0)	(4.0, 0.0)	(5.0, 0.0)	(6.0, 0.0)	(7.0, 0.0)	(8.0, 0.0)	(9.0, 0.0)	(10.0, 0.0)	(11.0, 0.0)	(12.0, 0.0)	(13.0, 0.0)	(14.0, 0.0)	(15.0, 0.0)	(16.0, 0.0)	(17.0, 0.0)	(18.0, 0.0)	(19.0, 0.0)	(20.0, 0.0)	(21.0, 0.0)	(22.0, 0.0)	(23.0, 0.0)	(24.0, 0.0)	(25.0, 0.6666666666666666)	(26.0, 3.3333333333333335)	(27.0, 40.66666666666668)	(28.0, 19719.333333333117)	(29.0, 166494.66666693465)	(30.0, 165552.3333335739)	(31.0, 28136.333333302497)	(32.0, 1900.999999999847)	(33.0, 834.0000000000249)	(34.0, 451.99999999999176)	(35.0, 275.33333333333513)	(36.0, 180.00000000000074)	(37.0, 126.33333333333262)	(38.0, 137.6666666666662)	(39.0, 202.00000000000136)	(40.0, 186.0000000000009)	(41.0, 318.9999999999993)	(42.0, 807.3333333333552)	(43.0, 2607.6666666667347)	(44.0, 2309.3333333332657)	(45.0, 1615.3333333332453)	(46.0, 1409.333333333292)	(47.0, 1088.333333333365)	(48.0, 936.3333333333699)	(49.0, 378.3333333333293)	(50.0, 725.3333333333459)	(51.0, 7311.666666664487)	(52.0, 15408.000000010145)	(53.0, 6642.333333331762)	(54.0, 1194.6666666666742)	(55.0, 732.3333333333467)	(56.0, 600.3333333333317)	(57.0, 424.33333333332666)	(58.0, 214.0000000000017)	(59.0, 113.66666666666613)	(60.0, 86.66666666666652)	(61.0, 65.66666666666681)	(62.0, 28.999999999999964)	(63.0, 6.999999999999997)	(64.0, 4.666666666666666)	(65.0, 4.666666666666666)	(66.0, 4.0)	(67.0, 5.333333333333332)	(68.0, 5.333333333333332)	(69.0, 4.666666666666666)	(70.0, 8.33333333333333)	(71.0, 11.333333333333336)	(72.0, 13.000000000000005)	(73.0, 15.666666666666677)	(74.0, 15.666666666666677)	(75.0, 14.666666666666675)	(76.0, 29.333333333333297)	(77.0, 42.00000000000002)	(78.0, 48.666666666666735)	(79.0, 37.33333333333332)	(80.0, 19.999999999999996)	(81.0, 8.666666666666664)	(82.0, 7.33333333333333)	(83.0, 10.666666666666668)	(84.0, 8.666666666666664)	(85.0, 4.0)	(86.0, 1.6666666666666665)	(87.0, 1.0)	(88.0, 1.6666666666666665)	(89.0, 1.0)	(90.0, 0.6666666666666666)	(91.0, 0.3333333333333333)	(92.0, 0.6666666666666666)	(93.0, 0.0)	(94.0, 0.0)	(95.0, 0.6666666666666666)	(96.0, 2.333333333333333)	(97.0, 2.333333333333333)	(98.0, 1.6666666666666665)	(99.0, 1.0)	(100.0, 0.5)
022024-BEL-CBC-T2-807-SSID_S31_R1_16S	(0.0, 0.0)	(1.0, 0.0)	(2.0, 0.0)	(3.0, 0.0)	(4.0, 0.0)	(5.0, 0.0)	(6.0, 0.0)	(7.0, 0.0)	(8.0, 0.0)	(9.0, 0.0)	(10.0, 0.0)	(11.0, 0.0)	(12.0, 0.0)	(13.0, 0.0)	(14.0, 0.0)	(15.0, 0.0)	(16.0, 0.0)	(17.0, 0.0)	(18.0, 0.0)	(19.0, 0.0)	(20.0, 0.0)	(21.0, 0.0)	(22.0, 0.0)	(23.0, 0.0)	(24.0, 0.0)	(25.0, 0.3333333333333333)	(26.0, 0.3333333333333333)	(27.0, 0.0)	(28.0, 3.0)	(29.0, 185.00000000000088)	(30.0, 1770.33333333321)	(31.0, 2866.6666666668525)	(32.0, 421.99999999999346)	(33.0, 190.6666666666677)	(34.0, 130.666666666666)	(35.0, 221.0000000000019)	(36.0, 443.3333333333256)	(37.0, 538.9999999999914)	(38.0, 5121.666666666479)	(39.0, 102590.33333298485)	(40.0, 55923.333333454124)	(41.0, 2661.333333333426)	(42.0, 4518.666666667027)	(43.0, 31724.333333289444)	(44.0, 27274.333333305633)	(45.0, 7336.666666664464)	(46.0, 8230.333333330422)	(47.0, 8974.333333331775)	(48.0, 7534.333333330951)	(49.0, 9107.999999998685)	(50.0, 14206.666666674626)	(51.0, 15797.333333344186)	(52.0, 31155.666666624846)	(53.0, 24599.666666648696)	(54.0, 18620.333333337116)	(55.0, 12998.666666672429)	(56.0, 6040.33333333231)	(57.0, 4221.000000000631)	(58.0, 2937.666666666885)	(59.0, 2099.999999999837)	(60.0, 1071.6666666667022)	(61.0, 324.999999999999)	(62.0, 89.33333333333314)	(63.0, 51.33333333333342)	(64.0, 6.999999999999997)	(65.0, 5.333333333333332)	(66.0, 6.333333333333331)	(67.0, 10.0)	(68.0, 11.333333333333336)	(69.0, 11.66666666666667)	(70.0, 12.666666666666671)	(71.0, 11.000000000000002)	(72.0, 27.999999999999968)	(73.0, 62.3333333333335)	(74.0, 75.00000000000001)	(75.0, 55.33333333333345)	(76.0, 22.999999999999986)	(77.0, 29.66666666666663)	(78.0, 63.00000000000017)	(79.0, 92.3333333333331)	(80.0, 116.99999999999942)	(81.0, 155.00000000000003)	(82.0, 245.33333333333593)	(83.0, 482.33333333332337)	(84.0, 2113.3333333331766)	(85.0, 6290.9999999987485)	(86.0, 2111.666666666509)	(87.0, 5.999999999999998)	(88.0, 1.3333333333333333)	(89.0, 0.6666666666666666)	(90.0, 0.3333333333333333)	(91.0, 0.0)	(92.0, 0.3333333333333333)	(93.0, 1.3333333333333333)	(94.0, 2.333333333333333)	(95.0, 1.9999999999999998)	(96.0, 1.3333333333333333)	(97.0, 0.3333333333333333)	(98.0, 0.3333333333333333)	(99.0, 0.3333333333333333)	(100.0, 0.0)
022024-BEL-CBC-T3-842-MCAV_S22_R1_16S	(0.0, 0.0)	(1.0, 0.0)	(2.0, 0.0)	(3.0, 0.0)	(4.0, 0.0)	(5.0, 0.0)	(6.0, 0.0)	(7.0, 0.0)	(8.0, 0.0)	(9.0, 0.0)	(10.0, 0.0)	(11.0, 0.0)	(12.0, 0.0)	(13.0, 0.0)	(14.0, 0.0)	(15.0, 0.0)	(16.0, 0.0)	(17.0, 0.0)	(18.0, 0.0)	(19.0, 0.0)	(20.0, 0.0)	(21.0, 0.0)	(22.0, 0.0)	(23.0, 0.0)	(24.0, 0.0)	(25.0, 0.0)	(26.0, 0.3333333333333333)	(27.0, 11.66666666666667)	(28.0, 185.66666666666757)	(29.0, 73123.66666674698)	(30.0, 313434.00000006624)	(31.0, 119701.66666606918)	(32.0, 4246.6666666672745)	(33.0, 1529.9999999999313)	(34.0, 767.3333333333507)	(35.0, 460.66666666665793)	(36.0, 334.3333333333318)	(37.0, 212.333333333335)	(38.0, 164.33333333333363)	(39.0, 252.33333333333613)	(40.0, 206.00000000000148)	(41.0, 266.66666666666896)	(42.0, 2388.3333333333017)	(43.0, 2817.0000000001633)	(44.0, 3056.3333333336054)	(45.0, 1588.3333333332514)	(46.0, 2130.3333333331843)	(47.0, 6569.666666665162)	(48.0, 5220.666666666389)	(49.0, 2615.0000000000714)	(50.0, 3356.0000000004084)	(51.0, 4064.0000000007303)	(52.0, 23567.66666665245)	(53.0, 18448.666666671073)	(54.0, 8540.999999997654)	(55.0, 7826.999999997352)	(56.0, 7095.666666664683)	(57.0, 6029.33333333232)	(58.0, 4280.666666667244)	(59.0, 2411.6666666666456)	(60.0, 1147.666666666685)	(61.0, 436.333333333326)	(62.0, 76.66666666666666)	(63.0, 22.666666666666654)	(64.0, 6.666666666666664)	(65.0, 5.999999999999998)	(66.0, 4.999999999999999)	(67.0, 4.999999999999999)	(68.0, 12.666666666666671)	(69.0, 16.333333333333343)	(70.0, 24.333333333333314)	(71.0, 44.000000000000036)	(72.0, 77.33333333333331)	(73.0, 121.99999999999935)	(74.0, 139.33333333333292)	(75.0, 77.99999999999997)	(76.0, 23.999999999999982)	(77.0, 12.333333333333337)	(78.0, 16.333333333333343)	(79.0, 19.999999999999996)	(80.0, 35.99999999999998)	(81.0, 54.00000000000011)	(82.0, 93.66666666666642)	(83.0, 186.6666666666676)	(84.0, 523.6666666666563)	(85.0, 754.6666666666825)	(86.0, 190.6666666666677)	(87.0, 0.0)	(88.0, 0.0)	(89.0, 0.0)	(90.0, 0.0)	(91.0, 0.6666666666666666)	(92.0, 1.0)	(93.0, 1.0)	(94.0, 4.333333333333333)	(95.0, 5.666666666666665)	(96.0, 3.3333333333333335)	(97.0, 1.9999999999999998)	(98.0, 1.0)	(99.0, 0.3333333333333333)	(100.0, 0.5)
022024-BEL-CBC-T3-843-MCAV_S73_R1_16S	(0.0, 0.0)	(1.0, 0.0)	(2.0, 0.0)	(3.0, 0.0)	(4.0, 0.0)	(5.0, 0.0)	(6.0, 0.0)	(7.0, 0.0)	(8.0, 0.0)	(9.0, 0.0)	(10.0, 0.0)	(11.0, 0.0)	(12.0, 0.0)	(13.0, 0.0)	(14.0, 0.0)	(15.0, 0.0)	(16.0, 0.0)	(17.0, 0.0)	(18.0, 0.0)	(19.0, 0.0)	(20.0, 0.0)	(21.0, 0.0)	(22.0, 0.0)	(23.0, 0.0)	(24.0, 0.0)	(25.0, 0.0)	(26.0, 2.333333333333333)	(27.0, 22.666666666666654)	(28.0, 7036.99999999807)	(29.0, 58528.66666680641)	(30.0, 58449.66666680584)	(31.0, 10185.333333333978)	(32.0, 822.6666666666903)	(33.0, 360.3333333333303)	(34.0, 192.66666666666777)	(35.0, 112.66666666666615)	(36.0, 69.33333333333343)	(37.0, 54.33333333333344)	(38.0, 62.666666666666835)	(39.0, 99.99999999999966)	(40.0, 79.99999999999994)	(41.0, 138.3333333333329)	(42.0, 214.33333333333505)	(43.0, 351.6666666666641)	(44.0, 320.3333333333326)	(45.0, 143.66666666666637)	(46.0, 280.33333333333485)	(47.0, 497.99999999998914)	(48.0, 304.3333333333335)	(49.0, 127.99999999999926)	(50.0, 174.00000000000057)	(51.0, 506.333333333322)	(52.0, 866.6666666666953)	(53.0, 539.6666666666581)	(54.0, 372.99999999999625)	(55.0, 325.6666666666656)	(56.0, 236.00000000000233)	(57.0, 189.33333333333434)	(58.0, 137.33333333333286)	(59.0, 80.6666666666666)	(60.0, 51.000000000000085)	(61.0, 29.333333333333297)	(62.0, 8.999999999999998)	(63.0, 1.6666666666666665)	(64.0, 1.0)	(65.0, 0.6666666666666666)	(66.0, 1.3333333333333333)	(67.0, 2.333333333333333)	(68.0, 1.3333333333333333)	(69.0, 2.6666666666666665)	(70.0, 8.666666666666664)	(71.0, 12.000000000000004)	(72.0, 18.000000000000004)	(73.0, 16.333333333333343)	(74.0, 8.33333333333333)	(75.0, 8.999999999999998)	(76.0, 9.666666666666666)	(77.0, 9.666666666666666)	(78.0, 10.0)	(79.0, 10.0)	(80.0, 16.666666666666675)	(81.0, 24.99999999999998)	(82.0, 48.666666666666735)	(83.0, 71.66666666666673)	(84.0, 48.666666666666735)	(85.0, 7.9999999999999964)	(86.0, 1.3333333333333333)	(87.0, 0.3333333333333333)	(88.0, 0.3333333333333333)	(89.0, 0.3333333333333333)	(90.0, 0.0)	(91.0, 0.0)	(92.0, 0.0)	(93.0, 0.0)	(94.0, 1.0)	(95.0, 2.333333333333333)	(96.0, 1.3333333333333333)	(97.0, 0.6666666666666666)	(98.0, 0.6666666666666666)	(99.0, 0.0)	(100.0, 0.0)
022024-BEL-CBC-T3-852-OFAV_S18_R1_16S	(0.0, 0.0)	(1.0, 0.0)	(2.0, 0.0)	(3.0, 0.0)	(4.0, 0.0)	(5.0, 0.0)	(6.0, 0.0)	(7.0, 0.0)	(8.0, 0.0)	(9.0, 0.0)	(10.0, 0.0)	(11.0, 0.0)	(12.0, 0.0)	(13.0, 0.0)	(14.0, 0.0)	(15.0, 0.0)	(16.0, 0.0)	(17.0, 0.0)	(18.0, 0.0)	(19.0, 0.0)	(20.0, 0.0)	(21.0, 0.0)	(22.0, 0.3333333333333333)	(23.0, 0.3333333333333333)	(24.0, 3.0)	(25.0, 10.666666666666668)	(26.0, 10.333333333333334)	(27.0, 19.0)	(28.0, 76.33333333333333)	(29.0, 922.3333333333683)	(30.0, 71858.33333343206)	(31.0, 142124.99999955873)	(32.0, 16692.000000010798)	(33.0, 1560.3333333332578)	(34.0, 625.6666666666679)	(35.0, 323.6666666666657)	(36.0, 195.66666666666785)	(37.0, 107.99999999999955)	(38.0, 96.33333333333304)	(39.0, 201.33333333333468)	(40.0, 144.33333333333306)	(41.0, 159.00000000000014)	(42.0, 197.33333333333456)	(43.0, 367.6666666666632)	(44.0, 508.9999999999885)	(45.0, 259.00000000000273)	(46.0, 203.33333333333474)	(47.0, 1591.9999999999172)	(48.0, 2962.666666666896)	(49.0, 3596.0000000005175)	(50.0, 2059.6666666664855)	(51.0, 1300.333333333317)	(52.0, 962.3333333333728)	(53.0, 359.999999999997)	(54.0, 495.99999999998926)	(55.0, 669.3333333333395)	(56.0, 223.3333333333353)	(57.0, 63.00000000000017)	(58.0, 55.000000000000114)	(59.0, 32.99999999999996)	(60.0, 12.000000000000004)	(61.0, 8.999999999999998)	(62.0, 8.33333333333333)	(63.0, 11.66666666666667)	(64.0, 23.333333333333318)	(65.0, 30.666666666666625)	(66.0, 43.333333333333364)	(67.0, 44.000000000000036)	(68.0, 27.333333333333304)	(69.0, 14.666666666666675)	(70.0, 18.333333333333336)	(71.0, 23.999999999999982)	(72.0, 45.00000000000004)	(73.0, 80.99999999999993)	(74.0, 95.33333333333306)	(75.0, 59.00000000000014)	(76.0, 16.666666666666675)	(77.0, 9.333333333333332)	(78.0, 10.0)	(79.0, 15.333333333333343)	(80.0, 22.999999999999986)	(81.0, 39.333333333333336)	(82.0, 62.00000000000016)	(83.0, 151.6666666666666)	(84.0, 392.3333333333285)	(85.0, 535.6666666666576)	(86.0, 131.99999999999937)	(87.0, 1.0)	(88.0, 0.0)	(89.0, 0.0)	(90.0, 0.0)	(91.0, 0.0)	(92.0, 0.0)	(93.0, 0.0)	(94.0, 2.6666666666666665)	(95.0, 2.6666666666666665)	(96.0, 1.6666666666666665)	(97.0, 1.6666666666666665)	(98.0, 0.6666666666666666)	(99.0, 0.3333333333333333)	(100.0, 0.0)
042024-BEL-CBC-T1-924-MCAV_S38_R1_16S	(0.0, 0.0)	(1.0, 0.0)	(2.0, 0.0)	(3.0, 0.0)	(4.0, 0.0)	(5.0, 0.0)	(6.0, 0.0)	(7.0, 0.0)	(8.0, 0.0)	(9.0, 0.0)	(10.0, 0.0)	(11.0, 0.0)	(12.0, 0.0)	(13.0, 0.0)	(14.0, 0.0)	(15.0, 0.0)	(16.0, 0.0)	(17.0, 0.0)	(18.0, 0.0)	(19.0, 0.0)	(20.0, 0.0)	(21.0, 0.0)	(22.0, 0.0)	(23.0, 0.0)	(24.0, 0.0)	(25.0, 0.0)	(26.0, 0.0)	(27.0, 8.33333333333333)	(28.0, 452.3333333333251)	(29.0, 22726.999999988842)	(30.0, 34770.66666663355)	(31.0, 7582.9999999975735)	(32.0, 503.6666666666555)	(33.0, 308.6666666666666)	(34.0, 277.66666666666833)	(35.0, 174.3333333333339)	(36.0, 99.66666666666633)	(37.0, 66.6666666666668)	(38.0, 64.00000000000017)	(39.0, 125.99999999999929)	(40.0, 749.0000000000152)	(41.0, 4570.000000000314)	(42.0, 9542.666666666142)	(43.0, 6818.999999998268)	(44.0, 3138.3333333336427)	(45.0, 4908.333333333339)	(46.0, 9918.333333333492)	(47.0, 10553.666666667981)	(48.0, 8204.666666663708)	(49.0, 10968.666666668736)	(50.0, 19544.333333333754)	(51.0, 26744.666666640893)	(52.0, 29028.33333329925)	(53.0, 33616.99999995849)	(54.0, 36630.33333331375)	(55.0, 35616.33333330637)	(56.0, 41442.000000015425)	(57.0, 40264.000000006854)	(58.0, 21043.666666661633)	(59.0, 8578.333333331055)	(60.0, 3369.3333333337478)	(61.0, 1528.6666666665983)	(62.0, 1113.3333333333594)	(63.0, 523.3333333333229)	(64.0, 114.99999999999945)	(65.0, 21.99999999999999)	(66.0, 8.33333333333333)	(67.0, 7.666666666666663)	(68.0, 6.666666666666664)	(69.0, 7.666666666666663)	(70.0, 9.333333333333332)	(71.0, 8.666666666666664)	(72.0, 10.0)	(73.0, 11.333333333333336)	(74.0, 17.33333333333334)	(75.0, 26.333333333333307)	(76.0, 30.666666666666625)	(77.0, 41.000000000000014)	(78.0, 32.99999999999996)	(79.0, 21.333333333333325)	(80.0, 16.666666666666675)	(81.0, 17.000000000000007)	(82.0, 16.666666666666675)	(83.0, 19.333333333333332)	(84.0, 11.333333333333336)	(85.0, 1.6666666666666665)	(86.0, 0.3333333333333333)	(87.0, 0.0)	(88.0, 0.0)	(89.0, 0.3333333333333333)	(90.0, 0.3333333333333333)	(91.0, 0.0)	(92.0, 1.0)	(93.0, 1.9999999999999998)	(94.0, 2.333333333333333)	(95.0, 3.666666666666667)	(96.0, 3.3333333333333335)	(97.0, 1.3333333333333333)	(98.0, 0.0)	(99.0, 1.0)	(100.0, 0.5)
042024-BEL-CBC-T1-931-SSID_S45_R1_16S	(0.0, 0.0)	(1.0, 0.0)	(2.0, 0.0)	(3.0, 0.0)	(4.0, 0.0)	(5.0, 0.0)	(6.0, 0.0)	(7.0, 0.0)	(8.0, 0.0)	(9.0, 0.0)	(10.0, 0.0)	(11.0, 0.0)	(12.0, 0.0)	(13.0, 0.0)	(14.0, 0.0)	(15.0, 0.0)	(16.0, 0.0)	(17.0, 0.0)	(18.0, 0.0)	(19.0, 0.0)	(20.0, 0.0)	(21.0, 0.0)	(22.0, 0.0)	(23.0, 0.0)	(24.0, 0.0)	(25.0, 0.0)	(26.0, 0.3333333333333333)	(27.0, 6.666666666666664)	(28.0, 28.666666666666632)	(29.0, 662.3333333333387)	(30.0, 1424.3333333332887)	(31.0, 757.6666666666829)	(32.0, 210.33333333333493)	(33.0, 182.0000000000008)	(34.0, 297.00000000000057)	(35.0, 326.66666666666555)	(36.0, 327.9999999999988)	(37.0, 423.66666666666003)	(38.0, 16974.333333343104)	(39.0, 74489.00000006045)	(40.0, 38929.99999999715)	(41.0, 3467.000000000459)	(42.0, 3023.000000000257)	(43.0, 6546.33333333185)	(44.0, 7762.666666664077)	(45.0, 4617.333333333604)	(46.0, 5502.333333332799)	(47.0, 5794.9999999992)	(48.0, 5784.333333332543)	(49.0, 6038.333333332312)	(50.0, 6920.3333333315095)	(51.0, 8019.666666663843)	(52.0, 11452.333333336283)	(53.0, 15126.6666666763)	(54.0, 13629.000000006909)	(55.0, 7956.999999997233)	(56.0, 7344.333333331124)	(57.0, 6754.3333333316605)	(58.0, 2864.6666666668516)	(59.0, 1208.3333333333378)	(60.0, 428.66666666665975)	(61.0, 119.66666666666605)	(62.0, 47.66666666666673)	(63.0, 38.33333333333333)	(64.0, 23.66666666666665)	(65.0, 19.0)	(66.0, 26.66666666666664)	(67.0, 35.66666666666664)	(68.0, 37.33333333333332)	(69.0, 46.66666666666672)	(70.0, 63.00000000000017)	(71.0, 88.66666666666649)	(72.0, 126.99999999999928)	(73.0, 171.66666666666717)	(74.0, 198.66666666666794)	(75.0, 225.00000000000202)	(76.0, 246.33333333333596)	(77.0, 236.00000000000233)	(78.0, 224.000000000002)	(79.0, 303.33333333333354)	(80.0, 572.6666666666619)	(81.0, 1139.6666666666868)	(82.0, 1838.6666666665278)	(83.0, 1880.333333333185)	(84.0, 901.0000000000325)	(85.0, 156.3333333333334)	(86.0, 5.666666666666665)	(87.0, 0.0)	(88.0, 0.0)	(89.0, 0.0)	(90.0, 0.0)	(91.0, 0.0)	(92.0, 0.0)	(93.0, 0.3333333333333333)	(94.0, 1.9999999999999998)	(95.0, 1.3333333333333333)	(96.0, 0.6666666666666666)	(97.0, 0.3333333333333333)	(98.0, 0.0)	(99.0, 0.6666666666666666)	(100.0, 0.0)
042024-BEL-CBC-T2-1016-MCAV_S68_R1_16S	(0.0, 0.0)	(1.0, 0.0)	(2.0, 0.0)	(3.0, 0.0)	(4.0, 0.0)	(5.0, 0.0)	(6.0, 0.0)	(7.0, 0.0)	(8.0, 0.0)	(9.0, 0.0)	(10.0, 0.0)	(11.0, 0.0)	(12.0, 0.0)	(13.0, 0.0)	(14.0, 0.0)	(15.0, 0.0)	(16.0, 0.0)	(17.0, 0.0)	(18.0, 0.0)	(19.0, 0.0)	(20.0, 0.0)	(21.0, 0.0)	(22.0, 0.0)	(23.0, 0.0)	(24.0, 1.0)	(25.0, 19.999999999999996)	(26.0, 25.666666666666643)	(27.0, 71.00000000000007)	(28.0, 30471.333333294002)	(29.0, 260234.3333363295)	(30.0, 257437.66666958143)	(31.0, 43520.33333336388)	(32.0, 2944.000000000221)	(33.0, 1226.666666666667)	(34.0, 632.0000000000019)	(35.0, 396.9999999999949)	(36.0, 252.00000000000279)	(37.0, 185.33333333333422)	(38.0, 200.666666666668)	(39.0, 282.66666666666805)	(40.0, 614.6666666666666)	(41.0, 4733.666666666832)	(42.0, 12474.000000004808)	(43.0, 10737.000000001648)	(44.0, 6075.333333332278)	(45.0, 4028.666666667381)	(46.0, 2609.0000000000687)	(47.0, 2431.333333333321)	(48.0, 1478.3333333332764)	(49.0, 1099.0000000000293)	(50.0, 1321.333333333312)	(51.0, 2246.333333333237)	(52.0, 3487.000000000468)	(53.0, 2650.0000000000873)	(54.0, 2553.000000000043)	(55.0, 2689.3333333334385)	(56.0, 3333.000000000398)	(57.0, 3564.3333333338364)	(58.0, 1645.6666666665717)	(59.0, 503.6666666666555)	(60.0, 246.33333333333596)	(61.0, 107.66666666666622)	(62.0, 57.333333333333464)	(63.0, 26.333333333333307)	(64.0, 12.666666666666671)	(65.0, 10.0)	(66.0, 9.333333333333332)	(67.0, 14.000000000000007)	(68.0, 13.000000000000005)	(69.0, 10.333333333333334)	(70.0, 18.333333333333336)	(71.0, 17.66666666666667)	(72.0, 14.666666666666675)	(73.0, 18.333333333333336)	(74.0, 36.333333333333314)	(75.0, 49.00000000000007)	(76.0, 64.00000000000017)	(77.0, 108.99999999999953)	(78.0, 152.3333333333333)	(79.0, 130.99999999999935)	(80.0, 133.6666666666661)	(81.0, 266.66666666666896)	(82.0, 600.3333333333317)	(83.0, 928.6666666667023)	(84.0, 635.0000000000023)	(85.0, 161.66666666666688)	(86.0, 17.33333333333334)	(87.0, 4.333333333333333)	(88.0, 3.666666666666667)	(89.0, 3.666666666666667)	(90.0, 1.9999999999999998)	(91.0, 0.3333333333333333)	(92.0, 0.3333333333333333)	(93.0, 1.3333333333333333)	(94.0, 4.666666666666666)	(95.0, 6.666666666666664)	(96.0, 7.666666666666663)	(97.0, 6.666666666666664)	(98.0, 3.0)	(99.0, 3.666666666666667)	(100.0, 2.5)
042024-BEL-CBC-T2-1025-SSID_S59_R1_16S	(0.0, 0.0)	(1.0, 0.0)	(2.0, 0.0)	(3.0, 0.0)	(4.0, 0.0)	(5.0, 0.0)	(6.0, 0.0)	(7.0, 0.0)	(8.0, 0.0)	(9.0, 0.0)	(10.0, 0.0)	(11.0, 0.0)	(12.0, 0.0)	(13.0, 0.0)	(14.0, 0.0)	(15.0, 0.0)	(16.0, 0.0)	(17.0, 0.0)	(18.0, 0.0)	(19.0, 0.0)	(20.0, 0.0)	(21.0, 0.0)	(22.0, 0.0)	(23.0, 0.0)	(24.0, 0.0)	(25.0, 1.0)	(26.0, 0.6666666666666666)	(27.0, 1.0)	(28.0, 13.000000000000005)	(29.0, 360.3333333333303)	(30.0, 1076.666666666701)	(31.0, 602.3333333333319)	(32.0, 109.99999999999952)	(33.0, 66.6666666666668)	(34.0, 75.66666666666667)	(35.0, 126.99999999999928)	(36.0, 171.00000000000048)	(37.0, 334.3333333333318)	(38.0, 36556.99999997988)	(39.0, 162470.00000015085)	(40.0, 88235.66666652707)	(41.0, 6698.666666665044)	(42.0, 3025.000000000258)	(43.0, 13909.000000007418)	(44.0, 17760.000000006912)	(45.0, 7236.999999997888)	(46.0, 6543.333333331852)	(47.0, 6942.9999999981555)	(48.0, 5573.333333332735)	(49.0, 5295.333333332987)	(50.0, 8675.999999997899)	(51.0, 15369.333333343408)	(52.0, 20216.999999997974)	(53.0, 20824.66666666243)	(54.0, 16994.0000000097)	(55.0, 11478.000000002996)	(56.0, 8542.666666664323)	(57.0, 6060.666666665625)	(58.0, 3554.333333333832)	(59.0, 1752.6666666665474)	(60.0, 834.6666666666916)	(61.0, 300.666666666667)	(62.0, 122.99999999999933)	(63.0, 41.33333333333335)	(64.0, 21.333333333333325)	(65.0, 24.333333333333314)	(66.0, 27.999999999999968)	(67.0, 33.66666666666663)	(68.0, 39.333333333333336)	(69.0, 61.33333333333349)	(70.0, 83.66666666666656)	(71.0, 94.6666666666664)	(72.0, 107.99999999999955)	(73.0, 139.33333333333292)	(74.0, 220.00000000000188)	(75.0, 311.6666666666664)	(76.0, 384.33333333332894)	(77.0, 365.33333333333)	(78.0, 263.3333333333358)	(79.0, 202.00000000000136)	(80.0, 248.00000000000267)	(81.0, 390.9999999999952)	(82.0, 547.666666666659)	(83.0, 543.9999999999919)	(84.0, 281.3333333333348)	(85.0, 58.33333333333347)	(86.0, 2.333333333333333)	(87.0, 0.0)	(88.0, 0.0)	(89.0, 0.0)	(90.0, 0.0)	(91.0, 0.0)	(92.0, 0.3333333333333333)	(93.0, 0.6666666666666666)	(94.0, 1.9999999999999998)	(95.0, 1.6666666666666665)	(96.0, 1.0)	(97.0, 1.0)	(98.0, 0.6666666666666666)	(99.0, 0.0)	(100.0, 0.0)
042024-BEL-CBC-T2-1035-SSID_S4_R1_16S	(0.0, 0.0)	(1.0, 0.0)	(2.0, 0.0)	(3.0, 0.0)	(4.0, 0.0)	(5.0, 0.0)	(6.0, 0.0)	(7.0, 0.0)	(8.0, 0.0)	(9.0, 0.0)	(10.0, 0.0)	(11.0, 0.0)	(12.0, 0.0)	(13.0, 0.0)	(14.0, 0.0)	(15.0, 0.0)	(16.0, 0.0)	(17.0, 0.0)	(18.0, 0.0)	(19.0, 0.0)	(20.0, 0.0)	(21.0, 0.0)	(22.0, 0.0)	(23.0, 0.0)	(24.0, 0.0)	(25.0, 0.0)	(26.0, 0.6666666666666666)	(27.0, 3.0)	(28.0, 17.33333333333334)	(29.0, 401.6666666666613)	(30.0, 1338.9999999999748)	(31.0, 1293.6666666666517)	(32.0, 303.0000000000002)	(33.0, 65.33333333333348)	(34.0, 33.33333333333329)	(35.0, 34.666666666666636)	(36.0, 36.999999999999986)	(37.0, 69.66666666666676)	(38.0, 1898.9999999998474)	(39.0, 23093.666666654175)	(40.0, 11250.000000002581)	(41.0, 747.3333333333484)	(42.0, 1187.6666666666758)	(43.0, 6308.333333332066)	(44.0, 3573.3333333338405)	(45.0, 1436.333333333286)	(46.0, 2393.6666666666374)	(47.0, 3037.6666666669303)	(48.0, 2176.6666666665387)	(49.0, 1440.333333333285)	(50.0, 1879.6666666665185)	(51.0, 4194.000000000656)	(52.0, 8817.33333333149)	(53.0, 8756.999999998046)	(54.0, 6016.999999998998)	(55.0, 4189.666666667326)	(56.0, 2436.3333333333235)	(57.0, 1591.3333333332507)	(58.0, 957.6666666667056)	(59.0, 549.6666666666592)	(60.0, 287.33333333333445)	(61.0, 92.66666666666643)	(62.0, 46.00000000000005)	(63.0, 24.99999999999998)	(64.0, 7.9999999999999964)	(65.0, 9.666666666666666)	(66.0, 13.000000000000005)	(67.0, 16.333333333333343)	(68.0, 23.999999999999982)	(69.0, 23.66666666666665)	(70.0, 27.333333333333304)	(71.0, 44.000000000000036)	(72.0, 88.99999999999982)	(73.0, 186.0000000000009)	(74.0, 213.33333333333502)	(75.0, 117.66666666666607)	(76.0, 43.00000000000003)	(77.0, 28.999999999999964)	(78.0, 40.66666666666668)	(79.0, 55.000000000000114)	(80.0, 93.66666666666642)	(81.0, 164.66666666666697)	(82.0, 312.99999999999966)	(83.0, 784.0000000000192)	(84.0, 2521.333333333362)	(85.0, 3519.333333333816)	(86.0, 745.3333333333482)	(87.0, 5.333333333333332)	(88.0, 1.6666666666666665)	(89.0, 0.0)	(90.0, 0.0)	(91.0, 0.0)	(92.0, 0.0)	(93.0, 0.3333333333333333)	(94.0, 0.6666666666666666)	(95.0, 0.6666666666666666)	(96.0, 0.6666666666666666)	(97.0, 0.6666666666666666)	(98.0, 0.0)	(99.0, 0.6666666666666666)	(100.0, 0.0)
042024-BEL-CBC-T3-950-PSTR_S84_R1_16S	(0.0, 0.0)	(1.0, 0.0)	(2.0, 0.0)	(3.0, 0.0)	(4.0, 0.0)	(5.0, 0.0)	(6.0, 0.0)	(7.0, 0.0)	(8.0, 0.0)	(9.0, 0.0)	(10.0, 0.0)	(11.0, 0.0)	(12.0, 0.0)	(13.0, 0.0)	(14.0, 0.0)	(15.0, 0.0)	(16.0, 0.0)	(17.0, 0.0)	(18.0, 0.0)	(19.0, 0.0)	(20.0, 0.0)	(21.0, 0.0)	(22.0, 0.0)	(23.0, 0.3333333333333333)	(24.0, 0.6666666666666666)	(25.0, 0.6666666666666666)	(26.0, 1.9999999999999998)	(27.0, 19.333333333333332)	(28.0, 401.6666666666613)	(29.0, 82800.33333327284)	(30.0, 625308.9999995533)	(31.0, 586584.6666617119)	(32.0, 93965.33333311036)	(33.0, 6025.6666666656565)	(34.0, 2581.666666666723)	(35.0, 1390.3333333332964)	(36.0, 864.3333333333617)	(37.0, 578.6666666666625)	(38.0, 673.33333333334)	(39.0, 944.0000000000374)	(40.0, 1638.9999999999065)	(41.0, 2769.6666666668084)	(42.0, 2219.6666666665583)	(43.0, 6013.9999999990005)	(44.0, 6684.99999999839)	(45.0, 13663.333333340304)	(46.0, 26137.6666666431)	(47.0, 19099.666666668705)	(48.0, 10494.33333333454)	(49.0, 6899.333333331529)	(50.0, 11544.000000003116)	(51.0, 32432.333333286868)	(52.0, 37524.999999986925)	(53.0, 35624.33333330643)	(54.0, 39129.33333333193)	(55.0, 31695.33333328955)	(56.0, 23830.999999984826)	(57.0, 19403.000000000935)	(58.0, 12791.000000005384)	(59.0, 5926.3333333324135)	(60.0, 2381.3333333332985)	(61.0, 817.3333333333563)	(62.0, 234.33333333333562)	(63.0, 66.33333333333347)	(64.0, 19.333333333333332)	(65.0, 13.33333333333334)	(66.0, 14.666666666666675)	(67.0, 17.66666666666667)	(68.0, 20.33333333333333)	(69.0, 17.66666666666667)	(70.0, 15.333333333333343)	(71.0, 23.333333333333318)	(72.0, 40.00000000000001)	(73.0, 61.33333333333349)	(74.0, 110.66666666666617)	(75.0, 229.33333333333547)	(76.0, 320.3333333333326)	(77.0, 388.3333333333287)	(78.0, 389.33333333332865)	(79.0, 355.3333333333306)	(80.0, 410.6666666666608)	(81.0, 792.6666666666869)	(82.0, 2264.9999999999122)	(83.0, 3806.000000000613)	(84.0, 2659.0000000000914)	(85.0, 605.999999999999)	(86.0, 35.66666666666664)	(87.0, 3.0)	(88.0, 3.3333333333333335)	(89.0, 1.9999999999999998)	(90.0, 1.9999999999999998)	(91.0, 1.3333333333333333)	(92.0, 0.3333333333333333)	(93.0, 7.9999999999999964)	(94.0, 16.666666666666675)	(95.0, 25.33333333333331)	(96.0, 26.99999999999997)	(97.0, 19.666666666666664)	(98.0, 13.33333333333334)	(99.0, 7.33333333333333)	(100.0, 2.0)
042024-BEL-CBC-T3-956-MCAV_S94_R1_16S	(0.0, 0.0)	(1.0, 0.0)	(2.0, 0.0)	(3.0, 0.0)	(4.0, 0.0)	(5.0, 0.0)	(6.0, 0.0)	(7.0, 0.0)	(8.0, 0.0)	(9.0, 0.0)	(10.0, 0.0)	(11.0, 0.0)	(12.0, 0.0)	(13.0, 0.0)	(14.0, 0.0)	(15.0, 0.0)	(16.0, 0.0)	(17.0, 0.0)	(18.0, 0.0)	(19.0, 0.0)	(20.0, 0.0)	(21.0, 0.0)	(22.0, 0.0)	(23.0, 0.0)	(24.0, 0.0)	(25.0, 0.3333333333333333)	(26.0, 1.0)	(27.0, 18.000000000000004)	(28.0, 8999.666666665154)	(29.0, 72406.33333342409)	(30.0, 69039.33333347309)	(31.0, 11490.333333336352)	(32.0, 808.6666666666887)	(33.0, 324.999999999999)	(34.0, 178.66666666666737)	(35.0, 108.99999999999953)	(36.0, 75.00000000000001)	(37.0, 51.000000000000085)	(38.0, 43.00000000000003)	(39.0, 42.00000000000002)	(40.0, 51.33333333333342)	(41.0, 84.66666666666654)	(42.0, 53.0000000000001)	(43.0, 34.3333333333333)	(44.0, 44.000000000000036)	(45.0, 24.99999999999998)	(46.0, 19.0)	(47.0, 23.66666666666665)	(48.0, 43.6666666666667)	(49.0, 48.000000000000064)	(50.0, 64.00000000000017)	(51.0, 101.99999999999963)	(52.0, 125.66666666666596)	(53.0, 186.33333333333425)	(54.0, 132.33333333333272)	(55.0, 144.33333333333306)	(56.0, 141.33333333333297)	(57.0, 94.99999999999973)	(58.0, 59.66666666666681)	(59.0, 29.333333333333297)	(60.0, 11.000000000000002)	(61.0, 15.000000000000009)	(62.0, 16.333333333333343)	(63.0, 9.333333333333332)	(64.0, 1.6666666666666665)	(65.0, 0.3333333333333333)	(66.0, 0.3333333333333333)	(67.0, 0.6666666666666666)	(68.0, 0.3333333333333333)	(69.0, 0.6666666666666666)	(70.0, 0.0)	(71.0, 0.6666666666666666)	(72.0, 1.9999999999999998)	(73.0, 1.9999999999999998)	(74.0, 10.0)	(75.0, 14.666666666666675)	(76.0, 17.33333333333334)	(77.0, 18.666666666666668)	(78.0, 17.33333333333334)	(79.0, 17.000000000000007)	(80.0, 17.000000000000007)	(81.0, 17.000000000000007)	(82.0, 53.66666666666677)	(83.0, 158.6666666666668)	(84.0, 129.99999999999932)	(85.0, 30.999999999999957)	(86.0, 1.3333333333333333)	(87.0, 0.0)	(88.0, 0.0)	(89.0, 0.3333333333333333)	(90.0, 0.0)	(91.0, 0.3333333333333333)	(92.0, 0.3333333333333333)	(93.0, 0.0)	(94.0, 0.6666666666666666)	(95.0, 1.3333333333333333)	(96.0, 1.3333333333333333)	(97.0, 0.3333333333333333)	(98.0, 1.0)	(99.0, 0.6666666666666666)	(100.0, 0.0)
042024-BEL-CBC-T3-959-SSID_S7_R1_16S	(0.0, 0.0)	(1.0, 0.0)	(2.0, 0.0)	(3.0, 0.0)	(4.0, 0.0)	(5.0, 0.0)	(6.0, 0.0)	(7.0, 0.0)	(8.0, 0.0)	(9.0, 0.0)	(10.0, 0.0)	(11.0, 0.0)	(12.0, 0.0)	(13.0, 0.0)	(14.0, 0.0)	(15.0, 0.0)	(16.0, 0.0)	(17.0, 0.0)	(18.0, 0.0)	(19.0, 0.0)	(20.0, 0.0)	(21.0, 0.0)	(22.0, 0.0)	(23.0, 0.0)	(24.0, 0.0)	(25.0, 0.3333333333333333)	(26.0, 3.0)	(27.0, 3.3333333333333335)	(28.0, 8.33333333333333)	(29.0, 424.66666666666)	(30.0, 1434.999999999953)	(31.0, 1093.0000000000307)	(32.0, 196.0000000000012)	(33.0, 27.666666666666636)	(34.0, 14.000000000000007)	(35.0, 11.333333333333336)	(36.0, 16.333333333333343)	(37.0, 22.999999999999986)	(38.0, 513.3333333333218)	(39.0, 9492.999999999385)	(40.0, 4969.333333333284)	(41.0, 418.99999999999363)	(42.0, 509.66666666665515)	(43.0, 1065.000000000037)	(44.0, 712.000000000011)	(45.0, 536.9999999999911)	(46.0, 2280.3333333332525)	(47.0, 4592.333333333627)	(48.0, 2118.999999999846)	(49.0, 959.6666666667059)	(50.0, 1168.333333333347)	(51.0, 1837.666666666528)	(52.0, 2501.6666666666865)	(53.0, 4015.666666667375)	(54.0, 5122.666666666478)	(55.0, 4119.333333334057)	(56.0, 2822.333333333499)	(57.0, 2095.666666666502)	(58.0, 1596.6666666665828)	(59.0, 694.000000000009)	(60.0, 303.0000000000002)	(61.0, 133.6666666666661)	(62.0, 56.33333333333346)	(63.0, 46.00000000000005)	(64.0, 22.33333333333332)	(65.0, 8.666666666666664)	(66.0, 9.666666666666666)	(67.0, 11.66666666666667)	(68.0, 16.333333333333343)	(69.0, 22.666666666666654)	(70.0, 23.333333333333318)	(71.0, 27.666666666666636)	(72.0, 57.333333333333464)	(73.0, 136.33333333333283)	(74.0, 222.00000000000193)	(75.0, 140.99999999999963)	(76.0, 45.33333333333338)	(77.0, 16.00000000000001)	(78.0, 20.999999999999993)	(79.0, 29.66666666666663)	(80.0, 42.00000000000002)	(81.0, 67.66666666666679)	(82.0, 90.33333333333313)	(83.0, 172.6666666666672)	(84.0, 712.000000000011)	(85.0, 2061.6666666664864)	(86.0, 679.666666666674)	(87.0, 1.3333333333333333)	(88.0, 0.0)	(89.0, 0.3333333333333333)	(90.0, 0.3333333333333333)	(91.0, 0.0)	(92.0, 0.0)	(93.0, 0.0)	(94.0, 0.0)	(95.0, 0.0)	(96.0, 0.3333333333333333)	(97.0, 0.3333333333333333)	(98.0, 0.0)	(99.0, 0.0)	(100.0, 0.0)
052022-BEL-CBC-T1-53-PAST_S53_R1_16S	(0.0, 0.0)	(1.0, 0.0)	(2.0, 0.0)	(3.0, 0.0)	(4.0, 0.0)	(5.0, 0.0)	(6.0, 0.0)	(7.0, 0.0)	(8.0, 0.0)	(9.0, 0.0)	(10.0, 0.0)	(11.0, 0.0)	(12.0, 0.0)	(13.0, 0.0)	(14.0, 0.0)	(15.0, 0.0)	(16.0, 0.0)	(17.0, 0.0)	(18.0, 0.0)	(19.0, 0.0)	(20.0, 0.0)	(21.0, 0.0)	(22.0, 0.0)	(23.0, 0.0)	(24.0, 0.3333333333333333)	(25.0, 0.3333333333333333)	(26.0, 0.0)	(27.0, 0.0)	(28.0, 10.333333333333334)	(29.0, 570.999999999995)	(30.0, 1696.3333333332268)	(31.0, 1185.0000000000098)	(32.0, 242.6666666666692)	(33.0, 68.66666666666677)	(34.0, 30.333333333333293)	(35.0, 21.99999999999999)	(36.0, 42.33333333333336)	(37.0, 68.33333333333344)	(38.0, 1020.3333333333794)	(39.0, 1712.9999999998897)	(40.0, 28357.666666635025)	(41.0, 127288.66666595878)	(42.0, 74776.3333333896)	(43.0, 26545.666666641617)	(44.0, 24945.99999998077)	(45.0, 6068.333333332284)	(46.0, 4259.666666667263)	(47.0, 7001.333333331436)	(48.0, 9600.333333332914)	(49.0, 10460.333333334478)	(50.0, 10744.00000000166)	(51.0, 8768.666666664734)	(52.0, 13851.333333340646)	(53.0, 33234.33333328904)	(54.0, 33109.666666621466)	(55.0, 22914.99999998816)	(56.0, 14913.333333342578)	(57.0, 8948.666666665062)	(58.0, 6655.999999998417)	(59.0, 4236.333333333951)	(60.0, 3674.000000000553)	(61.0, 1734.6666666665515)	(62.0, 245.33333333333593)	(63.0, 28.999999999999964)	(64.0, 9.666666666666666)	(65.0, 5.999999999999998)	(66.0, 8.666666666666664)	(67.0, 6.333333333333331)	(68.0, 7.9999999999999964)	(69.0, 14.333333333333341)	(70.0, 38.33333333333333)	(71.0, 51.000000000000085)	(72.0, 36.333333333333314)	(73.0, 26.66666666666664)	(74.0, 57.333333333333464)	(75.0, 130.33333333333266)	(76.0, 234.33333333333562)	(77.0, 281.3333333333348)	(78.0, 238.0000000000024)	(79.0, 207.0000000000015)	(80.0, 243.66666666666922)	(81.0, 376.6666666666627)	(82.0, 1185.0000000000098)	(83.0, 3583.0000000005116)	(84.0, 4390.0000000004775)	(85.0, 1496.3333333332723)	(86.0, 102.33333333333296)	(87.0, 0.6666666666666666)	(88.0, 0.0)	(89.0, 0.0)	(90.0, 0.3333333333333333)	(91.0, 0.0)	(92.0, 0.0)	(93.0, 0.6666666666666666)	(94.0, 1.3333333333333333)	(95.0, 1.0)	(96.0, 1.6666666666666665)	(97.0, 1.3333333333333333)	(98.0, 0.6666666666666666)	(99.0, 1.3333333333333333)	(100.0, 0.0)
052022-BEL-CBC-T1-54-MCAV_S19_R1_16S	(0.0, 0.0)	(1.0, 0.0)	(2.0, 0.0)	(3.0, 0.0)	(4.0, 0.0)	(5.0, 0.0)	(6.0, 0.0)	(7.0, 0.0)	(8.0, 0.0)	(9.0, 0.0)	(10.0, 0.0)	(11.0, 0.0)	(12.0, 0.0)	(13.0, 0.0)	(14.0, 0.0)	(15.0, 0.0)	(16.0, 0.0)	(17.0, 0.0)	(18.0, 0.0)	(19.0, 0.0)	(20.0, 0.0)	(21.0, 0.0)	(22.0, 0.0)	(23.0, 0.0)	(24.0, 0.3333333333333333)	(25.0, 0.6666666666666666)	(26.0, 0.3333333333333333)	(27.0, 4.0)	(28.0, 98.66666666666634)	(29.0, 1817.6666666665326)	(30.0, 7844.333333330669)	(31.0, 3937.333333334006)	(32.0, 415.9999999999938)	(33.0, 94.6666666666664)	(34.0, 45.33333333333338)	(35.0, 26.66666666666664)	(36.0, 16.666666666666675)	(37.0, 10.0)	(38.0, 16.00000000000001)	(39.0, 102.33333333333296)	(40.0, 87.6666666666665)	(41.0, 78.99999999999996)	(42.0, 223.00000000000196)	(43.0, 457.6666666666581)	(44.0, 158.0000000000001)	(45.0, 54.66666666666678)	(46.0, 103.33333333333294)	(47.0, 178.33333333333402)	(48.0, 162.6666666666669)	(49.0, 128.3333333333326)	(50.0, 206.66666666666816)	(51.0, 298.3333333333338)	(52.0, 357.6666666666638)	(53.0, 441.3333333333257)	(54.0, 695.3333333333425)	(55.0, 859.3333333333611)	(56.0, 364.6666666666634)	(57.0, 223.3333333333353)	(58.0, 152.3333333333333)	(59.0, 46.333333333333385)	(60.0, 19.666666666666664)	(61.0, 6.999999999999997)	(62.0, 1.9999999999999998)	(63.0, 0.3333333333333333)	(64.0, 2.333333333333333)	(65.0, 4.0)	(66.0, 3.3333333333333335)	(67.0, 2.6666666666666665)	(68.0, 4.666666666666666)	(69.0, 6.999999999999997)	(70.0, 8.666666666666664)	(71.0, 14.333333333333341)	(72.0, 28.666666666666632)	(73.0, 59.66666666666681)	(74.0, 80.6666666666666)	(75.0, 46.66666666666672)	(76.0, 15.000000000000009)	(77.0, 9.666666666666666)	(78.0, 16.666666666666675)	(79.0, 25.666666666666643)	(80.0, 50.333333333333414)	(81.0, 95.33333333333306)	(82.0, 193.33333333333445)	(83.0, 422.9999999999934)	(84.0, 1031.6666666667113)	(85.0, 1238.6666666666642)	(86.0, 280.33333333333485)	(87.0, 1.3333333333333333)	(88.0, 0.0)	(89.0, 0.0)	(90.0, 0.0)	(91.0, 0.0)	(92.0, 0.0)	(93.0, 0.0)	(94.0, 0.3333333333333333)	(95.0, 0.3333333333333333)	(96.0, 0.3333333333333333)	(97.0, 0.0)	(98.0, 0.0)	(99.0, 0.0)	(100.0, 0.0)
052022-BEL-CBC-T1-55-PSTR_S67_R1_16S	(0.0, 0.0)	(1.0, 0.0)	(2.0, 0.0)	(3.0, 0.0)	(4.0, 0.0)	(5.0, 0.0)	(6.0, 0.0)	(7.0, 0.0)	(8.0, 0.0)	(9.0, 0.0)	(10.0, 0.0)	(11.0, 0.0)	(12.0, 0.0)	(13.0, 0.0)	(14.0, 0.0)	(15.0, 0.0)	(16.0, 0.0)	(17.0, 0.0)	(18.0, 0.0)	(19.0, 0.0)	(20.0, 0.0)	(21.0, 0.0)	(22.0, 0.0)	(23.0, 0.0)	(24.0, 0.0)	(25.0, 0.3333333333333333)	(26.0, 1.0)	(27.0, 1.9999999999999998)	(28.0, 57.333333333333464)	(29.0, 5667.666666665982)	(30.0, 40053.333333338654)	(31.0, 37023.99999998328)	(32.0, 6364.999999998681)	(33.0, 576.3333333333289)	(34.0, 234.33333333333562)	(35.0, 120.3333333333327)	(36.0, 67.66666666666679)	(37.0, 45.00000000000004)	(38.0, 61.33333333333349)	(39.0, 89.66666666666647)	(40.0, 102.99999999999962)	(41.0, 150.99999999999991)	(42.0, 449.66666666665856)	(43.0, 1528.9999999999316)	(44.0, 1176.333333333345)	(45.0, 212.66666666666833)	(46.0, 86.66666666666652)	(47.0, 117.66666666666607)	(48.0, 134.99999999999946)	(49.0, 195.00000000000117)	(50.0, 494.9999999999893)	(51.0, 995.3333333333766)	(52.0, 1628.6666666665756)	(53.0, 1846.9999999998593)	(54.0, 1387.9999999999636)	(55.0, 613.3333333333331)	(56.0, 229.33333333333547)	(57.0, 141.99999999999966)	(58.0, 83.33333333333323)	(59.0, 43.00000000000003)	(60.0, 36.333333333333314)	(61.0, 18.000000000000004)	(62.0, 10.333333333333334)	(63.0, 4.666666666666666)	(64.0, 3.0)	(65.0, 3.666666666666667)	(66.0, 1.3333333333333333)	(67.0, 1.3333333333333333)	(68.0, 3.0)	(69.0, 2.6666666666666665)	(70.0, 0.6666666666666666)	(71.0, 5.999999999999998)	(72.0, 9.333333333333332)	(73.0, 14.333333333333341)	(74.0, 26.333333333333307)	(75.0, 41.666666666666686)	(76.0, 62.00000000000016)	(77.0, 71.66666666666673)	(78.0, 114.99999999999945)	(79.0, 213.33333333333502)	(80.0, 491.9999999999895)	(81.0, 1019.6666666667127)	(82.0, 1700.333333333226)	(83.0, 1625.333333333243)	(84.0, 733.3333333333468)	(85.0, 136.66666666666617)	(86.0, 10.0)	(87.0, 1.3333333333333333)	(88.0, 0.3333333333333333)	(89.0, 0.0)	(90.0, 0.3333333333333333)	(91.0, 0.3333333333333333)	(92.0, 0.3333333333333333)	(93.0, 0.3333333333333333)	(94.0, 0.6666666666666666)	(95.0, 1.3333333333333333)	(96.0, 1.3333333333333333)	(97.0, 1.3333333333333333)	(98.0, 1.0)	(99.0, 0.6666666666666666)	(100.0, 0.5)
052022-BEL-CBC-T1-62-MCAV_S92_R1_16S	(0.0, 0.0)	(1.0, 0.0)	(2.0, 0.0)	(3.0, 0.0)	(4.0, 0.0)	(5.0, 0.0)	(6.0, 0.0)	(7.0, 0.0)	(8.0, 0.0)	(9.0, 0.0)	(10.0, 0.0)	(11.0, 0.0)	(12.0, 0.0)	(13.0, 0.0)	(14.0, 0.0)	(15.0, 0.0)	(16.0, 0.0)	(17.0, 0.0)	(18.0, 0.0)	(19.0, 0.0)	(20.0, 0.0)	(21.0, 0.0)	(22.0, 0.0)	(23.0, 0.0)	(24.0, 0.3333333333333333)	(25.0, 0.3333333333333333)	(26.0, 1.3333333333333333)	(27.0, 21.666666666666657)	(28.0, 9540.999999999472)	(29.0, 75446.33333337985)	(30.0, 71078.00000011009)	(31.0, 11705.666666670077)	(32.0, 865.0000000000284)	(33.0, 370.66666666666305)	(34.0, 180.00000000000074)	(35.0, 114.33333333333279)	(36.0, 66.6666666666668)	(37.0, 53.66666666666677)	(38.0, 65.00000000000016)	(39.0, 72.33333333333339)	(40.0, 38.33333333333333)	(41.0, 71.00000000000007)	(42.0, 416.99999999999375)	(43.0, 1388.6666666666301)	(44.0, 1087.3333333333653)	(45.0, 247.00000000000264)	(46.0, 146.33333333333312)	(47.0, 158.0000000000001)	(48.0, 107.33333333333289)	(49.0, 110.33333333333285)	(50.0, 257.00000000000284)	(51.0, 559.333333333327)	(52.0, 814.0000000000226)	(53.0, 827.0000000000241)	(54.0, 795.6666666666872)	(55.0, 689.3333333333418)	(56.0, 363.99999999999676)	(57.0, 239.33333333333576)	(58.0, 144.99999999999974)	(59.0, 43.333333333333364)	(60.0, 39.0)	(61.0, 35.99999999999998)	(62.0, 10.333333333333334)	(63.0, 1.3333333333333333)	(64.0, 0.3333333333333333)	(65.0, 0.0)	(66.0, 0.0)	(67.0, 0.0)	(68.0, 0.0)	(69.0, 0.3333333333333333)	(70.0, 0.3333333333333333)	(71.0, 1.9999999999999998)	(72.0, 1.6666666666666665)	(73.0, 2.6666666666666665)	(74.0, 8.33333333333333)	(75.0, 23.333333333333318)	(76.0, 29.333333333333297)	(77.0, 30.666666666666625)	(78.0, 33.999999999999964)	(79.0, 27.333333333333304)	(80.0, 29.333333333333297)	(81.0, 63.00000000000017)	(82.0, 254.66666666666953)	(83.0, 598.6666666666648)	(84.0, 483.6666666666566)	(85.0, 134.99999999999946)	(86.0, 10.333333333333334)	(87.0, 0.6666666666666666)	(88.0, 1.3333333333333333)	(89.0, 3.0)	(90.0, 3.3333333333333335)	(91.0, 0.0)	(92.0, 0.0)	(93.0, 0.3333333333333333)	(94.0, 1.0)	(95.0, 1.9999999999999998)	(96.0, 1.3333333333333333)	(97.0, 1.9999999999999998)	(98.0, 0.3333333333333333)	(99.0, 1.0)	(100.0, 0.0)
052022-BEL-CBC-T1-63-OFAV_S60_R1_16S	(0.0, 0.0)	(1.0, 0.0)	(2.0, 0.0)	(3.0, 0.0)	(4.0, 0.0)	(5.0, 0.0)	(6.0, 0.0)	(7.0, 0.0)	(8.0, 0.0)	(9.0, 0.0)	(10.0, 0.0)	(11.0, 0.0)	(12.0, 0.0)	(13.0, 0.0)	(14.0, 0.0)	(15.0, 0.0)	(16.0, 0.0)	(17.0, 0.0)	(18.0, 0.0)	(19.0, 0.0)	(20.0, 0.0)	(21.0, 0.0)	(22.0, 0.0)	(23.0, 2.333333333333333)	(24.0, 5.999999999999998)	(25.0, 13.666666666666673)	(26.0, 25.999999999999975)	(27.0, 48.000000000000064)	(28.0, 305.66666666666674)	(29.0, 66753.33333350635)	(30.0, 338922.33333191596)	(31.0, 190626.33333430364)	(32.0, 14452.666666675073)	(33.0, 2375.9999999999627)	(34.0, 1214.6666666666697)	(35.0, 719.3333333333452)	(36.0, 465.33333333332433)	(37.0, 306.00000000000006)	(38.0, 426.66666666665986)	(39.0, 954.0000000000385)	(40.0, 556.9999999999934)	(41.0, 228.33333333333545)	(42.0, 360.3333333333303)	(43.0, 1140.6666666666865)	(44.0, 1624.9999999999097)	(45.0, 1070.6666666667024)	(46.0, 1519.9999999999336)	(47.0, 2932.6666666668825)	(48.0, 4267.666666667255)	(49.0, 6686.999999998388)	(50.0, 7539.3333333309465)	(51.0, 5416.999999999543)	(52.0, 3559.0000000005007)	(53.0, 3733.00000000058)	(54.0, 3106.6666666669616)	(55.0, 1419.666666666623)	(56.0, 793.0000000000202)	(57.0, 496.9999999999892)	(58.0, 286.6666666666678)	(59.0, 151.6666666666666)	(60.0, 79.66666666666661)	(61.0, 23.333333333333318)	(62.0, 7.33333333333333)	(63.0, 5.333333333333332)	(64.0, 3.0)	(65.0, 3.0)	(66.0, 1.6666666666666665)	(67.0, 2.6666666666666665)	(68.0, 8.33333333333333)	(69.0, 6.999999999999997)	(70.0, 10.333333333333334)	(71.0, 17.33333333333334)	(72.0, 25.666666666666643)	(73.0, 38.33333333333333)	(74.0, 57.6666666666668)	(75.0, 92.3333333333331)	(76.0, 109.99999999999952)	(77.0, 96.9999999999997)	(78.0, 98.33333333333302)	(79.0, 144.6666666666664)	(80.0, 281.3333333333348)	(81.0, 501.3333333333223)	(82.0, 767.0000000000173)	(83.0, 832.0000000000247)	(84.0, 471.6666666666573)	(85.0, 102.66666666666629)	(86.0, 5.666666666666665)	(87.0, 0.0)	(88.0, 0.0)	(89.0, 0.3333333333333333)	(90.0, 0.0)	(91.0, 0.0)	(92.0, 0.3333333333333333)	(93.0, 0.6666666666666666)	(94.0, 2.6666666666666665)	(95.0, 5.333333333333332)	(96.0, 4.333333333333333)	(97.0, 1.6666666666666665)	(98.0, 1.9999999999999998)	(99.0, 1.9999999999999998)	(100.0, 0.0)
052022-BEL-CBC-T2-10-MCAV_S3_R1_16S	(0.0, 0.0)	(1.0, 0.0)	(2.0, 0.0)	(3.0, 0.0)	(4.0, 0.0)	(5.0, 0.0)	(6.0, 0.0)	(7.0, 0.0)	(8.0, 0.0)	(9.0, 0.0)	(10.0, 0.0)	(11.0, 0.0)	(12.0, 0.0)	(13.0, 0.0)	(14.0, 0.0)	(15.0, 0.0)	(16.0, 0.0)	(17.0, 0.0)	(18.0, 0.0)	(19.0, 0.0)	(20.0, 0.0)	(21.0, 0.0)	(22.0, 0.0)	(23.0, 1.0)	(24.0, 0.6666666666666666)	(25.0, 0.3333333333333333)	(26.0, 8.33333333333333)	(27.0, 120.3333333333327)	(28.0, 667.6666666666727)	(29.0, 5091.333333333173)	(30.0, 16049.333333344644)	(31.0, 6002.9999999990105)	(32.0, 340.66666666666475)	(33.0, 108.99999999999953)	(34.0, 57.00000000000013)	(35.0, 36.999999999999986)	(36.0, 20.33333333333333)	(37.0, 26.333333333333307)	(38.0, 41.666666666666686)	(39.0, 153.33333333333331)	(40.0, 160.66666666666686)	(41.0, 979.0000000000414)	(42.0, 4070.3333333340665)	(43.0, 6086.999999998934)	(44.0, 2426.333333333319)	(45.0, 1982.9999999998283)	(46.0, 12047.333333337365)	(47.0, 7698.666666664135)	(48.0, 1313.6666666666472)	(49.0, 1245.3333333333294)	(50.0, 4986.9999999999345)	(51.0, 5631.333333332682)	(52.0, 8625.666666664474)	(53.0, 15336.333333343347)	(54.0, 26446.99999997531)	(55.0, 29868.333333296196)	(56.0, 27653.999999970918)	(57.0, 26283.999999975902)	(58.0, 12610.333333338389)	(59.0, 7386.333333331086)	(60.0, 6971.666666664796)	(61.0, 2831.333333333503)	(62.0, 1757.9999999998795)	(63.0, 712.6666666666778)	(64.0, 69.66666666666676)	(65.0, 19.0)	(66.0, 11.66666666666667)	(67.0, 7.666666666666663)	(68.0, 9.666666666666666)	(69.0, 8.666666666666664)	(70.0, 11.66666666666667)	(71.0, 15.333333333333343)	(72.0, 29.333333333333297)	(73.0, 52.00000000000009)	(74.0, 81.33333333333326)	(75.0, 53.333333333333435)	(76.0, 30.666666666666625)	(77.0, 32.99999999999996)	(78.0, 48.000000000000064)	(79.0, 63.00000000000017)	(80.0, 104.66666666666626)	(81.0, 179.33333333333405)	(82.0, 336.666666666665)	(83.0, 705.666666666677)	(84.0, 2869.000000000187)	(85.0, 6440.666666665279)	(86.0, 1817.3333333331993)	(87.0, 5.333333333333332)	(88.0, 1.0)	(89.0, 0.6666666666666666)	(90.0, 0.0)	(91.0, 0.0)	(92.0, 0.0)	(93.0, 0.0)	(94.0, 0.6666666666666666)	(95.0, 1.0)	(96.0, 1.0)	(97.0, 1.0)	(98.0, 0.3333333333333333)	(99.0, 0.0)	(100.0, 0.5)
052022-BEL-CBC-T2-11-PAST_S86_R1_16S	(0.0, 0.0)	(1.0, 0.0)	(2.0, 0.0)	(3.0, 0.0)	(4.0, 0.0)	(5.0, 0.0)	(6.0, 0.0)	(7.0, 0.0)	(8.0, 0.0)	(9.0, 0.0)	(10.0, 0.0)	(11.0, 0.0)	(12.0, 0.0)	(13.0, 0.0)	(14.0, 0.0)	(15.0, 0.0)	(16.0, 0.0)	(17.0, 0.0)	(18.0, 0.0)	(19.0, 0.0)	(20.0, 0.0)	(21.0, 0.0)	(22.0, 0.0)	(23.0, 0.0)	(24.0, 0.0)	(25.0, 0.0)	(26.0, 0.6666666666666666)	(27.0, 1.3333333333333333)	(28.0, 12.000000000000004)	(29.0, 477.66666666665697)	(30.0, 1769.3333333332102)	(31.0, 1427.333333333288)	(32.0, 277.333333333335)	(33.0, 70.66666666666674)	(34.0, 42.33333333333336)	(35.0, 29.99999999999996)	(36.0, 31.66666666666662)	(37.0, 46.333333333333385)	(38.0, 248.66666666666936)	(39.0, 2010.3333333331555)	(40.0, 112098.66666617982)	(41.0, 260019.0000029899)	(42.0, 104616.99999962203)	(43.0, 16450.33333334501)	(44.0, 9110.333333332022)	(45.0, 2879.6666666668584)	(46.0, 1853.3333333331911)	(47.0, 1828.3333333331968)	(48.0, 1593.6666666665835)	(49.0, 1726.33333333322)	(50.0, 1586.9999999999184)	(51.0, 1554.9999999999256)	(52.0, 6492.666666665232)	(53.0, 34847.99999996745)	(54.0, 43386.66666669624)	(55.0, 14109.66666667445)	(56.0, 2522.666666666696)	(57.0, 1071.0000000000357)	(58.0, 869.6666666666956)	(59.0, 778.0000000000185)	(60.0, 439.3333333333258)	(61.0, 131.66666666666603)	(62.0, 23.66666666666665)	(63.0, 6.333333333333331)	(64.0, 1.9999999999999998)	(65.0, 1.6666666666666665)	(66.0, 4.333333333333333)	(67.0, 4.999999999999999)	(68.0, 5.666666666666665)	(69.0, 11.000000000000002)	(70.0, 18.666666666666668)	(71.0, 16.00000000000001)	(72.0, 7.9999999999999964)	(73.0, 4.666666666666666)	(74.0, 10.333333333333334)	(75.0, 19.333333333333332)	(76.0, 25.999999999999975)	(77.0, 32.66666666666662)	(78.0, 37.99999999999999)	(79.0, 41.666666666666686)	(80.0, 52.00000000000009)	(81.0, 100.99999999999964)	(82.0, 270.0000000000021)	(83.0, 470.66666666665736)	(84.0, 335.99999999999835)	(85.0, 80.99999999999993)	(86.0, 4.666666666666666)	(87.0, 0.6666666666666666)	(88.0, 0.6666666666666666)	(89.0, 1.6666666666666665)	(90.0, 1.0)	(91.0, 0.3333333333333333)	(92.0, 0.3333333333333333)	(93.0, 1.0)	(94.0, 4.999999999999999)	(95.0, 7.9999999999999964)	(96.0, 3.3333333333333335)	(97.0, 4.0)	(98.0, 2.6666666666666665)	(99.0, 2.6666666666666665)	(100.0, 0.0)
052022-BEL-CBC-T2-59-OFAV_S61_R1_16S	(0.0, 0.0)	(1.0, 0.0)	(2.0, 0.0)	(3.0, 0.0)	(4.0, 0.0)	(5.0, 0.0)	(6.0, 0.0)	(7.0, 0.0)	(8.0, 0.0)	(9.0, 0.0)	(10.0, 0.0)	(11.0, 0.0)	(12.0, 0.0)	(13.0, 0.0)	(14.0, 0.0)	(15.0, 0.0)	(16.0, 0.0)	(17.0, 0.0)	(18.0, 0.0)	(19.0, 0.0)	(20.0, 0.0)	(21.0, 0.0)	(22.0, 0.6666666666666666)	(23.0, 1.0)	(24.0, 7.33333333333333)	(25.0, 35.66666666666664)	(26.0, 151.6666666666666)	(27.0, 132.66666666666606)	(28.0, 231.66666666666887)	(29.0, 31388.666666623998)	(30.0, 157524.66666667358)	(31.0, 88559.33333318903)	(32.0, 6681.999999998393)	(33.0, 1115.333333333359)	(34.0, 594.333333333331)	(35.0, 435.99999999999267)	(36.0, 341.999999999998)	(37.0, 227.00000000000207)	(38.0, 397.9999999999948)	(39.0, 926.3333333333687)	(40.0, 589.6666666666638)	(41.0, 1960.3333333331668)	(42.0, 9009.333333331839)	(43.0, 19527.333333333816)	(44.0, 23781.33333331834)	(45.0, 18954.00000000257)	(46.0, 13531.00000000673)	(47.0, 13149.000000006035)	(48.0, 10939.000000002015)	(49.0, 9870.000000000071)	(50.0, 10822.000000001803)	(51.0, 13684.666666673676)	(52.0, 23608.6666666523)	(53.0, 34181.666666629266)	(54.0, 27195.666666639252)	(55.0, 19435.666666667483)	(56.0, 12768.000000005342)	(57.0, 8393.666666664052)	(58.0, 5408.999999999551)	(59.0, 2611.0000000000696)	(60.0, 753.6666666666824)	(61.0, 175.33333333333394)	(62.0, 47.66666666666673)	(63.0, 13.666666666666673)	(64.0, 5.666666666666665)	(65.0, 3.3333333333333335)	(66.0, 1.3333333333333333)	(67.0, 1.6666666666666665)	(68.0, 1.9999999999999998)	(69.0, 4.333333333333333)	(70.0, 4.666666666666666)	(71.0, 8.666666666666664)	(72.0, 12.666666666666671)	(73.0, 29.333333333333297)	(74.0, 48.666666666666735)	(75.0, 70.00000000000009)	(76.0, 68.33333333333344)	(77.0, 65.00000000000016)	(78.0, 45.33333333333338)	(79.0, 53.66666666666677)	(80.0, 95.33333333333306)	(81.0, 140.33333333333294)	(82.0, 196.33333333333454)	(83.0, 224.66666666666868)	(84.0, 133.6666666666661)	(85.0, 28.3333333333333)	(86.0, 2.6666666666666665)	(87.0, 0.3333333333333333)	(88.0, 0.0)	(89.0, 0.0)	(90.0, 0.3333333333333333)	(91.0, 0.3333333333333333)	(92.0, 1.0)	(93.0, 2.333333333333333)	(94.0, 3.3333333333333335)	(95.0, 4.333333333333333)	(96.0, 3.666666666666667)	(97.0, 1.6666666666666665)	(98.0, 1.9999999999999998)	(99.0, 1.6666666666666665)	(100.0, 0.5)
052022-BEL-CBC-T3-16-SSID_S12_R1_16S	(0.0, 0.0)	(1.0, 0.0)	(2.0, 0.0)	(3.0, 0.0)	(4.0, 0.0)	(5.0, 0.0)	(6.0, 0.0)	(7.0, 0.0)	(8.0, 0.0)	(9.0, 0.0)	(10.0, 0.0)	(11.0, 0.0)	(12.0, 0.0)	(13.0, 0.0)	(14.0, 0.0)	(15.0, 0.0)	(16.0, 0.0)	(17.0, 0.0)	(18.0, 0.0)	(19.0, 0.0)	(20.0, 0.0)	(21.0, 0.0)	(22.0, 0.0)	(23.0, 0.0)	(24.0, 0.0)	(25.0, 0.0)	(26.0, 0.0)	(27.0, 0.6666666666666666)	(28.0, 9.333333333333332)	(29.0, 167.66666666666706)	(30.0, 739.3333333333475)	(31.0, 890.666666666698)	(32.0, 262.6666666666692)	(33.0, 56.66666666666679)	(34.0, 47.33333333333339)	(35.0, 195.3333333333345)	(36.0, 322.6666666666658)	(37.0, 110.33333333333285)	(38.0, 2807.0000000001587)	(39.0, 58910.33333347586)	(40.0, 30698.99999995984)	(41.0, 1738.3333333332173)	(42.0, 8996.999999998483)	(43.0, 48904.66666673639)	(44.0, 23836.999999984804)	(45.0, 3063.3333333336086)	(46.0, 6287.999999998751)	(47.0, 12361.333333337936)	(48.0, 6342.666666665368)	(49.0, 6145.99999999888)	(50.0, 7924.333333330596)	(51.0, 13578.000000006816)	(52.0, 28893.999999966407)	(53.0, 29665.9999999636)	(54.0, 29579.66666663058)	(55.0, 22658.666666655758)	(56.0, 13144.000000006026)	(57.0, 8555.99999999768)	(58.0, 5267.666666666346)	(59.0, 3170.3333333336573)	(60.0, 1530.6666666665978)	(61.0, 497.3333333333225)	(62.0, 70.66666666666674)	(63.0, 16.666666666666675)	(64.0, 6.999999999999997)	(65.0, 8.999999999999998)	(66.0, 11.333333333333336)	(67.0, 11.333333333333336)	(68.0, 11.66666666666667)	(69.0, 13.666666666666673)	(70.0, 16.666666666666675)	(71.0, 23.333333333333318)	(72.0, 50.00000000000008)	(73.0, 123.66666666666599)	(74.0, 225.00000000000202)	(75.0, 147.6666666666665)	(76.0, 52.00000000000009)	(77.0, 30.999999999999957)	(78.0, 77.99999999999997)	(79.0, 116.66666666666609)	(80.0, 109.99999999999952)	(81.0, 161.33333333333354)	(82.0, 270.3333333333354)	(83.0, 528.3333333333235)	(84.0, 2627.000000000077)	(85.0, 11680.333333336697)	(86.0, 4242.666666667278)	(87.0, 7.9999999999999964)	(88.0, 1.0)	(89.0, 0.0)	(90.0, 0.0)	(91.0, 0.0)	(92.0, 0.3333333333333333)	(93.0, 0.6666666666666666)	(94.0, 1.3333333333333333)	(95.0, 2.333333333333333)	(96.0, 1.6666666666666665)	(97.0, 0.3333333333333333)	(98.0, 0.3333333333333333)	(99.0, 0.3333333333333333)	(100.0, 0.0)
052022-BEL-CBC-T3-25-PAST_S69_R1_16S	(0.0, 0.0)	(1.0, 0.0)	(2.0, 0.0)	(3.0, 0.0)	(4.0, 0.0)	(5.0, 0.0)	(6.0, 0.0)	(7.0, 0.0)	(8.0, 0.0)	(9.0, 0.0)	(10.0, 0.0)	(11.0, 0.0)	(12.0, 0.0)	(13.0, 0.0)	(14.0, 0.0)	(15.0, 0.0)	(16.0, 0.0)	(17.0, 0.0)	(18.0, 0.0)	(19.0, 0.0)	(20.0, 0.0)	(21.0, 0.0)	(22.0, 0.0)	(23.0, 0.3333333333333333)	(24.0, 0.0)	(25.0, 0.0)	(26.0, 0.6666666666666666)	(27.0, 1.0)	(28.0, 65.66666666666681)	(29.0, 757.6666666666829)	(30.0, 1270.9999999999902)	(31.0, 633.000000000002)	(32.0, 147.99999999999983)	(33.0, 46.00000000000005)	(34.0, 18.666666666666668)	(35.0, 12.000000000000004)	(36.0, 12.333333333333337)	(37.0, 40.00000000000001)	(38.0, 106.99999999999956)	(39.0, 535.999999999991)	(40.0, 25228.333333313076)	(41.0, 56767.00000012693)	(42.0, 22935.999999988082)	(43.0, 6546.999999998516)	(44.0, 4095.6666666674114)	(45.0, 947.3333333333711)	(46.0, 638.333333333336)	(47.0, 758.3333333333496)	(48.0, 2848.333333333511)	(49.0, 5814.9999999991815)	(50.0, 3585.6666666671795)	(51.0, 11039.666666668865)	(52.0, 24935.999999980806)	(53.0, 32979.333333287184)	(54.0, 34059.999999961714)	(55.0, 37548.9999999871)	(56.0, 45040.000000041604)	(57.0, 33460.999999957356)	(58.0, 22578.333333322716)	(59.0, 17109.333333342613)	(60.0, 7850.99999999733)	(61.0, 4279.000000000578)	(62.0, 5489.999999999477)	(63.0, 3438.6666666671126)	(64.0, 663.6666666666722)	(65.0, 211.33333333333496)	(66.0, 190.6666666666677)	(67.0, 76.0)	(68.0, 25.999999999999975)	(69.0, 20.66666666666666)	(70.0, 17.66666666666667)	(71.0, 20.66666666666666)	(72.0, 23.333333333333318)	(73.0, 26.66666666666664)	(74.0, 35.66666666666664)	(75.0, 57.6666666666668)	(76.0, 81.99999999999991)	(77.0, 84.99999999999987)	(78.0, 109.33333333333286)	(79.0, 175.33333333333394)	(80.0, 322.33333333333246)	(81.0, 825.6666666666906)	(82.0, 1971.3333333331643)	(83.0, 2969.0000000002324)	(84.0, 1931.3333333331734)	(85.0, 437.3333333333259)	(86.0, 24.666666666666647)	(87.0, 5.333333333333332)	(88.0, 3.3333333333333335)	(89.0, 3.666666666666667)	(90.0, 3.666666666666667)	(91.0, 0.3333333333333333)	(92.0, 0.3333333333333333)	(93.0, 1.0)	(94.0, 1.9999999999999998)	(95.0, 3.0)	(96.0, 1.9999999999999998)	(97.0, 2.333333333333333)	(98.0, 2.333333333333333)	(99.0, 1.6666666666666665)	(100.0, 0.0)
052022-BEL-CBC-T3-6-SSID_S77_R1_16S	(0.0, 0.0)	(1.0, 0.0)	(2.0, 0.0)	(3.0, 0.0)	(4.0, 0.0)	(5.0, 0.0)	(6.0, 0.0)	(7.0, 0.0)	(8.0, 0.0)	(9.0, 0.0)	(10.0, 0.0)	(11.0, 0.0)	(12.0, 0.0)	(13.0, 0.0)	(14.0, 0.0)	(15.0, 0.0)	(16.0, 0.0)	(17.0, 0.0)	(18.0, 0.0)	(19.0, 0.0)	(20.0, 0.0)	(21.0, 0.0)	(22.0, 0.0)	(23.0, 0.3333333333333333)	(24.0, 0.3333333333333333)	(25.0, 0.6666666666666666)	(26.0, 0.3333333333333333)	(27.0, 1.6666666666666665)	(28.0, 35.33333333333331)	(29.0, 447.66666666665867)	(30.0, 923.6666666667018)	(31.0, 545.6666666666588)	(32.0, 109.66666666666619)	(33.0, 34.99999999999997)	(34.0, 23.999999999999982)	(35.0, 25.666666666666643)	(36.0, 32.66666666666662)	(37.0, 329.9999999999987)	(38.0, 14951.666666675981)	(39.0, 34239.99999996302)	(40.0, 13481.666666673307)	(41.0, 1389.9999999999632)	(42.0, 1124.0000000000236)	(43.0, 1691.6666666665612)	(44.0, 2172.3333333332034)	(45.0, 4965.999999999954)	(46.0, 14906.6666666759)	(47.0, 14964.000000009337)	(48.0, 7498.666666664317)	(49.0, 6685.999999998389)	(50.0, 10263.666666667454)	(51.0, 18717.666666670095)	(52.0, 27074.999999973024)	(53.0, 31698.66666662287)	(54.0, 31809.9999999558)	(55.0, 26851.33333330717)	(56.0, 17647.000000007323)	(57.0, 11590.333333336534)	(58.0, 7495.999999997653)	(59.0, 4121.000000000722)	(60.0, 1878.3333333331855)	(61.0, 709.3333333333441)	(62.0, 225.6666666666687)	(63.0, 60.66666666666682)	(64.0, 14.666666666666675)	(65.0, 5.666666666666665)	(66.0, 4.0)	(67.0, 3.666666666666667)	(68.0, 5.333333333333332)	(69.0, 7.9999999999999964)	(70.0, 12.000000000000004)	(71.0, 6.333333333333331)	(72.0, 6.999999999999997)	(73.0, 8.999999999999998)	(74.0, 8.666666666666664)	(75.0, 12.666666666666671)	(76.0, 14.333333333333341)	(77.0, 18.000000000000004)	(78.0, 14.000000000000007)	(79.0, 14.000000000000007)	(80.0, 11.000000000000002)	(81.0, 8.999999999999998)	(82.0, 18.666666666666668)	(83.0, 31.66666666666662)	(84.0, 17.33333333333334)	(85.0, 5.999999999999998)	(86.0, 1.3333333333333333)	(87.0, 0.0)	(88.0, 0.6666666666666666)	(89.0, 1.0)	(90.0, 0.3333333333333333)	(91.0, 0.0)	(92.0, 0.0)	(93.0, 0.6666666666666666)	(94.0, 1.6666666666666665)	(95.0, 3.0)	(96.0, 1.3333333333333333)	(97.0, 0.6666666666666666)	(98.0, 0.6666666666666666)	(99.0, 0.6666666666666666)	(100.0, 0.0)
052022-BEL-CBC-T3-65-OFAV_S5_R1_16S	(0.0, 0.0)	(1.0, 0.0)	(2.0, 0.0)	(3.0, 0.0)	(4.0, 0.0)	(5.0, 0.0)	(6.0, 0.0)	(7.0, 0.0)	(8.0, 0.0)	(9.0, 0.0)	(10.0, 0.0)	(11.0, 0.0)	(12.0, 0.0)	(13.0, 0.0)	(14.0, 0.0)	(15.0, 0.0)	(16.0, 0.0)	(17.0, 0.0)	(18.0, 0.0)	(19.0, 0.0)	(20.0, 0.0)	(21.0, 0.0)	(22.0, 0.0)	(23.0, 2.333333333333333)	(24.0, 7.33333333333333)	(25.0, 13.33333333333334)	(26.0, 13.666666666666673)	(27.0, 21.99999999999999)	(28.0, 77.66666666666664)	(29.0, 738.000000000014)	(30.0, 76346.00000003343)	(31.0, 146441.33333301768)	(32.0, 15407.66666667681)	(33.0, 1426.3333333332882)	(34.0, 530.3333333333237)	(35.0, 267.6666666666689)	(36.0, 171.00000000000048)	(37.0, 104.33333333333293)	(38.0, 106.3333333333329)	(39.0, 289.33333333333434)	(40.0, 479.66666666665685)	(41.0, 1143.6666666666858)	(42.0, 2396.9999999999723)	(43.0, 4337.666666667192)	(44.0, 1034.000000000044)	(45.0, 533.9999999999908)	(46.0, 784.0000000000192)	(47.0, 1676.999999999898)	(48.0, 1782.9999999998738)	(49.0, 2407.9999999999773)	(50.0, 3047.666666666935)	(51.0, 6298.333333332075)	(52.0, 7615.66666666421)	(53.0, 11242.3333333359)	(54.0, 19209.333333334973)	(55.0, 6813.999999998273)	(56.0, 1448.9999999999498)	(57.0, 613.3333333333331)	(58.0, 506.333333333322)	(59.0, 263.66666666666913)	(60.0, 125.33333333333263)	(61.0, 46.333333333333385)	(62.0, 13.666666666666673)	(63.0, 7.9999999999999964)	(64.0, 10.333333333333334)	(65.0, 20.66666666666666)	(66.0, 27.999999999999968)	(67.0, 46.333333333333385)	(68.0, 45.00000000000004)	(69.0, 41.666666666666686)	(70.0, 47.33333333333339)	(71.0, 66.6666666666668)	(72.0, 138.99999999999957)	(73.0, 343.9999999999979)	(74.0, 521.9999999999894)	(75.0, 373.6666666666629)	(76.0, 124.33333333333265)	(77.0, 27.666666666666636)	(78.0, 22.33333333333332)	(79.0, 53.0000000000001)	(80.0, 94.33333333333307)	(81.0, 137.6666666666662)	(82.0, 225.00000000000202)	(83.0, 430.99999999999295)	(84.0, 1852.3333333331914)	(85.0, 5418.999999999542)	(86.0, 1875.6666666665194)	(87.0, 5.333333333333332)	(88.0, 0.6666666666666666)	(89.0, 0.3333333333333333)	(90.0, 0.0)	(91.0, 0.0)	(92.0, 0.0)	(93.0, 0.3333333333333333)	(94.0, 1.0)	(95.0, 1.0)	(96.0, 0.6666666666666666)	(97.0, 1.3333333333333333)	(98.0, 0.6666666666666666)	(99.0, 1.0)	(100.0, 0.0)
062019-BEL-CBC-T1-12-PAST_S36_R1_16S	(0.0, 0.0)	(1.0, 0.0)	(2.0, 0.0)	(3.0, 0.0)	(4.0, 0.0)	(5.0, 0.0)	(6.0, 0.0)	(7.0, 0.0)	(8.0, 0.0)	(9.0, 0.0)	(10.0, 0.0)	(11.0, 0.0)	(12.0, 0.0)	(13.0, 0.0)	(14.0, 0.0)	(15.0, 0.0)	(16.0, 0.0)	(17.0, 0.0)	(18.0, 0.0)	(19.0, 0.0)	(20.0, 0.0)	(21.0, 0.0)	(22.0, 0.0)	(23.0, 0.0)	(24.0, 0.0)	(25.0, 0.0)	(26.0, 0.0)	(27.0, 0.6666666666666666)	(28.0, 36.66666666666665)	(29.0, 836.6666666666919)	(30.0, 1928.6666666665074)	(31.0, 953.3333333333718)	(32.0, 146.33333333333312)	(33.0, 51.66666666666676)	(34.0, 29.333333333333297)	(35.0, 23.333333333333318)	(36.0, 12.333333333333337)	(37.0, 7.9999999999999964)	(38.0, 41.000000000000014)	(39.0, 231.33333333333553)	(40.0, 21718.333333325845)	(41.0, 93789.33333311293)	(42.0, 51445.66666675488)	(43.0, 20318.33333333094)	(44.0, 38847.99999999655)	(45.0, 15585.666666677134)	(46.0, 1804.3333333332023)	(47.0, 1757.6666666665462)	(48.0, 1864.3333333331886)	(49.0, 1185.6666666666763)	(50.0, 1523.9999999999327)	(51.0, 2300.666666666595)	(52.0, 7785.666666664056)	(53.0, 28563.999999967607)	(54.0, 24412.333333316044)	(55.0, 7272.666666664522)	(56.0, 3832.000000000625)	(57.0, 3018.6666666669216)	(58.0, 1939.999999999838)	(59.0, 1740.66666666655)	(60.0, 1073.6666666667018)	(61.0, 198.00000000000125)	(62.0, 27.333333333333304)	(63.0, 7.666666666666663)	(64.0, 5.666666666666665)	(65.0, 6.333333333333331)	(66.0, 10.333333333333334)	(67.0, 13.666666666666673)	(68.0, 15.000000000000009)	(69.0, 15.333333333333343)	(70.0, 16.333333333333343)	(71.0, 29.333333333333297)	(72.0, 47.66666666666673)	(73.0, 77.99999999999997)	(74.0, 145.3333333333331)	(75.0, 216.00000000000176)	(76.0, 245.66666666666927)	(77.0, 226.66666666666873)	(78.0, 310.66666666666646)	(79.0, 667.3333333333393)	(80.0, 1341.3333333333076)	(81.0, 2220.6666666665587)	(82.0, 3085.000000000285)	(83.0, 3040.333333333598)	(84.0, 1608.9999999999134)	(85.0, 334.6666666666651)	(86.0, 18.000000000000004)	(87.0, 0.3333333333333333)	(88.0, 0.0)	(89.0, 0.0)	(90.0, 0.0)	(91.0, 0.0)	(92.0, 0.0)	(93.0, 0.3333333333333333)	(94.0, 3.3333333333333335)	(95.0, 1.9999999999999998)	(96.0, 2.6666666666666665)	(97.0, 3.0)	(98.0, 2.333333333333333)	(99.0, 1.0)	(100.0, 0.0)
062019-BEL-CBC-T2-16-MCAV_S33_R1_16S	(0.0, 0.0)	(1.0, 0.0)	(2.0, 0.0)	(3.0, 0.0)	(4.0, 0.0)	(5.0, 0.0)	(6.0, 0.0)	(7.0, 0.0)	(8.0, 0.0)	(9.0, 0.0)	(10.0, 0.0)	(11.0, 0.0)	(12.0, 0.0)	(13.0, 0.0)	(14.0, 0.0)	(15.0, 0.0)	(16.0, 0.0)	(17.0, 0.0)	(18.0, 0.0)	(19.0, 0.0)	(20.0, 0.0)	(21.0, 0.0)	(22.0, 0.0)	(23.0, 0.0)	(24.0, 0.0)	(25.0, 0.0)	(26.0, 0.6666666666666666)	(27.0, 8.33333333333333)	(28.0, 905.3333333333663)	(29.0, 40846.66666667776)	(30.0, 59989.00000015037)	(31.0, 12347.33333333791)	(32.0, 855.666666666694)	(33.0, 369.6666666666631)	(34.0, 189.66666666666768)	(35.0, 129.66666666666598)	(36.0, 86.33333333333319)	(37.0, 65.33333333333348)	(38.0, 70.00000000000009)	(39.0, 130.33333333333266)	(40.0, 134.66666666666612)	(41.0, 466.6666666666576)	(42.0, 542.3333333333251)	(43.0, 513.3333333333218)	(44.0, 510.9999999999884)	(45.0, 146.66666666666646)	(46.0, 102.33333333333296)	(47.0, 181.3333333333341)	(48.0, 315.33333333333286)	(49.0, 349.3333333333309)	(50.0, 365.99999999999665)	(51.0, 385.9999999999955)	(52.0, 465.33333333332433)	(53.0, 576.6666666666623)	(54.0, 641.6666666666697)	(55.0, 552.6666666666596)	(56.0, 501.9999999999889)	(57.0, 488.333333333323)	(58.0, 358.99999999999704)	(59.0, 222.00000000000193)	(60.0, 127.3333333333326)	(61.0, 54.33333333333344)	(62.0, 10.666666666666668)	(63.0, 3.0)	(64.0, 2.333333333333333)	(65.0, 1.3333333333333333)	(66.0, 2.333333333333333)	(67.0, 3.3333333333333335)	(68.0, 3.0)	(69.0, 3.3333333333333335)	(70.0, 8.33333333333333)	(71.0, 16.666666666666675)	(72.0, 33.33333333333329)	(73.0, 58.33333333333347)	(74.0, 104.33333333333293)	(75.0, 158.0000000000001)	(76.0, 177.333333333334)	(77.0, 172.6666666666672)	(78.0, 218.00000000000182)	(79.0, 443.9999999999922)	(80.0, 859.6666666666945)	(81.0, 1417.9999999999568)	(82.0, 1987.3333333331607)	(83.0, 1872.9999999998533)	(84.0, 961.6666666667061)	(85.0, 193.6666666666678)	(86.0, 10.333333333333334)	(87.0, 0.0)	(88.0, 0.0)	(89.0, 0.0)	(90.0, 0.0)	(91.0, 0.0)	(92.0, 0.0)	(93.0, 0.6666666666666666)	(94.0, 1.0)	(95.0, 0.6666666666666666)	(96.0, 0.6666666666666666)	(97.0, 0.3333333333333333)	(98.0, 0.3333333333333333)	(99.0, 0.6666666666666666)	(100.0, 0.0)
062019-BEL-CBC-T2-2-PAST_S76_R1_16S	(0.0, 0.0)	(1.0, 0.0)	(2.0, 0.0)	(3.0, 0.0)	(4.0, 0.0)	(5.0, 0.0)	(6.0, 0.0)	(7.0, 0.0)	(8.0, 0.0)	(9.0, 0.0)	(10.0, 0.0)	(11.0, 0.0)	(12.0, 0.0)	(13.0, 0.0)	(14.0, 0.0)	(15.0, 0.0)	(16.0, 0.0)	(17.0, 0.0)	(18.0, 0.0)	(19.0, 0.0)	(20.0, 0.0)	(21.0, 0.0)	(22.0, 0.0)	(23.0, 0.0)	(24.0, 0.0)	(25.0, 0.0)	(26.0, 0.3333333333333333)	(27.0, 1.9999999999999998)	(28.0, 53.66666666666677)	(29.0, 694.6666666666757)	(30.0, 1295.333333333318)	(31.0, 618.6666666666671)	(32.0, 104.99999999999959)	(33.0, 36.66666666666665)	(34.0, 21.99999999999999)	(35.0, 10.0)	(36.0, 7.9999999999999964)	(37.0, 6.333333333333331)	(38.0, 27.666666666666636)	(39.0, 169.6666666666671)	(40.0, 5923.333333332416)	(41.0, 13775.666666673842)	(42.0, 5529.999999999441)	(43.0, 1004.0000000000442)	(44.0, 663.0000000000055)	(45.0, 478.3333333333236)	(46.0, 1948.3333333331695)	(47.0, 1838.999999999861)	(48.0, 480.6666666666568)	(49.0, 621.333333333334)	(50.0, 2169.6666666665355)	(51.0, 4612.000000000276)	(52.0, 8340.666666663956)	(53.0, 18985.333333335788)	(54.0, 31798.99999995584)	(55.0, 52413.00000009525)	(56.0, 69632.66666679778)	(57.0, 52971.00000009931)	(58.0, 27431.999999971726)	(59.0, 22625.333333322546)	(60.0, 27801.99999997038)	(61.0, 22192.33333332412)	(62.0, 11098.666666668973)	(63.0, 4359.000000000506)	(64.0, 990.333333333376)	(65.0, 134.99999999999946)	(66.0, 18.666666666666668)	(67.0, 4.666666666666666)	(68.0, 3.3333333333333335)	(69.0, 2.333333333333333)	(70.0, 4.666666666666666)	(71.0, 6.999999999999997)	(72.0, 6.999999999999997)	(73.0, 10.333333333333334)	(74.0, 15.333333333333343)	(75.0, 21.666666666666657)	(76.0, 29.333333333333297)	(77.0, 30.333333333333293)	(78.0, 27.999999999999968)	(79.0, 30.333333333333293)	(80.0, 35.99999999999998)	(81.0, 60.333333333333485)	(82.0, 127.99999999999926)	(83.0, 189.33333333333434)	(84.0, 126.99999999999928)	(85.0, 34.666666666666636)	(86.0, 6.333333333333331)	(87.0, 3.0)	(88.0, 4.999999999999999)	(89.0, 5.333333333333332)	(90.0, 4.666666666666666)	(91.0, 0.3333333333333333)	(92.0, 0.6666666666666666)	(93.0, 0.0)	(94.0, 1.9999999999999998)	(95.0, 3.0)	(96.0, 2.6666666666666665)	(97.0, 3.0)	(98.0, 2.333333333333333)	(99.0, 1.0)	(100.0, 0.5)
062019-BEL-CBC-T3-16-MCAV_S47_R1_16S	(0.0, 0.0)	(1.0, 0.0)	(2.0, 0.0)	(3.0, 0.0)	(4.0, 0.0)	(5.0, 0.0)	(6.0, 0.0)	(7.0, 0.0)	(8.0, 0.0)	(9.0, 0.0)	(10.0, 0.0)	(11.0, 0.0)	(12.0, 0.0)	(13.0, 0.0)	(14.0, 0.0)	(15.0, 0.0)	(16.0, 0.0)	(17.0, 0.0)	(18.0, 0.0)	(19.0, 0.0)	(20.0, 0.0)	(21.0, 0.0)	(22.0, 0.0)	(23.0, 0.0)	(24.0, 0.0)	(25.0, 0.0)	(26.0, 2.6666666666666665)	(27.0, 34.666666666666636)	(28.0, 4111.000000000731)	(29.0, 202297.00000130996)	(30.0, 293554.66666789004)	(31.0, 57130.66666679624)	(32.0, 3348.6666666670717)	(33.0, 1446.9999999999502)	(34.0, 784.0000000000192)	(35.0, 527.6666666666567)	(36.0, 364.9999999999967)	(37.0, 233.00000000000225)	(38.0, 217.0000000000018)	(39.0, 469.99999999999073)	(40.0, 341.3333333333314)	(41.0, 416.3333333333271)	(42.0, 1287.3333333333198)	(43.0, 4598.333333333621)	(44.0, 5716.999999999271)	(45.0, 1179.3333333333444)	(46.0, 500.66666666665566)	(47.0, 882.0000000000304)	(48.0, 435.33333333332604)	(49.0, 565.3333333333277)	(50.0, 861.6666666666947)	(51.0, 1523.6666666665994)	(52.0, 1845.9999999998595)	(53.0, 780.0000000000188)	(54.0, 654.0000000000044)	(55.0, 543.6666666666586)	(56.0, 421.33333333332683)	(57.0, 333.66666666666515)	(58.0, 207.33333333333485)	(59.0, 100.33333333333299)	(60.0, 73.00000000000004)	(61.0, 44.66666666666671)	(62.0, 14.333333333333341)	(63.0, 4.999999999999999)	(64.0, 5.333333333333332)	(65.0, 4.666666666666666)	(66.0, 3.0)	(67.0, 4.666666666666666)	(68.0, 6.666666666666664)	(69.0, 7.33333333333333)	(70.0, 10.333333333333334)	(71.0, 19.666666666666664)	(72.0, 29.66666666666663)	(73.0, 55.666666666666785)	(74.0, 80.99999999999993)	(75.0, 112.99999999999947)	(76.0, 138.99999999999957)	(77.0, 151.99999999999994)	(78.0, 176.33333333333397)	(79.0, 322.6666666666658)	(80.0, 642.6666666666698)	(81.0, 1249.3333333333285)	(82.0, 1941.6666666665044)	(83.0, 1984.3333333331614)	(84.0, 971.3333333333738)	(85.0, 159.33333333333348)	(86.0, 8.33333333333333)	(87.0, 0.6666666666666666)	(88.0, 0.0)	(89.0, 0.0)	(90.0, 0.0)	(91.0, 0.3333333333333333)	(92.0, 1.0)	(93.0, 1.3333333333333333)	(94.0, 4.666666666666666)	(95.0, 4.999999999999999)	(96.0, 5.666666666666665)	(97.0, 1.9999999999999998)	(98.0, 1.9999999999999998)	(99.0, 1.3333333333333333)	(100.0, 0.5)
062019-BEL-CBC-T3-27-SSID_S17_R1_16S	(0.0, 0.0)	(1.0, 0.0)	(2.0, 0.0)	(3.0, 0.0)	(4.0, 0.0)	(5.0, 0.0)	(6.0, 0.0)	(7.0, 0.0)	(8.0, 0.0)	(9.0, 0.0)	(10.0, 0.0)	(11.0, 0.0)	(12.0, 0.0)	(13.0, 0.0)	(14.0, 0.0)	(15.0, 0.0)	(16.0, 0.0)	(17.0, 0.0)	(18.0, 0.0)	(19.0, 0.0)	(20.0, 0.0)	(21.0, 0.0)	(22.0, 0.0)	(23.0, 0.0)	(24.0, 0.0)	(25.0, 0.0)	(26.0, 0.6666666666666666)	(27.0, 2.333333333333333)	(28.0, 11.333333333333336)	(29.0, 525.3333333333231)	(30.0, 2192.3333333332125)	(31.0, 2199.666666666549)	(32.0, 435.66666666665935)	(33.0, 73.00000000000004)	(34.0, 28.3333333333333)	(35.0, 9.333333333333332)	(36.0, 10.666666666666668)	(37.0, 8.999999999999998)	(38.0, 628.6666666666682)	(39.0, 12411.333333338027)	(40.0, 7135.99999999798)	(41.0, 872.0000000000292)	(42.0, 1822.9999999998647)	(43.0, 8798.999999998123)	(44.0, 5707.999999999279)	(45.0, 792.6666666666869)	(46.0, 823.0000000000236)	(47.0, 1775.3333333332089)	(48.0, 1210.3333333333374)	(49.0, 517.6666666666556)	(50.0, 380.9999999999958)	(51.0, 448.3333333333253)	(52.0, 2950.333333333557)	(53.0, 2047.333333333147)	(54.0, 743.3333333333479)	(55.0, 621.333333333334)	(56.0, 330.99999999999864)	(57.0, 191.00000000000105)	(58.0, 82.33333333333324)	(59.0, 44.000000000000036)	(60.0, 21.333333333333325)	(61.0, 8.666666666666664)	(62.0, 7.666666666666663)	(63.0, 8.999999999999998)	(64.0, 5.333333333333332)	(65.0, 4.333333333333333)	(66.0, 26.333333333333307)	(67.0, 61.66666666666683)	(68.0, 23.999999999999982)	(69.0, 9.333333333333332)	(70.0, 12.333333333333337)	(71.0, 19.0)	(72.0, 40.00000000000001)	(73.0, 67.66666666666679)	(74.0, 76.99999999999999)	(75.0, 39.333333333333336)	(76.0, 19.333333333333332)	(77.0, 20.33333333333333)	(78.0, 46.333333333333385)	(79.0, 33.66666666666663)	(80.0, 43.6666666666667)	(81.0, 67.00000000000013)	(82.0, 113.66666666666613)	(83.0, 251.3333333333361)	(84.0, 626.666666666668)	(85.0, 832.6666666666914)	(86.0, 187.66666666666762)	(87.0, 1.0)	(88.0, 0.0)	(89.0, 0.0)	(90.0, 0.0)	(91.0, 0.0)	(92.0, 0.0)	(93.0, 0.0)	(94.0, 0.0)	(95.0, 0.0)	(96.0, 0.0)	(97.0, 0.0)	(98.0, 0.0)	(99.0, 0.0)	(100.0, 0.0)
062024-BEL-CBC-T1-1341-SSID_S56_R1_16S	(0.0, 0.0)	(1.0, 0.0)	(2.0, 0.0)	(3.0, 0.0)	(4.0, 0.0)	(5.0, 0.0)	(6.0, 0.0)	(7.0, 0.0)	(8.0, 0.0)	(9.0, 0.0)	(10.0, 0.0)	(11.0, 0.0)	(12.0, 0.0)	(13.0, 0.0)	(14.0, 0.0)	(15.0, 0.0)	(16.0, 0.0)	(17.0, 0.0)	(18.0, 0.0)	(19.0, 0.0)	(20.0, 0.0)	(21.0, 0.0)	(22.0, 0.0)	(23.0, 0.0)	(24.0, 0.0)	(25.0, 1.0)	(26.0, 4.999999999999999)	(27.0, 12.666666666666671)	(28.0, 63.333333333333506)	(29.0, 1077.3333333333676)	(30.0, 2323.6666666666056)	(31.0, 1365.333333333302)	(32.0, 244.66666666666924)	(33.0, 69.66666666666676)	(34.0, 33.66666666666663)	(35.0, 30.666666666666625)	(36.0, 33.999999999999964)	(37.0, 142.333333333333)	(38.0, 29197.333333298637)	(39.0, 132009.33333259766)	(40.0, 70954.66666677855)	(41.0, 6565.666666665165)	(42.0, 2948.3333333335563)	(43.0, 5646.999999999334)	(44.0, 5975.333333332369)	(45.0, 2513.000000000025)	(46.0, 2907.666666666871)	(47.0, 3413.0000000004343)	(48.0, 3516.000000000481)	(49.0, 5668.666666665981)	(50.0, 20890.333333328857)	(51.0, 91546.6666664789)	(52.0, 125127.99999932355)	(53.0, 87643.66666653569)	(54.0, 53962.00000010652)	(55.0, 26965.66666664009)	(56.0, 10512.000000001239)	(57.0, 6834.999999998254)	(58.0, 5189.99999999975)	(59.0, 2717.3333333334513)	(60.0, 1123.3333333333571)	(61.0, 464.3333333333244)	(62.0, 156.66666666666674)	(63.0, 46.00000000000005)	(64.0, 13.000000000000005)	(65.0, 7.33333333333333)	(66.0, 5.666666666666665)	(67.0, 14.666666666666675)	(68.0, 14.333333333333341)	(69.0, 16.333333333333343)	(70.0, 18.666666666666668)	(71.0, 18.333333333333336)	(72.0, 29.66666666666663)	(73.0, 58.000000000000135)	(74.0, 125.66666666666596)	(75.0, 172.6666666666672)	(76.0, 170.66666666666714)	(77.0, 172.33333333333385)	(78.0, 153.33333333333331)	(79.0, 151.6666666666666)	(80.0, 130.99999999999935)	(81.0, 131.99999999999937)	(82.0, 288.6666666666677)	(83.0, 921.6666666667015)	(84.0, 1118.6666666666915)	(85.0, 371.666666666663)	(86.0, 26.333333333333307)	(87.0, 0.6666666666666666)	(88.0, 0.3333333333333333)	(89.0, 0.3333333333333333)	(90.0, 0.0)	(91.0, 1.0)	(92.0, 1.6666666666666665)	(93.0, 0.3333333333333333)	(94.0, 3.0)	(95.0, 4.0)	(96.0, 2.6666666666666665)	(97.0, 1.6666666666666665)	(98.0, 1.9999999999999998)	(99.0, 1.9999999999999998)	(100.0, 0.5)
062024-BEL-CBC-T2-1369-SSID_S10_R1_16S	(0.0, 0.0)	(1.0, 0.0)	(2.0, 0.0)	(3.0, 0.0)	(4.0, 0.0)	(5.0, 0.0)	(6.0, 0.0)	(7.0, 0.0)	(8.0, 0.0)	(9.0, 0.0)	(10.0, 0.0)	(11.0, 0.0)	(12.0, 0.0)	(13.0, 0.0)	(14.0, 0.0)	(15.0, 0.0)	(16.0, 0.0)	(17.0, 0.0)	(18.0, 0.0)	(19.0, 0.0)	(20.0, 0.0)	(21.0, 0.0)	(22.0, 0.0)	(23.0, 0.0)	(24.0, 0.0)	(25.0, 0.0)	(26.0, 1.0)	(27.0, 5.333333333333332)	(28.0, 6.333333333333331)	(29.0, 129.66666666666598)	(30.0, 541.6666666666583)	(31.0, 658.3333333333383)	(32.0, 172.0000000000005)	(33.0, 29.99999999999996)	(34.0, 17.33333333333334)	(35.0, 11.333333333333336)	(36.0, 17.000000000000007)	(37.0, 22.33333333333332)	(38.0, 286.0000000000012)	(39.0, 6691.333333331718)	(40.0, 3763.0000000005934)	(41.0, 481.99999999999005)	(42.0, 361.9999999999969)	(43.0, 525.3333333333231)	(44.0, 639.6666666666695)	(45.0, 682.0000000000076)	(46.0, 2758.0000000001364)	(47.0, 4783.00000000012)	(48.0, 4096.333333334078)	(49.0, 3724.6666666672427)	(50.0, 6077.666666665609)	(51.0, 46784.666666720965)	(52.0, 117375.3333327697)	(53.0, 72112.6666667617)	(54.0, 56490.000000124914)	(55.0, 35530.333333305745)	(56.0, 11359.666666669447)	(57.0, 3065.666666666943)	(58.0, 3850.000000000633)	(59.0, 11560.333333336479)	(60.0, 5097.3333333331675)	(61.0, 274.6666666666685)	(62.0, 41.666666666666686)	(63.0, 16.00000000000001)	(64.0, 9.666666666666666)	(65.0, 9.333333333333332)	(66.0, 13.666666666666673)	(67.0, 14.000000000000007)	(68.0, 12.666666666666671)	(69.0, 21.333333333333325)	(70.0, 22.999999999999986)	(71.0, 22.666666666666654)	(72.0, 47.33333333333339)	(73.0, 98.66666666666634)	(74.0, 188.66666666666765)	(75.0, 146.33333333333312)	(76.0, 44.000000000000036)	(77.0, 18.333333333333336)	(78.0, 19.333333333333332)	(79.0, 28.3333333333333)	(80.0, 56.33333333333346)	(81.0, 89.9999999999998)	(82.0, 136.99999999999952)	(83.0, 277.333333333335)	(84.0, 1368.999999999968)	(85.0, 5953.333333332389)	(86.0, 2265.9999999999127)	(87.0, 4.666666666666666)	(88.0, 2.333333333333333)	(89.0, 0.3333333333333333)	(90.0, 0.3333333333333333)	(91.0, 0.3333333333333333)	(92.0, 0.0)	(93.0, 0.0)	(94.0, 0.6666666666666666)	(95.0, 1.3333333333333333)	(96.0, 0.6666666666666666)	(97.0, 0.0)	(98.0, 0.3333333333333333)	(99.0, 0.6666666666666666)	(100.0, 0.5)
062024-BEL-CBC-T2-1378-PAST_S54_R1_16S	(0.0, 0.0)	(1.0, 0.0)	(2.0, 0.0)	(3.0, 0.0)	(4.0, 0.0)	(5.0, 0.0)	(6.0, 0.0)	(7.0, 0.0)	(8.0, 0.0)	(9.0, 0.0)	(10.0, 0.0)	(11.0, 0.0)	(12.0, 0.0)	(13.0, 0.0)	(14.0, 0.0)	(15.0, 0.0)	(16.0, 0.0)	(17.0, 0.0)	(18.0, 0.0)	(19.0, 0.0)	(20.0, 0.0)	(21.0, 0.0)	(22.0, 0.0)	(23.0, 0.0)	(24.0, 0.0)	(25.0, 0.0)	(26.0, 0.3333333333333333)	(27.0, 1.3333333333333333)	(28.0, 16.333333333333343)	(29.0, 553.9999999999931)	(30.0, 1670.3333333332328)	(31.0, 1144.3333333333524)	(32.0, 208.33333333333488)	(33.0, 59.33333333333348)	(34.0, 24.99999999999998)	(35.0, 13.33333333333334)	(36.0, 11.66666666666667)	(37.0, 19.333333333333332)	(38.0, 95.33333333333306)	(39.0, 379.66666666666254)	(40.0, 41338.00000001467)	(41.0, 192711.00000103097)	(42.0, 105614.66666627418)	(43.0, 9474.333333332685)	(44.0, 3898.666666667322)	(45.0, 2365.6666666666247)	(46.0, 1942.333333333171)	(47.0, 2234.9999999998986)	(48.0, 2121.3333333331802)	(49.0, 2043.9999999998145)	(50.0, 6532.666666665195)	(51.0, 21303.666666660687)	(52.0, 29642.333333297018)	(53.0, 54760.666666779)	(54.0, 44858.333333373615)	(55.0, 12740.000000005291)	(56.0, 4369.666666667163)	(57.0, 2886.6666666668616)	(58.0, 1560.3333333332578)	(59.0, 614.6666666666666)	(60.0, 246.6666666666693)	(61.0, 74.66666666666669)	(62.0, 31.33333333333329)	(63.0, 12.000000000000004)	(64.0, 4.333333333333333)	(65.0, 4.0)	(66.0, 4.333333333333333)	(67.0, 4.999999999999999)	(68.0, 7.666666666666663)	(69.0, 5.666666666666665)	(70.0, 6.666666666666664)	(71.0, 8.999999999999998)	(72.0, 4.999999999999999)	(73.0, 4.333333333333333)	(74.0, 8.999999999999998)	(75.0, 16.666666666666675)	(76.0, 23.66666666666665)	(77.0, 28.999999999999964)	(78.0, 22.999999999999986)	(79.0, 19.666666666666664)	(80.0, 21.666666666666657)	(81.0, 22.666666666666654)	(82.0, 53.66666666666677)	(83.0, 128.66666666666595)	(84.0, 159.66666666666683)	(85.0, 61.66666666666683)	(86.0, 5.666666666666665)	(87.0, 0.0)	(88.0, 0.0)	(89.0, 0.0)	(90.0, 0.0)	(91.0, 0.0)	(92.0, 0.0)	(93.0, 1.3333333333333333)	(94.0, 1.9999999999999998)	(95.0, 3.0)	(96.0, 3.3333333333333335)	(97.0, 2.333333333333333)	(98.0, 2.333333333333333)	(99.0, 1.0)	(100.0, 0.5)
062024-BEL-CBC-T2-1387-OFAV_S44_R1_16S	(0.0, 0.0)	(1.0, 0.0)	(2.0, 0.0)	(3.0, 0.0)	(4.0, 0.0)	(5.0, 0.0)	(6.0, 0.0)	(7.0, 0.0)	(8.0, 0.0)	(9.0, 0.0)	(10.0, 0.0)	(11.0, 0.0)	(12.0, 0.0)	(13.0, 0.0)	(14.0, 0.0)	(15.0, 0.0)	(16.0, 0.0)	(17.0, 0.0)	(18.0, 0.0)	(19.0, 0.0)	(20.0, 0.0)	(21.0, 0.0)	(22.0, 0.0)	(23.0, 1.3333333333333333)	(24.0, 3.0)	(25.0, 4.333333333333333)	(26.0, 9.333333333333332)	(27.0, 53.66666666666677)	(28.0, 153.33333333333331)	(29.0, 11525.333333336415)	(30.0, 57319.33333346428)	(31.0, 33243.333333289105)	(32.0, 2621.3333333334076)	(33.0, 414.33333333332723)	(34.0, 223.66666666666865)	(35.0, 127.3333333333326)	(36.0, 81.33333333333326)	(37.0, 191.00000000000105)	(38.0, 728.6666666666796)	(39.0, 742.3333333333478)	(40.0, 302.3333333333336)	(41.0, 137.6666666666662)	(42.0, 1028.666666666712)	(43.0, 1547.666666666594)	(44.0, 553.6666666666597)	(45.0, 646.6666666666703)	(46.0, 929.0000000000357)	(47.0, 953.3333333333718)	(48.0, 767.666666666684)	(49.0, 651.0000000000041)	(50.0, 973.3333333333741)	(51.0, 1097.0000000000298)	(52.0, 1593.3333333332503)	(53.0, 2850.0000000001783)	(54.0, 3861.666666667305)	(55.0, 2930.6666666668816)	(56.0, 1782.6666666665406)	(57.0, 1301.9999999999832)	(58.0, 864.3333333333617)	(59.0, 426.9999999999932)	(60.0, 202.3333333333347)	(61.0, 88.99999999999982)	(62.0, 41.33333333333335)	(63.0, 20.33333333333333)	(64.0, 2.333333333333333)	(65.0, 1.9999999999999998)	(66.0, 1.6666666666666665)	(67.0, 1.0)	(68.0, 1.0)	(69.0, 1.6666666666666665)	(70.0, 1.0)	(71.0, 2.6666666666666665)	(72.0, 3.0)	(73.0, 4.333333333333333)	(74.0, 8.33333333333333)	(75.0, 13.33333333333334)	(76.0, 11.333333333333336)	(77.0, 10.333333333333334)	(78.0, 11.333333333333336)	(79.0, 12.000000000000004)	(80.0, 17.33333333333334)	(81.0, 28.666666666666632)	(82.0, 41.666666666666686)	(83.0, 47.00000000000006)	(84.0, 29.333333333333297)	(85.0, 7.666666666666663)	(86.0, 0.6666666666666666)	(87.0, 0.0)	(88.0, 0.0)	(89.0, 0.0)	(90.0, 0.0)	(91.0, 0.0)	(92.0, 0.0)	(93.0, 0.0)	(94.0, 0.6666666666666666)	(95.0, 1.0)	(96.0, 0.3333333333333333)	(97.0, 0.0)	(98.0, 0.6666666666666666)	(99.0, 0.3333333333333333)	(100.0, 0.0)
062024-BEL-CBC-T3-1412-MCAV_S13_R1_16S	(0.0, 0.0)	(1.0, 0.0)	(2.0, 0.0)	(3.0, 0.0)	(4.0, 0.0)	(5.0, 0.0)	(6.0, 0.0)	(7.0, 0.0)	(8.0, 0.0)	(9.0, 0.0)	(10.0, 0.0)	(11.0, 0.0)	(12.0, 0.0)	(13.0, 0.0)	(14.0, 0.0)	(15.0, 0.0)	(16.0, 0.0)	(17.0, 0.0)	(18.0, 0.0)	(19.0, 0.0)	(20.0, 0.0)	(21.0, 0.0)	(22.0, 0.0)	(23.0, 0.0)	(24.0, 0.0)	(25.0, 0.0)	(26.0, 0.0)	(27.0, 4.0)	(28.0, 71.3333333333334)	(29.0, 25029.3333333138)	(30.0, 107879.66666624122)	(31.0, 41449.33333334881)	(32.0, 1426.6666666666215)	(33.0, 517.6666666666556)	(34.0, 253.0000000000028)	(35.0, 150.66666666666657)	(36.0, 113.99999999999946)	(37.0, 79.99999999999994)	(38.0, 84.33333333333321)	(39.0, 170.00000000000045)	(40.0, 177.333333333334)	(41.0, 366.33333333332996)	(42.0, 287.66666666666777)	(43.0, 287.33333333333445)	(44.0, 712.6666666666778)	(45.0, 528.6666666666569)	(46.0, 718.6666666666785)	(47.0, 2514.0000000000255)	(48.0, 1837.9999999998613)	(49.0, 471.333333333324)	(50.0, 470.33333333332405)	(51.0, 704.3333333333435)	(52.0, 3270.3333333337027)	(53.0, 2577.000000000054)	(54.0, 1362.3333333333028)	(55.0, 1326.6666666666442)	(56.0, 949.6666666667047)	(57.0, 669.3333333333395)	(58.0, 550.333333333326)	(59.0, 404.99999999999443)	(60.0, 243.00000000000253)	(61.0, 101.99999999999963)	(62.0, 11.66666666666667)	(63.0, 4.0)	(64.0, 0.3333333333333333)	(65.0, 3.0)	(66.0, 4.666666666666666)	(67.0, 7.33333333333333)	(68.0, 8.999999999999998)	(69.0, 9.333333333333332)	(70.0, 9.333333333333332)	(71.0, 13.666666666666673)	(72.0, 41.666666666666686)	(73.0, 129.66666666666598)	(74.0, 249.0000000000027)	(75.0, 168.0000000000004)	(76.0, 32.66666666666662)	(77.0, 4.333333333333333)	(78.0, 4.333333333333333)	(79.0, 7.666666666666663)	(80.0, 9.666666666666666)	(81.0, 14.333333333333341)	(82.0, 14.000000000000007)	(83.0, 24.666666666666647)	(84.0, 87.33333333333317)	(85.0, 424.66666666666)	(86.0, 184.00000000000085)	(87.0, 0.0)	(88.0, 0.0)	(89.0, 0.0)	(90.0, 0.0)	(91.0, 0.0)	(92.0, 0.0)	(93.0, 1.3333333333333333)	(94.0, 0.6666666666666666)	(95.0, 2.333333333333333)	(96.0, 1.3333333333333333)	(97.0, 1.0)	(98.0, 0.3333333333333333)	(99.0, 0.0)	(100.0, 0.0)
062024-BEL-CBC-T3-1421-OFAV_S55_R1_16S	(0.0, 0.0)	(1.0, 0.0)	(2.0, 0.0)	(3.0, 0.0)	(4.0, 0.0)	(5.0, 0.0)	(6.0, 0.0)	(7.0, 0.0)	(8.0, 0.0)	(9.0, 0.0)	(10.0, 0.0)	(11.0, 0.0)	(12.0, 0.0)	(13.0, 0.0)	(14.0, 0.0)	(15.0, 0.0)	(16.0, 0.0)	(17.0, 0.0)	(18.0, 0.0)	(19.0, 0.0)	(20.0, 0.0)	(21.0, 0.0)	(22.0, 0.0)	(23.0, 0.0)	(24.0, 1.9999999999999998)	(25.0, 3.3333333333333335)	(26.0, 9.666666666666666)	(27.0, 65.33333333333348)	(28.0, 371.666666666663)	(29.0, 81725.99999995514)	(30.0, 431503.33332652703)	(31.0, 253240.6666694593)	(32.0, 19724.999999999764)	(33.0, 3061.3333333336077)	(34.0, 1527.9999999999318)	(35.0, 939.0000000000368)	(36.0, 599.6666666666649)	(37.0, 385.6666666666622)	(38.0, 304.6666666666668)	(39.0, 424.33333333332666)	(40.0, 386.66666666666214)	(41.0, 2570.666666666718)	(42.0, 11849.333333337005)	(43.0, 11753.33333333683)	(44.0, 8293.66666666387)	(45.0, 3019.3333333335886)	(46.0, 2486.333333333346)	(47.0, 3943.6666666673423)	(48.0, 3229.0000000003506)	(49.0, 2562.0000000000473)	(50.0, 7702.333333330798)	(51.0, 10169.000000000615)	(52.0, 3009.0000000002506)	(53.0, 1660.9999999999015)	(54.0, 3469.0000000004597)	(55.0, 3923.666666667333)	(56.0, 2394.3333333333044)	(57.0, 1934.666666666506)	(58.0, 785.3333333333527)	(59.0, 289.33333333333434)	(60.0, 103.66666666666627)	(61.0, 39.66666666666667)	(62.0, 21.99999999999999)	(63.0, 15.666666666666677)	(64.0, 11.000000000000002)	(65.0, 11.66666666666667)	(66.0, 14.666666666666675)	(67.0, 10.666666666666668)	(68.0, 6.333333333333331)	(69.0, 4.0)	(70.0, 5.333333333333332)	(71.0, 9.666666666666666)	(72.0, 8.33333333333333)	(73.0, 14.666666666666675)	(74.0, 21.666666666666657)	(75.0, 21.666666666666657)	(76.0, 23.999999999999982)	(77.0, 24.666666666666647)	(78.0, 20.66666666666666)	(79.0, 16.333333333333343)	(80.0, 11.333333333333336)	(81.0, 11.000000000000002)	(82.0, 19.333333333333332)	(83.0, 61.66666666666683)	(84.0, 75.00000000000001)	(85.0, 23.66666666666665)	(86.0, 1.0)	(87.0, 0.0)	(88.0, 0.0)	(89.0, 0.3333333333333333)	(90.0, 0.0)	(91.0, 0.0)	(92.0, 0.3333333333333333)	(93.0, 4.0)	(94.0, 7.33333333333333)	(95.0, 7.9999999999999964)	(96.0, 9.333333333333332)	(97.0, 6.999999999999997)	(98.0, 1.9999999999999998)	(99.0, 4.0)	(100.0, 0.5)
062024-BEL-CBC-T3-1445-SSID_S58_R1_16S	(0.0, 0.0)	(1.0, 0.0)	(2.0, 0.0)	(3.0, 0.0)	(4.0, 0.0)	(5.0, 0.0)	(6.0, 0.0)	(7.0, 0.0)	(8.0, 0.0)	(9.0, 0.0)	(10.0, 0.0)	(11.0, 0.0)	(12.0, 0.0)	(13.0, 0.0)	(14.0, 0.0)	(15.0, 0.0)	(16.0, 0.0)	(17.0, 0.0)	(18.0, 0.0)	(19.0, 0.0)	(20.0, 0.0)	(21.0, 0.0)	(22.0, 0.0)	(23.0, 0.0)	(24.0, 0.3333333333333333)	(25.0, 0.0)	(26.0, 0.3333333333333333)	(27.0, 0.6666666666666666)	(28.0, 14.000000000000007)	(29.0, 521.9999999999894)	(30.0, 1602.6666666665815)	(31.0, 989.3333333333759)	(32.0, 242.6666666666692)	(33.0, 156.66666666666674)	(34.0, 147.99999999999983)	(35.0, 337.99999999999824)	(36.0, 505.6666666666554)	(37.0, 585.6666666666633)	(38.0, 40642.666666676276)	(39.0, 176229.66666721797)	(40.0, 93818.99999977916)	(41.0, 7530.666666664288)	(42.0, 3605.0000000005216)	(43.0, 15905.333333344382)	(44.0, 22397.666666656707)	(45.0, 13855.666666673987)	(46.0, 14566.000000008613)	(47.0, 11907.666666670444)	(48.0, 9949.333333333549)	(49.0, 11889.666666670411)	(50.0, 10681.33333333488)	(51.0, 28404.33333330152)	(52.0, 39573.000000001826)	(53.0, 23614.333333318948)	(54.0, 20609.999999996544)	(55.0, 14653.666666675439)	(56.0, 8624.999999997806)	(57.0, 6016.999999998998)	(58.0, 3194.0000000003347)	(59.0, 963.0000000000396)	(60.0, 175.0000000000006)	(61.0, 20.33333333333333)	(62.0, 10.666666666666668)	(63.0, 6.999999999999997)	(64.0, 7.666666666666663)	(65.0, 12.000000000000004)	(66.0, 12.000000000000004)	(67.0, 13.000000000000005)	(68.0, 16.666666666666675)	(69.0, 20.999999999999993)	(70.0, 29.99999999999996)	(71.0, 36.66666666666665)	(72.0, 67.33333333333346)	(73.0, 104.33333333333293)	(74.0, 188.66666666666765)	(75.0, 299.00000000000045)	(76.0, 373.9999999999962)	(77.0, 356.99999999999716)	(78.0, 255.3333333333362)	(79.0, 193.6666666666678)	(80.0, 306.00000000000006)	(81.0, 522.9999999999895)	(82.0, 796.6666666666873)	(83.0, 790.6666666666866)	(84.0, 391.99999999999517)	(85.0, 72.66666666666671)	(86.0, 3.666666666666667)	(87.0, 0.0)	(88.0, 0.0)	(89.0, 0.0)	(90.0, 0.0)	(91.0, 0.0)	(92.0, 0.0)	(93.0, 0.6666666666666666)	(94.0, 1.3333333333333333)	(95.0, 2.333333333333333)	(96.0, 4.0)	(97.0, 1.9999999999999998)	(98.0, 0.6666666666666666)	(99.0, 0.6666666666666666)	(100.0, 1.0)
062024-BEL-CBC-T3-1448-PAST_S40_R1_16S	(0.0, 0.0)	(1.0, 0.0)	(2.0, 0.0)	(3.0, 0.0)	(4.0, 0.0)	(5.0, 0.0)	(6.0, 0.0)	(7.0, 0.0)	(8.0, 0.0)	(9.0, 0.0)	(10.0, 0.0)	(11.0, 0.0)	(12.0, 0.0)	(13.0, 0.0)	(14.0, 0.0)	(15.0, 0.0)	(16.0, 0.0)	(17.0, 0.0)	(18.0, 0.0)	(19.0, 0.0)	(20.0, 0.0)	(21.0, 0.0)	(22.0, 0.0)	(23.0, 0.0)	(24.0, 0.0)	(25.0, 0.0)	(26.0, 0.0)	(27.0, 0.3333333333333333)	(28.0, 45.00000000000004)	(29.0, 807.3333333333552)	(30.0, 1519.9999999999336)	(31.0, 707.6666666666772)	(32.0, 89.33333333333314)	(33.0, 27.666666666666636)	(34.0, 13.666666666666673)	(35.0, 13.33333333333334)	(36.0, 14.666666666666675)	(37.0, 16.00000000000001)	(38.0, 73.6666666666667)	(39.0, 274.3333333333352)	(40.0, 23491.99999998606)	(41.0, 110837.33333286484)	(42.0, 62992.00000017222)	(43.0, 7795.99999999738)	(44.0, 3992.0000000006976)	(45.0, 1851.6666666665249)	(46.0, 997.3333333333768)	(47.0, 793.666666666687)	(48.0, 694.3333333333424)	(49.0, 698.0000000000094)	(50.0, 840.333333333359)	(51.0, 1525.3333333332657)	(52.0, 4882.666666666696)	(53.0, 16941.333333343224)	(54.0, 15379.333333343426)	(55.0, 4807.666666666764)	(56.0, 1813.6666666665335)	(57.0, 1030.3333333333783)	(58.0, 668.6666666666728)	(59.0, 401.6666666666613)	(60.0, 227.33333333333542)	(61.0, 62.00000000000016)	(62.0, 19.666666666666664)	(63.0, 10.666666666666668)	(64.0, 7.9999999999999964)	(65.0, 4.0)	(66.0, 3.666666666666667)	(67.0, 3.666666666666667)	(68.0, 2.6666666666666665)	(69.0, 4.333333333333333)	(70.0, 4.999999999999999)	(71.0, 6.333333333333331)	(72.0, 4.999999999999999)	(73.0, 6.999999999999997)	(74.0, 17.33333333333334)	(75.0, 23.999999999999982)	(76.0, 21.666666666666657)	(77.0, 13.000000000000005)	(78.0, 12.333333333333337)	(79.0, 20.66666666666666)	(80.0, 32.99999999999996)	(81.0, 39.66666666666667)	(82.0, 55.666666666666785)	(83.0, 60.66666666666682)	(84.0, 37.99999999999999)	(85.0, 13.666666666666673)	(86.0, 0.0)	(87.0, 0.0)	(88.0, 0.0)	(89.0, 0.0)	(90.0, 0.3333333333333333)	(91.0, 0.3333333333333333)	(92.0, 1.0)	(93.0, 0.3333333333333333)	(94.0, 0.6666666666666666)	(95.0, 1.6666666666666665)	(96.0, 1.3333333333333333)	(97.0, 1.6666666666666665)	(98.0, 1.6666666666666665)	(99.0, 1.6666666666666665)	(100.0, 0.5)
062024-BEL-CBC-T4-1464-MCAV_S43_R1_16S	(0.0, 0.0)	(1.0, 0.0)	(2.0, 0.0)	(3.0, 0.0)	(4.0, 0.0)	(5.0, 0.0)	(6.0, 0.0)	(7.0, 0.0)	(8.0, 0.0)	(9.0, 0.0)	(10.0, 0.0)	(11.0, 0.0)	(12.0, 0.0)	(13.0, 0.0)	(14.0, 0.0)	(15.0, 0.0)	(16.0, 0.0)	(17.0, 0.0)	(18.0, 0.0)	(19.0, 0.0)	(20.0, 0.0)	(21.0, 0.0)	(22.0, 0.0)	(23.0, 0.0)	(24.0, 0.0)	(25.0, 0.3333333333333333)	(26.0, 0.0)	(27.0, 9.666666666666666)	(28.0, 1060.0000000000382)	(29.0, 53359.00000010213)	(30.0, 80074.3333333125)	(31.0, 16581.333333344533)	(32.0, 1006.6666666667112)	(33.0, 426.33333333332655)	(34.0, 225.00000000000202)	(35.0, 142.9999999999997)	(36.0, 98.66666666666634)	(37.0, 71.66666666666673)	(38.0, 89.66666666666647)	(39.0, 262.3333333333359)	(40.0, 200.666666666668)	(41.0, 437.99999999999255)	(42.0, 627.0000000000014)	(43.0, 293.6666666666674)	(44.0, 265.666666666669)	(45.0, 438.9999999999925)	(46.0, 344.3333333333312)	(47.0, 213.66666666666836)	(48.0, 162.6666666666669)	(49.0, 171.66666666666717)	(50.0, 329.6666666666654)	(51.0, 475.9999999999904)	(52.0, 630.3333333333351)	(53.0, 828.666666666691)	(54.0, 1401.6666666666272)	(55.0, 983.3333333333752)	(56.0, 489.9999999999896)	(57.0, 377.33333333332934)	(58.0, 161.33333333333354)	(59.0, 58.666666666666806)	(60.0, 46.66666666666672)	(61.0, 46.66666666666672)	(62.0, 20.66666666666666)	(63.0, 8.33333333333333)	(64.0, 3.666666666666667)	(65.0, 4.999999999999999)	(66.0, 5.666666666666665)	(67.0, 6.999999999999997)	(68.0, 5.999999999999998)	(69.0, 7.9999999999999964)	(70.0, 12.333333333333337)	(71.0, 15.000000000000009)	(72.0, 16.00000000000001)	(73.0, 19.333333333333332)	(74.0, 23.66666666666665)	(75.0, 32.333333333333286)	(76.0, 34.666666666666636)	(77.0, 27.333333333333304)	(78.0, 17.000000000000007)	(79.0, 14.333333333333341)	(80.0, 19.999999999999996)	(81.0, 35.99999999999998)	(82.0, 57.00000000000013)	(83.0, 56.33333333333346)	(84.0, 27.333333333333304)	(85.0, 7.666666666666663)	(86.0, 0.6666666666666666)	(87.0, 0.0)	(88.0, 0.0)	(89.0, 0.0)	(90.0, 0.0)	(91.0, 0.0)	(92.0, 0.0)	(93.0, 0.0)	(94.0, 0.0)	(95.0, 1.0)	(96.0, 0.3333333333333333)	(97.0, 0.0)	(98.0, 0.3333333333333333)	(99.0, 0.0)	(100.0, 0.0)
062024-BEL-CBC-T4-1467-MCAV_S57_R1_16S	(0.0, 0.0)	(1.0, 0.0)	(2.0, 0.0)	(3.0, 0.0)	(4.0, 0.0)	(5.0, 0.0)	(6.0, 0.0)	(7.0, 0.0)	(8.0, 0.0)	(9.0, 0.0)	(10.0, 0.0)	(11.0, 0.0)	(12.0, 0.0)	(13.0, 0.0)	(14.0, 0.0)	(15.0, 0.0)	(16.0, 0.0)	(17.0, 0.0)	(18.0, 0.0)	(19.0, 0.0)	(20.0, 0.0)	(21.0, 0.0)	(22.0, 0.0)	(23.0, 0.0)	(24.0, 0.0)	(25.0, 0.3333333333333333)	(26.0, 3.666666666666667)	(27.0, 27.666666666666636)	(28.0, 2587.0000000000587)	(29.0, 125663.3333326491)	(30.0, 188588.00000091098)	(31.0, 39409.00000000063)	(32.0, 2615.333333333405)	(33.0, 1103.3333333333617)	(34.0, 598.9999999999982)	(35.0, 403.9999999999945)	(36.0, 252.33333333333613)	(37.0, 179.0000000000007)	(38.0, 275.66666666666845)	(39.0, 582.3333333333296)	(40.0, 340.66666666666475)	(41.0, 187.66666666666762)	(42.0, 926.0000000000354)	(43.0, 2551.333333333376)	(44.0, 2414.3333333333135)	(45.0, 634.3333333333355)	(46.0, 1253.3333333333276)	(47.0, 2318.33333333327)	(48.0, 1105.000000000028)	(49.0, 319.99999999999926)	(50.0, 698.0000000000094)	(51.0, 3610.666666667191)	(52.0, 5397.666666666228)	(53.0, 4456.0000000004175)	(54.0, 4471.333333333737)	(55.0, 1643.6666666665722)	(56.0, 463.33333333332445)	(57.0, 315.33333333333286)	(58.0, 148.66666666666652)	(59.0, 58.666666666666806)	(60.0, 19.333333333333332)	(61.0, 8.33333333333333)	(62.0, 1.0)	(63.0, 1.3333333333333333)	(64.0, 3.0)	(65.0, 1.6666666666666665)	(66.0, 3.0)	(67.0, 4.666666666666666)	(68.0, 6.666666666666664)	(69.0, 6.666666666666664)	(70.0, 14.333333333333341)	(71.0, 15.000000000000009)	(72.0, 16.333333333333343)	(73.0, 20.33333333333333)	(74.0, 24.99999999999998)	(75.0, 41.33333333333335)	(76.0, 43.00000000000003)	(77.0, 39.333333333333336)	(78.0, 26.333333333333307)	(79.0, 23.66666666666665)	(80.0, 25.33333333333331)	(81.0, 52.00000000000009)	(82.0, 66.6666666666668)	(83.0, 58.33333333333347)	(84.0, 33.999999999999964)	(85.0, 6.333333333333331)	(86.0, 0.3333333333333333)	(87.0, 0.0)	(88.0, 0.0)	(89.0, 0.0)	(90.0, 0.0)	(91.0, 0.0)	(92.0, 0.0)	(93.0, 1.0)	(94.0, 4.0)	(95.0, 4.0)	(96.0, 2.6666666666666665)	(97.0, 1.3333333333333333)	(98.0, 1.0)	(99.0, 0.0)	(100.0, 0.0)
062024-BEL-CBC-T4-1470-PSTR_S11_R1_16S	(0.0, 0.0)	(1.0, 0.0)	(2.0, 0.0)	(3.0, 0.0)	(4.0, 0.0)	(5.0, 0.0)	(6.0, 0.0)	(7.0, 0.0)	(8.0, 0.0)	(9.0, 0.0)	(10.0, 0.0)	(11.0, 0.0)	(12.0, 0.0)	(13.0, 0.0)	(14.0, 0.0)	(15.0, 0.0)	(16.0, 0.0)	(17.0, 0.0)	(18.0, 0.0)	(19.0, 0.0)	(20.0, 0.0)	(21.0, 0.0)	(22.0, 0.0)	(23.0, 0.0)	(24.0, 0.0)	(25.0, 0.0)	(26.0, 0.0)	(27.0, 0.3333333333333333)	(28.0, 14.666666666666675)	(29.0, 149.3333333333332)	(30.0, 21339.99999999389)	(31.0, 90503.9999998274)	(32.0, 34465.99999996467)	(33.0, 1114.6666666666924)	(34.0, 402.3333333333279)	(35.0, 208.66666666666822)	(36.0, 125.33333333333263)	(37.0, 76.66666666666666)	(38.0, 67.33333333333346)	(39.0, 110.33333333333285)	(40.0, 442.99999999999227)	(41.0, 9075.999999998627)	(42.0, 5814.333333332515)	(43.0, 3114.0000000002983)	(44.0, 1787.9999999998727)	(45.0, 123.66666666666599)	(46.0, 148.99999999999986)	(47.0, 201.66666666666802)	(48.0, 148.33333333333317)	(49.0, 279.0000000000016)	(50.0, 582.9999999999964)	(51.0, 1615.6666666665785)	(52.0, 2493.3333333333494)	(53.0, 690.0000000000085)	(54.0, 872.3333333333626)	(55.0, 746.0000000000149)	(56.0, 350.33333333333087)	(57.0, 252.33333333333613)	(58.0, 131.3333333333327)	(59.0, 102.33333333333296)	(60.0, 100.66666666666632)	(61.0, 55.000000000000114)	(62.0, 10.0)	(63.0, 3.666666666666667)	(64.0, 4.999999999999999)	(65.0, 6.333333333333331)	(66.0, 12.666666666666671)	(67.0, 19.333333333333332)	(68.0, 28.3333333333333)	(69.0, 31.33333333333329)	(70.0, 38.33333333333333)	(71.0, 62.00000000000016)	(72.0, 148.66666666666652)	(73.0, 395.99999999999494)	(74.0, 693.3333333333422)	(75.0, 459.9999999999913)	(76.0, 124.9999999999993)	(77.0, 22.33333333333332)	(78.0, 13.000000000000005)	(79.0, 16.666666666666675)	(80.0, 27.333333333333304)	(81.0, 43.6666666666667)	(82.0, 60.66666666666682)	(83.0, 107.33333333333289)	(84.0, 513.3333333333218)	(85.0, 2086.9999999998313)	(86.0, 807.3333333333552)	(87.0, 3.0)	(88.0, 0.3333333333333333)	(89.0, 0.0)	(90.0, 0.0)	(91.0, 0.0)	(92.0, 0.0)	(93.0, 0.3333333333333333)	(94.0, 1.3333333333333333)	(95.0, 3.3333333333333335)	(96.0, 1.6666666666666665)	(97.0, 0.6666666666666666)	(98.0, 0.6666666666666666)	(99.0, 0.0)	(100.0, 0.0)
082024-BEL-CBC-T1-1480-SSID_S70_R1_16S	(0.0, 0.0)	(1.0, 0.0)	(2.0, 0.0)	(3.0, 0.0)	(4.0, 0.0)	(5.0, 0.0)	(6.0, 0.0)	(7.0, 0.0)	(8.0, 0.0)	(9.0, 0.0)	(10.0, 0.0)	(11.0, 0.0)	(12.0, 0.0)	(13.0, 0.0)	(14.0, 0.0)	(15.0, 0.0)	(16.0, 0.0)	(17.0, 0.0)	(18.0, 0.0)	(19.0, 0.0)	(20.0, 0.0)	(21.0, 0.0)	(22.0, 0.0)	(23.0, 0.0)	(24.0, 0.0)	(25.0, 0.0)	(26.0, 0.3333333333333333)	(27.0, 0.0)	(28.0, 65.66666666666681)	(29.0, 763.3333333333502)	(30.0, 1249.6666666666617)	(31.0, 598.6666666666648)	(32.0, 120.99999999999936)	(33.0, 53.333333333333435)	(34.0, 42.00000000000002)	(35.0, 47.66666666666673)	(36.0, 93.66666666666642)	(37.0, 452.6666666666584)	(38.0, 19866.333333332583)	(39.0, 43795.33333336588)	(40.0, 16246.333333345003)	(41.0, 1776.666666666542)	(42.0, 1757.9999999998795)	(43.0, 2351.999999999952)	(44.0, 1650.9999999999038)	(45.0, 1898.6666666665142)	(46.0, 3209.333333333675)	(47.0, 3586.66666666718)	(48.0, 3148.3333333336473)	(49.0, 2663.66666666676)	(50.0, 2953.666666666892)	(51.0, 4776.000000000126)	(52.0, 7180.999999997939)	(53.0, 9568.333333332856)	(54.0, 11686.333333336708)	(55.0, 8169.99999999704)	(56.0, 5028.33333333323)	(57.0, 3767.3333333339287)	(58.0, 2795.66666666682)	(59.0, 1505.9999999999368)	(60.0, 560.9999999999939)	(61.0, 218.6666666666685)	(62.0, 63.66666666666684)	(63.0, 13.000000000000005)	(64.0, 6.333333333333331)	(65.0, 5.333333333333332)	(66.0, 3.666666666666667)	(67.0, 5.999999999999998)	(68.0, 10.0)	(69.0, 7.9999999999999964)	(70.0, 7.33333333333333)	(71.0, 11.333333333333336)	(72.0, 15.333333333333343)	(73.0, 21.333333333333325)	(74.0, 25.33333333333331)	(75.0, 24.666666666666647)	(76.0, 19.999999999999996)	(77.0, 31.66666666666662)	(78.0, 41.000000000000014)	(79.0, 52.666666666666764)	(80.0, 88.33333333333316)	(81.0, 181.3333333333341)	(82.0, 412.999999999994)	(83.0, 580.6666666666628)	(84.0, 387.9999999999954)	(85.0, 92.99999999999976)	(86.0, 6.999999999999997)	(87.0, 1.6666666666666665)	(88.0, 0.6666666666666666)	(89.0, 1.0)	(90.0, 1.0)	(91.0, 0.3333333333333333)	(92.0, 0.0)	(93.0, 0.3333333333333333)	(94.0, 1.6666666666666665)	(95.0, 1.0)	(96.0, 0.6666666666666666)	(97.0, 1.0)	(98.0, 0.6666666666666666)	(99.0, 1.6666666666666665)	(100.0, 0.5)
082024-BEL-CBC-T1-1483-MCAV_S91_R1_16S	(0.0, 0.0)	(1.0, 0.0)	(2.0, 0.0)	(3.0, 0.0)	(4.0, 0.0)	(5.0, 0.0)	(6.0, 0.0)	(7.0, 0.0)	(8.0, 0.0)	(9.0, 0.0)	(10.0, 0.0)	(11.0, 0.0)	(12.0, 0.0)	(13.0, 0.0)	(14.0, 0.0)	(15.0, 0.0)	(16.0, 0.0)	(17.0, 0.0)	(18.0, 0.0)	(19.0, 0.0)	(20.0, 0.0)	(21.0, 0.0)	(22.0, 0.0)	(23.0, 0.0)	(24.0, 0.0)	(25.0, 0.3333333333333333)	(26.0, 0.6666666666666666)	(27.0, 15.333333333333343)	(28.0, 5100.999999999831)	(29.0, 43382.00000002954)	(30.0, 44158.33333336852)	(31.0, 7877.666666663972)	(32.0, 573.9999999999953)	(33.0, 253.6666666666695)	(34.0, 130.666666666666)	(35.0, 77.66666666666664)	(36.0, 53.0000000000001)	(37.0, 48.3333333333334)	(38.0, 43.6666666666667)	(39.0, 45.666666666666714)	(40.0, 60.00000000000015)	(41.0, 143.66666666666637)	(42.0, 1612.9999999999125)	(43.0, 6427.666666665291)	(44.0, 6171.333333332191)	(45.0, 1522.999999999933)	(46.0, 243.00000000000253)	(47.0, 693.0000000000089)	(48.0, 658.0000000000049)	(49.0, 151.99999999999994)	(50.0, 149.3333333333332)	(51.0, 1724.999999999887)	(52.0, 3549.000000000496)	(53.0, 1508.3333333332696)	(54.0, 314.66666666666623)	(55.0, 202.00000000000136)	(56.0, 212.66666666666833)	(57.0, 193.6666666666678)	(58.0, 111.66666666666616)	(59.0, 58.000000000000135)	(60.0, 30.999999999999957)	(61.0, 18.000000000000004)	(62.0, 6.999999999999997)	(63.0, 4.0)	(64.0, 0.6666666666666666)	(65.0, 1.9999999999999998)	(66.0, 0.0)	(67.0, 0.6666666666666666)	(68.0, 1.6666666666666665)	(69.0, 1.0)	(70.0, 1.0)	(71.0, 4.666666666666666)	(72.0, 9.333333333333332)	(73.0, 10.0)	(74.0, 6.666666666666664)	(75.0, 7.666666666666663)	(76.0, 13.33333333333334)	(77.0, 27.666666666666636)	(78.0, 40.66666666666668)	(79.0, 24.333333333333314)	(80.0, 9.333333333333332)	(81.0, 3.666666666666667)	(82.0, 4.333333333333333)	(83.0, 5.333333333333332)	(84.0, 4.0)	(85.0, 3.3333333333333335)	(86.0, 0.3333333333333333)	(87.0, 0.3333333333333333)	(88.0, 0.3333333333333333)	(89.0, 1.9999999999999998)	(90.0, 1.9999999999999998)	(91.0, 0.3333333333333333)	(92.0, 0.3333333333333333)	(93.0, 0.6666666666666666)	(94.0, 0.6666666666666666)	(95.0, 0.6666666666666666)	(96.0, 1.3333333333333333)	(97.0, 0.3333333333333333)	(98.0, 0.3333333333333333)	(99.0, 0.0)	(100.0, 0.0)
082024-BEL-CBC-T2-1507-OFAV_S28_R1_16S	(0.0, 0.0)	(1.0, 0.0)	(2.0, 0.0)	(3.0, 0.0)	(4.0, 0.0)	(5.0, 0.0)	(6.0, 0.0)	(7.0, 0.0)	(8.0, 0.0)	(9.0, 0.0)	(10.0, 0.0)	(11.0, 0.0)	(12.0, 0.0)	(13.0, 0.0)	(14.0, 0.0)	(15.0, 0.0)	(16.0, 0.0)	(17.0, 0.0)	(18.0, 0.0)	(19.0, 0.0)	(20.0, 0.0)	(21.0, 0.0)	(22.0, 0.0)	(23.0, 1.6666666666666665)	(24.0, 3.0)	(25.0, 7.33333333333333)	(26.0, 17.33333333333334)	(27.0, 32.66666666666662)	(28.0, 125.66666666666596)	(29.0, 1015.3333333333788)	(30.0, 167554.6666669655)	(31.0, 339567.99999854504)	(32.0, 39098.99999999838)	(33.0, 3351.000000000406)	(34.0, 1325.9999999999777)	(35.0, 628.6666666666682)	(36.0, 357.6666666666638)	(37.0, 236.33333333333567)	(38.0, 185.66666666666757)	(39.0, 338.66666666666487)	(40.0, 288.3333333333344)	(41.0, 977.6666666667079)	(42.0, 1842.9999999998602)	(43.0, 2022.3333333331527)	(44.0, 1271.99999999999)	(45.0, 540.6666666666582)	(46.0, 1131.6666666666886)	(47.0, 5913.666666665758)	(48.0, 8637.99999999783)	(49.0, 6720.333333331691)	(50.0, 3536.00000000049)	(51.0, 3438.333333333779)	(52.0, 2915.3333333335413)	(53.0, 1153.000000000017)	(54.0, 2097.9999999998363)	(55.0, 1989.6666666664935)	(56.0, 1114.000000000026)	(57.0, 525.3333333333231)	(58.0, 201.66666666666802)	(59.0, 117.66666666666607)	(60.0, 79.33333333333329)	(61.0, 53.0000000000001)	(62.0, 23.66666666666665)	(63.0, 16.666666666666675)	(64.0, 22.999999999999986)	(65.0, 38.666666666666664)	(66.0, 64.3333333333335)	(67.0, 86.99999999999984)	(68.0, 65.66666666666681)	(69.0, 37.99999999999999)	(70.0, 45.666666666666714)	(71.0, 73.00000000000004)	(72.0, 142.9999999999997)	(73.0, 340.66666666666475)	(74.0, 536.6666666666578)	(75.0, 362.3333333333302)	(76.0, 88.33333333333316)	(77.0, 13.000000000000005)	(78.0, 12.333333333333337)	(79.0, 19.333333333333332)	(80.0, 26.66666666666664)	(81.0, 39.0)	(82.0, 60.333333333333485)	(83.0, 113.3333333333328)	(84.0, 430.99999999999295)	(85.0, 1247.333333333329)	(86.0, 480.6666666666568)	(87.0, 1.3333333333333333)	(88.0, 0.0)	(89.0, 0.0)	(90.0, 0.0)	(91.0, 0.0)	(92.0, 0.0)	(93.0, 0.6666666666666666)	(94.0, 4.333333333333333)	(95.0, 6.333333333333331)	(96.0, 4.999999999999999)	(97.0, 3.666666666666667)	(98.0, 1.3333333333333333)	(99.0, 0.3333333333333333)	(100.0, 0.0)
082024-BEL-CBC-T2-1509-SSID_S48_R1_16S	(0.0, 0.0)	(1.0, 0.0)	(2.0, 0.0)	(3.0, 0.0)	(4.0, 0.0)	(5.0, 0.0)	(6.0, 0.0)	(7.0, 0.0)	(8.0, 0.0)	(9.0, 0.0)	(10.0, 0.0)	(11.0, 0.0)	(12.0, 0.0)	(13.0, 0.0)	(14.0, 0.0)	(15.0, 0.0)	(16.0, 0.0)	(17.0, 0.0)	(18.0, 0.0)	(19.0, 0.0)	(20.0, 0.0)	(21.0, 0.0)	(22.0, 0.0)	(23.0, 0.3333333333333333)	(24.0, 0.3333333333333333)	(25.0, 0.0)	(26.0, 0.3333333333333333)	(27.0, 1.6666666666666665)	(28.0, 40.66666666666668)	(29.0, 847.3333333333597)	(30.0, 1927.3333333331743)	(31.0, 976.6666666667078)	(32.0, 161.66666666666688)	(33.0, 109.99999999999952)	(34.0, 140.33333333333294)	(35.0, 189.66666666666768)	(36.0, 221.33333333333525)	(37.0, 335.99999999999835)	(38.0, 27271.999999972308)	(39.0, 119738.33333273532)	(40.0, 63393.00000017514)	(41.0, 4977.999999999943)	(42.0, 1190.333333333342)	(43.0, 2946.3333333335554)	(44.0, 4330.666666667198)	(45.0, 4085.3333333340734)	(46.0, 5922.333333332417)	(47.0, 6147.999999998879)	(48.0, 4100.000000000741)	(49.0, 3954.6666666673473)	(50.0, 5886.999999999116)	(51.0, 9625.999999999627)	(52.0, 12067.000000004067)	(53.0, 14345.666666674879)	(54.0, 14129.666666674486)	(55.0, 10860.66666666854)	(56.0, 9259.999999998961)	(57.0, 7643.999999997518)	(58.0, 4840.000000000068)	(59.0, 2383.3333333332994)	(60.0, 1157.3333333333494)	(61.0, 459.666666666658)	(62.0, 124.66666666666598)	(63.0, 37.33333333333332)	(64.0, 21.333333333333325)	(65.0, 19.999999999999996)	(66.0, 28.3333333333333)	(67.0, 29.99999999999996)	(68.0, 33.33333333333329)	(69.0, 45.666666666666714)	(70.0, 58.33333333333347)	(71.0, 64.3333333333335)	(72.0, 88.33333333333316)	(73.0, 126.33333333333262)	(74.0, 147.33333333333314)	(75.0, 195.00000000000117)	(76.0, 246.00000000000261)	(77.0, 239.33333333333576)	(78.0, 206.66666666666816)	(79.0, 218.6666666666685)	(80.0, 338.9999999999982)	(81.0, 630.0000000000017)	(82.0, 978.3333333333746)	(83.0, 1023.6666666667131)	(84.0, 487.6666666666564)	(85.0, 76.0)	(86.0, 4.999999999999999)	(87.0, 0.6666666666666666)	(88.0, 0.6666666666666666)	(89.0, 0.3333333333333333)	(90.0, 0.0)	(91.0, 0.0)	(92.0, 0.0)	(93.0, 0.3333333333333333)	(94.0, 2.333333333333333)	(95.0, 3.666666666666667)	(96.0, 1.9999999999999998)	(97.0, 0.6666666666666666)	(98.0, 1.0)	(99.0, 0.6666666666666666)	(100.0, 0.0)
082024-BEL-CBC-T2-1516-OFAV_S41_R1_16S	(0.0, 0.0)	(1.0, 0.0)	(2.0, 0.0)	(3.0, 0.0)	(4.0, 0.0)	(5.0, 0.0)	(6.0, 0.0)	(7.0, 0.0)	(8.0, 0.0)	(9.0, 0.0)	(10.0, 0.0)	(11.0, 0.0)	(12.0, 0.0)	(13.0, 0.0)	(14.0, 0.0)	(15.0, 0.0)	(16.0, 0.0)	(17.0, 0.0)	(18.0, 0.0)	(19.0, 0.0)	(20.0, 0.0)	(21.0, 0.0)	(22.0, 0.3333333333333333)	(23.0, 0.6666666666666666)	(24.0, 3.3333333333333335)	(25.0, 4.999999999999999)	(26.0, 10.0)	(27.0, 26.333333333333307)	(28.0, 134.99999999999946)	(29.0, 19226.00000000158)	(30.0, 99886.66666635753)	(31.0, 59561.00000014726)	(32.0, 4917.666666666664)	(33.0, 757.3333333333495)	(34.0, 363.33333333333013)	(35.0, 217.66666666666848)	(36.0, 139.66666666666626)	(37.0, 81.33333333333326)	(38.0, 116.99999999999942)	(39.0, 286.0000000000012)	(40.0, 181.00000000000077)	(41.0, 47.66666666666673)	(42.0, 42.66666666666669)	(43.0, 108.6666666666662)	(44.0, 210.66666666666828)	(45.0, 137.99999999999955)	(46.0, 160.3333333333335)	(47.0, 543.9999999999919)	(48.0, 918.3333333333678)	(49.0, 973.3333333333741)	(50.0, 292.33333333333417)	(51.0, 156.00000000000006)	(52.0, 163.66666666666694)	(53.0, 130.33333333333266)	(54.0, 167.3333333333337)	(55.0, 208.00000000000153)	(56.0, 66.00000000000014)	(57.0, 26.66666666666664)	(58.0, 22.666666666666654)	(59.0, 16.666666666666675)	(60.0, 9.666666666666666)	(61.0, 7.666666666666663)	(62.0, 8.33333333333333)	(63.0, 11.000000000000002)	(64.0, 12.666666666666671)	(65.0, 13.000000000000005)	(66.0, 14.000000000000007)	(67.0, 12.000000000000004)	(68.0, 6.666666666666664)	(69.0, 4.0)	(70.0, 4.333333333333333)	(71.0, 12.333333333333337)	(72.0, 12.333333333333337)	(73.0, 17.66666666666667)	(74.0, 21.99999999999999)	(75.0, 32.66666666666662)	(76.0, 25.33333333333331)	(77.0, 13.000000000000005)	(78.0, 7.9999999999999964)	(79.0, 7.33333333333333)	(80.0, 13.666666666666673)	(81.0, 13.33333333333334)	(82.0, 21.99999999999999)	(83.0, 27.333333333333304)	(84.0, 16.333333333333343)	(85.0, 3.0)	(86.0, 0.6666666666666666)	(87.0, 0.0)	(88.0, 0.0)	(89.0, 0.0)	(90.0, 0.0)	(91.0, 0.0)	(92.0, 0.3333333333333333)	(93.0, 0.0)	(94.0, 1.3333333333333333)	(95.0, 3.0)	(96.0, 1.9999999999999998)	(97.0, 0.3333333333333333)	(98.0, 0.3333333333333333)	(99.0, 0.3333333333333333)	(100.0, 0.0)
082024-BEL-CBC-T3-1555-SSID_S65_R1_16S	(0.0, 0.0)	(1.0, 0.0)	(2.0, 0.0)	(3.0, 0.0)	(4.0, 0.0)	(5.0, 0.0)	(6.0, 0.0)	(7.0, 0.0)	(8.0, 0.0)	(9.0, 0.0)	(10.0, 0.0)	(11.0, 0.0)	(12.0, 0.0)	(13.0, 0.0)	(14.0, 0.0)	(15.0, 0.0)	(16.0, 0.0)	(17.0, 0.0)	(18.0, 0.0)	(19.0, 0.0)	(20.0, 0.0)	(21.0, 0.0)	(22.0, 0.0)	(23.0, 0.3333333333333333)	(24.0, 0.0)	(25.0, 0.6666666666666666)	(26.0, 0.6666666666666666)	(27.0, 1.6666666666666665)	(28.0, 61.66666666666683)	(29.0, 952.3333333333717)	(30.0, 1598.9999999999156)	(31.0, 633.000000000002)	(32.0, 101.6666666666663)	(33.0, 52.33333333333343)	(34.0, 47.00000000000006)	(35.0, 40.00000000000001)	(36.0, 47.66666666666673)	(37.0, 534.3333333333242)	(38.0, 18512.66666667084)	(39.0, 39028.3333333312)	(40.0, 14211.000000007967)	(41.0, 1126.6666666666897)	(42.0, 594.9999999999977)	(43.0, 1081.3333333333667)	(44.0, 991.0000000000427)	(45.0, 1584.6666666665856)	(46.0, 5358.33333333293)	(47.0, 4872.000000000039)	(48.0, 1691.333333333228)	(49.0, 1053.0000000000398)	(50.0, 1301.66666666665)	(51.0, 1440.6666666666183)	(52.0, 1694.3333333332273)	(53.0, 2260.9999999999104)	(54.0, 2745.6666666667975)	(55.0, 2377.9999999999636)	(56.0, 1626.9999999999093)	(57.0, 1204.666666666672)	(58.0, 818.0000000000231)	(59.0, 428.66666666665975)	(60.0, 217.33333333333513)	(61.0, 105.99999999999957)	(62.0, 47.33333333333339)	(63.0, 25.666666666666643)	(64.0, 28.666666666666632)	(65.0, 37.66666666666666)	(66.0, 39.66666666666667)	(67.0, 47.00000000000006)	(68.0, 43.333333333333364)	(69.0, 33.66666666666663)	(70.0, 30.999999999999957)	(71.0, 38.33333333333333)	(72.0, 40.33333333333334)	(73.0, 49.33333333333341)	(74.0, 66.33333333333347)	(75.0, 95.66666666666639)	(76.0, 128.66666666666595)	(77.0, 179.0000000000007)	(78.0, 229.33333333333547)	(79.0, 349.3333333333309)	(80.0, 690.6666666666753)	(81.0, 1540.3333333332623)	(82.0, 3088.0000000002865)	(83.0, 3648.3333333338746)	(84.0, 1963.9999999998327)	(85.0, 400.99999999999466)	(86.0, 22.666666666666654)	(87.0, 1.3333333333333333)	(88.0, 1.3333333333333333)	(89.0, 3.0)	(90.0, 3.0)	(91.0, 0.0)	(92.0, 0.3333333333333333)	(93.0, 0.3333333333333333)	(94.0, 0.0)	(95.0, 1.0)	(96.0, 1.0)	(97.0, 1.3333333333333333)	(98.0, 1.0)	(99.0, 0.0)	(100.0, 0.5)
082024-BEL-CBC-T3-1563-SSID_S8_R1_16S	(0.0, 0.0)	(1.0, 0.0)	(2.0, 0.0)	(3.0, 0.0)	(4.0, 0.0)	(5.0, 0.0)	(6.0, 0.0)	(7.0, 0.0)	(8.0, 0.0)	(9.0, 0.0)	(10.0, 0.0)	(11.0, 0.0)	(12.0, 0.0)	(13.0, 0.0)	(14.0, 0.0)	(15.0, 0.0)	(16.0, 0.0)	(17.0, 0.0)	(18.0, 0.0)	(19.0, 0.0)	(20.0, 0.0)	(21.0, 0.0)	(22.0, 0.0)	(23.0, 0.0)	(24.0, 0.0)	(25.0, 0.0)	(26.0, 0.3333333333333333)	(27.0, 1.3333333333333333)	(28.0, 27.333333333333304)	(29.0, 541.6666666666583)	(30.0, 1536.3333333332632)	(31.0, 1455.666666666615)	(32.0, 292.6666666666675)	(33.0, 51.33333333333342)	(34.0, 28.3333333333333)	(35.0, 24.99999999999998)	(36.0, 28.3333333333333)	(37.0, 53.333333333333435)	(38.0, 4232.333333333954)	(39.0, 81816.33333328716)	(40.0, 42765.66666669172)	(41.0, 2035.3333333331498)	(42.0, 7620.666666664206)	(43.0, 45191.666666709374)	(44.0, 27400.99999997184)	(45.0, 9422.666666665924)	(46.0, 13567.33333334013)	(47.0, 6531.999999998529)	(48.0, 4689.333333333539)	(49.0, 6924.999999998172)	(50.0, 4428.333333333776)	(51.0, 6862.333333331562)	(52.0, 79924.66666664802)	(53.0, 48064.33333339694)	(54.0, 8351.99999999731)	(55.0, 4903.333333333344)	(56.0, 3723.666666667242)	(57.0, 2321.333333333271)	(58.0, 1256.333333333327)	(59.0, 808.0000000000219)	(60.0, 342.3333333333313)	(61.0, 123.33333333333266)	(62.0, 35.33333333333331)	(63.0, 10.0)	(64.0, 9.666666666666666)	(65.0, 17.33333333333334)	(66.0, 25.999999999999975)	(67.0, 34.99999999999997)	(68.0, 43.00000000000003)	(69.0, 51.33333333333342)	(70.0, 43.6666666666667)	(71.0, 50.333333333333414)	(72.0, 112.66666666666615)	(73.0, 235.33333333333564)	(74.0, 355.3333333333306)	(75.0, 232.00000000000222)	(76.0, 89.33333333333314)	(77.0, 84.33333333333321)	(78.0, 200.666666666668)	(79.0, 199.33333333333462)	(80.0, 144.33333333333306)	(81.0, 170.66666666666714)	(82.0, 268.33333333333553)	(83.0, 506.6666666666553)	(84.0, 2136.6666666665205)	(85.0, 5879.666666665789)	(86.0, 1851.3333333331916)	(87.0, 3.3333333333333335)	(88.0, 1.3333333333333333)	(89.0, 0.0)	(90.0, 0.0)	(91.0, 0.0)	(92.0, 0.0)	(93.0, 0.3333333333333333)	(94.0, 1.0)	(95.0, 1.3333333333333333)	(96.0, 2.333333333333333)	(97.0, 2.6666666666666665)	(98.0, 1.3333333333333333)	(99.0, 0.3333333333333333)	(100.0, 0.0)
082024-BEL-CBC-T4-1605-MCAV_S42_R1_16S	(0.0, 0.0)	(1.0, 0.0)	(2.0, 0.0)	(3.0, 0.0)	(4.0, 0.0)	(5.0, 0.0)	(6.0, 0.0)	(7.0, 0.0)	(8.0, 0.0)	(9.0, 0.0)	(10.0, 0.0)	(11.0, 0.0)	(12.0, 0.0)	(13.0, 0.0)	(14.0, 0.0)	(15.0, 0.0)	(16.0, 0.0)	(17.0, 0.0)	(18.0, 0.0)	(19.0, 0.0)	(20.0, 0.0)	(21.0, 0.0)	(22.0, 0.0)	(23.0, 0.0)	(24.0, 0.0)	(25.0, 0.0)	(26.0, 1.0)	(27.0, 15.666666666666677)	(28.0, 1301.3333333333167)	(29.0, 63314.666666841236)	(30.0, 94943.66666642946)	(31.0, 20058.99999999855)	(32.0, 1358.3333333333037)	(33.0, 548.3333333333258)	(34.0, 299.00000000000045)	(35.0, 212.66666666666833)	(36.0, 121.99999999999935)	(37.0, 83.33333333333323)	(38.0, 130.99999999999935)	(39.0, 376.3333333333294)	(40.0, 237.00000000000236)	(41.0, 226.3333333333354)	(42.0, 1334.3333333333092)	(43.0, 2919.0000000002096)	(44.0, 2440.9999999999923)	(45.0, 669.6666666666729)	(46.0, 789.6666666666865)	(47.0, 908.3333333333667)	(48.0, 564.3333333333276)	(49.0, 300.666666666667)	(50.0, 334.9999999999984)	(51.0, 956.0000000000388)	(52.0, 1267.3333333333244)	(53.0, 1535.6666666665967)	(54.0, 2447.666666666662)	(55.0, 1330.9999999999766)	(56.0, 403.9999999999945)	(57.0, 143.33333333333303)	(58.0, 80.6666666666666)	(59.0, 43.6666666666667)	(60.0, 25.33333333333331)	(61.0, 8.33333333333333)	(62.0, 4.0)	(63.0, 0.6666666666666666)	(64.0, 0.6666666666666666)	(65.0, 1.6666666666666665)	(66.0, 2.6666666666666665)	(67.0, 3.0)	(68.0, 3.666666666666667)	(69.0, 7.666666666666663)	(70.0, 10.0)	(71.0, 13.666666666666673)	(72.0, 13.33333333333334)	(73.0, 8.33333333333333)	(74.0, 12.000000000000004)	(75.0, 20.33333333333333)	(76.0, 25.33333333333331)	(77.0, 19.666666666666664)	(78.0, 13.000000000000005)	(79.0, 7.666666666666663)	(80.0, 5.333333333333332)	(81.0, 13.666666666666673)	(82.0, 20.999999999999993)	(83.0, 19.0)	(84.0, 5.999999999999998)	(85.0, 1.9999999999999998)	(86.0, 0.0)	(87.0, 0.0)	(88.0, 0.0)	(89.0, 0.0)	(90.0, 0.0)	(91.0, 0.0)	(92.0, 0.0)	(93.0, 0.3333333333333333)	(94.0, 0.3333333333333333)	(95.0, 1.0)	(96.0, 1.0)	(97.0, 1.3333333333333333)	(98.0, 0.3333333333333333)	(99.0, 0.0)	(100.0, 0.0)
082024-BEL-CBC-T4-1610-MCAV_S72_R1_16S	(0.0, 0.0)	(1.0, 0.0)	(2.0, 0.0)	(3.0, 0.0)	(4.0, 0.0)	(5.0, 0.0)	(6.0, 0.0)	(7.0, 0.0)	(8.0, 0.0)	(9.0, 0.0)	(10.0, 0.0)	(11.0, 0.0)	(12.0, 0.0)	(13.0, 0.0)	(14.0, 0.0)	(15.0, 0.0)	(16.0, 0.0)	(17.0, 0.0)	(18.0, 0.0)	(19.0, 0.0)	(20.0, 0.0)	(21.0, 0.0)	(22.0, 0.0)	(23.0, 0.0)	(24.0, 0.3333333333333333)	(25.0, 1.3333333333333333)	(26.0, 4.0)	(27.0, 76.0)	(28.0, 32986.333333287235)	(29.0, 287667.0000015661)	(30.0, 286525.00000163255)	(31.0, 47667.00000006072)	(32.0, 3200.333333333671)	(33.0, 1409.9999999999586)	(34.0, 772.6666666666846)	(35.0, 462.6666666666578)	(36.0, 281.0000000000015)	(37.0, 209.00000000000156)	(38.0, 260.333333333336)	(39.0, 424.33333333332666)	(40.0, 350.33333333333087)	(41.0, 987.666666666709)	(42.0, 2957.000000000227)	(43.0, 6129.999999998895)	(44.0, 5350.333333332937)	(45.0, 1338.9999999999748)	(46.0, 659.000000000005)	(47.0, 1326.333333333311)	(48.0, 1082.0000000000332)	(49.0, 645.3333333333368)	(50.0, 865.0000000000284)	(51.0, 3340.666666667068)	(52.0, 6736.999999998343)	(53.0, 3434.666666667111)	(54.0, 1434.6666666666197)	(55.0, 1217.0000000000025)	(56.0, 1122.3333333333574)	(57.0, 1061.6666666667045)	(58.0, 739.6666666666808)	(59.0, 416.99999999999375)	(60.0, 202.00000000000136)	(61.0, 91.33333333333312)	(62.0, 37.33333333333332)	(63.0, 13.33333333333334)	(64.0, 12.666666666666671)	(65.0, 8.33333333333333)	(66.0, 6.999999999999997)	(67.0, 6.999999999999997)	(68.0, 9.333333333333332)	(69.0, 14.333333333333341)	(70.0, 19.666666666666664)	(71.0, 35.66666666666664)	(72.0, 58.000000000000135)	(73.0, 45.00000000000004)	(74.0, 30.666666666666625)	(75.0, 30.999999999999957)	(76.0, 40.66666666666668)	(77.0, 58.666666666666806)	(78.0, 69.33333333333343)	(79.0, 59.00000000000014)	(80.0, 52.33333333333343)	(81.0, 86.33333333333319)	(82.0, 167.66666666666706)	(83.0, 261.0000000000026)	(84.0, 178.66666666666737)	(85.0, 45.33333333333338)	(86.0, 7.33333333333333)	(87.0, 2.333333333333333)	(88.0, 1.6666666666666665)	(89.0, 2.333333333333333)	(90.0, 2.333333333333333)	(91.0, 0.3333333333333333)	(92.0, 0.3333333333333333)	(93.0, 1.3333333333333333)	(94.0, 5.999999999999998)	(95.0, 6.333333333333331)	(96.0, 6.333333333333331)	(97.0, 5.666666666666665)	(98.0, 5.333333333333332)	(99.0, 4.0)	(100.0, 0.5)
092023-BEL-CBC-T1-172-PAST_S83_R1_16S	(0.0, 0.0)	(1.0, 0.0)	(2.0, 0.0)	(3.0, 0.0)	(4.0, 0.0)	(5.0, 0.0)	(6.0, 0.0)	(7.0, 0.0)	(8.0, 0.0)	(9.0, 0.0)	(10.0, 0.0)	(11.0, 0.0)	(12.0, 0.0)	(13.0, 0.0)	(14.0, 0.0)	(15.0, 0.0)	(16.0, 0.0)	(17.0, 0.0)	(18.0, 0.0)	(19.0, 0.0)	(20.0, 0.0)	(21.0, 0.0)	(22.0, 0.0)	(23.0, 1.3333333333333333)	(24.0, 5.666666666666665)	(25.0, 6.666666666666664)	(26.0, 110.66666666666617)	(27.0, 253.6666666666695)	(28.0, 152.3333333333333)	(29.0, 295.0000000000007)	(30.0, 747.000000000015)	(31.0, 537.3333333333245)	(32.0, 138.99999999999957)	(33.0, 80.33333333333327)	(34.0, 53.66666666666677)	(35.0, 37.66666666666666)	(36.0, 44.66666666666671)	(37.0, 70.00000000000009)	(38.0, 247.333333333336)	(39.0, 2771.6666666668093)	(40.0, 83254.33333326623)	(41.0, 186097.00000083848)	(42.0, 85477.99999990054)	(43.0, 53169.333333434086)	(44.0, 46274.33333338392)	(45.0, 21877.6666666586)	(46.0, 15709.333333344026)	(47.0, 10132.000000000548)	(48.0, 8408.333333330746)	(49.0, 7341.333333331127)	(50.0, 10076.000000000446)	(51.0, 17935.66666667294)	(52.0, 28587.666666634188)	(53.0, 36732.99999998116)	(54.0, 37165.33333331764)	(55.0, 26970.33333330674)	(56.0, 16931.666666676592)	(57.0, 11392.333333336173)	(58.0, 6242.666666665459)	(59.0, 2054.9999999998167)	(60.0, 619.0000000000005)	(61.0, 243.33333333333587)	(62.0, 95.99999999999972)	(63.0, 30.999999999999957)	(64.0, 13.666666666666673)	(65.0, 19.0)	(66.0, 23.999999999999982)	(67.0, 40.33333333333334)	(68.0, 38.666666666666664)	(69.0, 51.000000000000085)	(70.0, 64.66666666666683)	(71.0, 47.33333333333339)	(72.0, 21.666666666666657)	(73.0, 29.99999999999996)	(74.0, 68.00000000000011)	(75.0, 135.9999999999995)	(76.0, 194.33333333333448)	(77.0, 200.0000000000013)	(78.0, 197.6666666666679)	(79.0, 248.33333333333601)	(80.0, 439.99999999999244)	(81.0, 913.0000000000339)	(82.0, 1434.999999999953)	(83.0, 1339.333333333308)	(84.0, 610.3333333333328)	(85.0, 115.99999999999943)	(86.0, 8.666666666666664)	(87.0, 0.6666666666666666)	(88.0, 0.3333333333333333)	(89.0, 0.6666666666666666)	(90.0, 0.6666666666666666)	(91.0, 0.0)	(92.0, 0.3333333333333333)	(93.0, 0.3333333333333333)	(94.0, 3.666666666666667)	(95.0, 7.666666666666663)	(96.0, 7.33333333333333)	(97.0, 4.666666666666666)	(98.0, 4.0)	(99.0, 3.666666666666667)	(100.0, 2.0)
092023-BEL-CBC-T1-178-OANN_S87_R1_16S	(0.0, 0.0)	(1.0, 0.0)	(2.0, 0.0)	(3.0, 0.0)	(4.0, 0.0)	(5.0, 0.3333333333333333)	(6.0, 0.3333333333333333)	(7.0, 0.0)	(8.0, 0.0)	(9.0, 0.0)	(10.0, 0.0)	(11.0, 0.0)	(12.0, 0.0)	(13.0, 0.0)	(14.0, 0.0)	(15.0, 0.0)	(16.0, 0.0)	(17.0, 0.0)	(18.0, 0.0)	(19.0, 0.0)	(20.0, 0.0)	(21.0, 0.0)	(22.0, 0.0)	(23.0, 0.0)	(24.0, 0.0)	(25.0, 0.0)	(26.0, 1.3333333333333333)	(27.0, 2.6666666666666665)	(28.0, 43.333333333333364)	(29.0, 2125.999999999849)	(30.0, 5577.999999999397)	(31.0, 2746.000000000131)	(32.0, 315.6666666666662)	(33.0, 64.00000000000017)	(34.0, 30.999999999999957)	(35.0, 18.333333333333336)	(36.0, 11.66666666666667)	(37.0, 14.000000000000007)	(38.0, 313.6666666666663)	(39.0, 1540.6666666665956)	(40.0, 9535.333333332796)	(41.0, 20125.999999998305)	(42.0, 8443.666666664143)	(43.0, 1027.6666666667122)	(44.0, 569.3333333333281)	(45.0, 393.3333333333284)	(46.0, 570.6666666666616)	(47.0, 1232.3333333333323)	(48.0, 2006.6666666664896)	(49.0, 3076.666666666948)	(50.0, 5260.333333333019)	(51.0, 11830.000000003636)	(52.0, 20811.333333329145)	(53.0, 34118.66666662881)	(54.0, 45243.00000004308)	(55.0, 56902.00000012791)	(56.0, 71192.33333344175)	(57.0, 66097.66666684923)	(58.0, 54069.0000001073)	(59.0, 56913.33333346133)	(60.0, 58277.33333347125)	(61.0, 29232.999999965174)	(62.0, 11939.333333337168)	(63.0, 4712.333333333518)	(64.0, 1264.333333333325)	(65.0, 470.33333333332405)	(66.0, 296.0000000000006)	(67.0, 128.9999999999993)	(68.0, 43.00000000000003)	(69.0, 23.66666666666665)	(70.0, 17.000000000000007)	(71.0, 17.33333333333334)	(72.0, 24.99999999999998)	(73.0, 35.66666666666664)	(74.0, 38.33333333333333)	(75.0, 39.333333333333336)	(76.0, 42.00000000000002)	(77.0, 44.33333333333337)	(78.0, 35.33333333333331)	(79.0, 30.999999999999957)	(80.0, 21.99999999999999)	(81.0, 18.000000000000004)	(82.0, 27.999999999999968)	(83.0, 34.3333333333333)	(84.0, 25.666666666666643)	(85.0, 7.9999999999999964)	(86.0, 1.6666666666666665)	(87.0, 0.3333333333333333)	(88.0, 0.3333333333333333)	(89.0, 1.0)	(90.0, 1.3333333333333333)	(91.0, 0.6666666666666666)	(92.0, 0.6666666666666666)	(93.0, 1.0)	(94.0, 3.0)	(95.0, 4.333333333333333)	(96.0, 3.666666666666667)	(97.0, 3.3333333333333335)	(98.0, 1.6666666666666665)	(99.0, 0.6666666666666666)	(100.0, 0.0)
092023-BEL-CBC-T2-171-OFAV_S66_R1_16S	(0.0, 0.0)	(1.0, 0.0)	(2.0, 0.0)	(3.0, 0.0)	(4.0, 0.0)	(5.0, 0.0)	(6.0, 0.0)	(7.0, 0.0)	(8.0, 0.0)	(9.0, 0.0)	(10.0, 0.0)	(11.0, 0.0)	(12.0, 0.0)	(13.0, 0.0)	(14.0, 0.0)	(15.0, 0.0)	(16.0, 0.0)	(17.0, 0.0)	(18.0, 0.0)	(19.0, 0.0)	(20.0, 0.0)	(21.0, 0.0)	(22.0, 1.0)	(23.0, 1.6666666666666665)	(24.0, 7.666666666666663)	(25.0, 15.000000000000009)	(26.0, 30.999999999999957)	(27.0, 100.66666666666632)	(28.0, 949.3333333333713)	(29.0, 48595.333333400806)	(30.0, 113441.99999949361)	(31.0, 46114.00000004942)	(32.0, 3604.666666667188)	(33.0, 679.3333333333406)	(34.0, 357.3333333333305)	(35.0, 215.66666666666842)	(36.0, 134.66666666666612)	(37.0, 96.33333333333304)	(38.0, 112.66666666666615)	(39.0, 192.33333333333442)	(40.0, 278.6666666666683)	(41.0, 4322.666666667205)	(42.0, 10415.333333334396)	(43.0, 9634.999999999643)	(44.0, 6791.66666666496)	(45.0, 5477.333333332822)	(46.0, 6616.999999998452)	(47.0, 4379.3333333338205)	(48.0, 3989.666666667363)	(49.0, 3816.6666666672845)	(50.0, 3549.666666667163)	(51.0, 9555.9999999995)	(52.0, 14551.666666675254)	(53.0, 16539.333333344686)	(54.0, 17176.6666666757)	(55.0, 18593.666666670546)	(56.0, 13718.666666673738)	(57.0, 12199.333333337641)	(58.0, 9950.666666666884)	(59.0, 2443.9999999999936)	(60.0, 351.6666666666641)	(61.0, 118.33333333333273)	(62.0, 102.66666666666629)	(63.0, 242.0000000000025)	(64.0, 209.66666666666825)	(65.0, 97.66666666666636)	(66.0, 107.99999999999955)	(67.0, 114.99999999999945)	(68.0, 93.66666666666642)	(69.0, 49.33333333333341)	(70.0, 36.333333333333314)	(71.0, 38.33333333333333)	(72.0, 49.00000000000007)	(73.0, 58.33333333333347)	(74.0, 76.66666666666666)	(75.0, 89.33333333333314)	(76.0, 76.66666666666666)	(77.0, 48.3333333333334)	(78.0, 32.333333333333286)	(79.0, 44.000000000000036)	(80.0, 71.3333333333334)	(81.0, 150.33333333333323)	(82.0, 338.66666666666487)	(83.0, 491.9999999999895)	(84.0, 302.3333333333336)	(85.0, 76.66666666666666)	(86.0, 4.666666666666666)	(87.0, 1.0)	(88.0, 1.0)	(89.0, 1.0)	(90.0, 1.0)	(91.0, 0.0)	(92.0, 0.6666666666666666)	(93.0, 1.3333333333333333)	(94.0, 3.0)	(95.0, 3.3333333333333335)	(96.0, 5.333333333333332)	(97.0, 2.6666666666666665)	(98.0, 0.6666666666666666)	(99.0, 1.0)	(100.0, 0.5)
092023-BEL-CBC-T2-172-OFAV_S71_R1_16S	(0.0, 0.0)	(1.0, 0.0)	(2.0, 0.0)	(3.0, 0.0)	(4.0, 0.0)	(5.0, 0.0)	(6.0, 0.0)	(7.0, 0.0)	(8.0, 0.0)	(9.0, 0.0)	(10.0, 0.0)	(11.0, 0.0)	(12.0, 0.0)	(13.0, 0.0)	(14.0, 0.0)	(15.0, 0.0)	(16.0, 0.0)	(17.0, 0.0)	(18.0, 0.0)	(19.0, 0.0)	(20.0, 0.0)	(21.0, 0.0)	(22.0, 0.0)	(23.0, 0.0)	(24.0, 0.0)	(25.0, 0.3333333333333333)	(26.0, 1.3333333333333333)	(27.0, 6.999999999999997)	(28.0, 218.33333333333516)	(29.0, 8960.33333333175)	(30.0, 20483.66666666367)	(31.0, 8219.99999999707)	(32.0, 620.3333333333339)	(33.0, 120.66666666666603)	(34.0, 56.33333333333346)	(35.0, 37.33333333333332)	(36.0, 22.33333333333332)	(37.0, 15.666666666666677)	(38.0, 531.6666666666572)	(39.0, 4275.000000000582)	(40.0, 8571.666666664376)	(41.0, 6990.999999998112)	(42.0, 4483.666666667059)	(43.0, 7569.999999997585)	(44.0, 8942.66666666505)	(45.0, 3971.000000000688)	(46.0, 1886.666666666517)	(47.0, 1238.333333333331)	(48.0, 5788.666666665872)	(49.0, 13788.666666673866)	(50.0, 9659.999999999689)	(51.0, 10595.333333334724)	(52.0, 17603.000000007483)	(53.0, 28963.333333299488)	(54.0, 37122.33333331733)	(55.0, 39302.666666666526)	(56.0, 46474.33333338537)	(57.0, 47234.00000005757)	(58.0, 40978.00000001205)	(59.0, 25161.33333331332)	(60.0, 11961.333333337208)	(61.0, 6052.999999998965)	(62.0, 3770.6666666672636)	(63.0, 1850.3333333331918)	(64.0, 343.33333333333127)	(65.0, 65.66666666666681)	(66.0, 36.999999999999986)	(67.0, 18.000000000000004)	(68.0, 12.333333333333337)	(69.0, 11.000000000000002)	(70.0, 7.666666666666663)	(71.0, 7.33333333333333)	(72.0, 8.999999999999998)	(73.0, 8.33333333333333)	(74.0, 12.333333333333337)	(75.0, 16.00000000000001)	(76.0, 15.333333333333343)	(77.0, 10.666666666666668)	(78.0, 8.666666666666664)	(79.0, 7.9999999999999964)	(80.0, 12.333333333333337)	(81.0, 10.666666666666668)	(82.0, 32.333333333333286)	(83.0, 50.333333333333414)	(84.0, 34.666666666666636)	(85.0, 10.0)	(86.0, 1.0)	(87.0, 0.3333333333333333)	(88.0, 0.3333333333333333)	(89.0, 1.0)	(90.0, 0.6666666666666666)	(91.0, 1.0)	(92.0, 1.0)	(93.0, 0.6666666666666666)	(94.0, 2.333333333333333)	(95.0, 1.6666666666666665)	(96.0, 1.9999999999999998)	(97.0, 3.666666666666667)	(98.0, 3.3333333333333335)	(99.0, 4.0)	(100.0, 0.5)
092023-BEL-CBC-T2-176-MCAV_S51_R1_16S	(0.0, 0.0)	(1.0, 0.0)	(2.0, 0.0)	(3.0, 0.0)	(4.0, 0.0)	(5.0, 0.0)	(6.0, 0.0)	(7.0, 0.0)	(8.0, 0.0)	(9.0, 0.0)	(10.0, 0.0)	(11.0, 0.0)	(12.0, 0.0)	(13.0, 0.0)	(14.0, 0.0)	(15.0, 0.0)	(16.0, 0.0)	(17.0, 0.0)	(18.0, 0.0)	(19.0, 0.0)	(20.0, 0.0)	(21.0, 0.0)	(22.0, 0.0)	(23.0, 4.999999999999999)	(24.0, 29.66666666666663)	(25.0, 19.0)	(26.0, 5.333333333333332)	(27.0, 109.99999999999952)	(28.0, 2356.999999999954)	(29.0, 101305.99999967021)	(30.0, 156218.99999996892)	(31.0, 34977.66666663506)	(32.0, 2558.6666666667124)	(33.0, 1003.0000000000441)	(34.0, 542.3333333333251)	(35.0, 370.33333333332973)	(36.0, 266.66666666666896)	(37.0, 173.33333333333388)	(38.0, 147.99999999999983)	(39.0, 243.00000000000253)	(40.0, 475.33333333332376)	(41.0, 3056.000000000272)	(42.0, 10412.666666667725)	(43.0, 17170.33333334239)	(44.0, 14039.333333340988)	(45.0, 5120.66666666648)	(46.0, 1834.6666666665287)	(47.0, 1703.3333333332253)	(48.0, 1803.6666666665358)	(49.0, 2354.333333333286)	(50.0, 3462.0000000004566)	(51.0, 4208.666666667309)	(52.0, 4789.333333333448)	(53.0, 5536.999999999434)	(54.0, 4707.333333333522)	(55.0, 3656.6666666672118)	(56.0, 3405.0000000004306)	(57.0, 3115.0000000002988)	(58.0, 1978.9999999998292)	(59.0, 897.3333333333654)	(60.0, 381.99999999999574)	(61.0, 208.00000000000153)	(62.0, 147.33333333333314)	(63.0, 65.66666666666681)	(64.0, 15.666666666666677)	(65.0, 4.333333333333333)	(66.0, 3.666666666666667)	(67.0, 4.0)	(68.0, 5.666666666666665)	(69.0, 6.999999999999997)	(70.0, 7.666666666666663)	(71.0, 22.33333333333332)	(72.0, 39.0)	(73.0, 43.6666666666667)	(74.0, 28.666666666666632)	(75.0, 23.999999999999982)	(76.0, 35.33333333333331)	(77.0, 39.0)	(78.0, 47.00000000000006)	(79.0, 35.66666666666664)	(80.0, 19.666666666666664)	(81.0, 18.333333333333336)	(82.0, 24.333333333333314)	(83.0, 65.66666666666681)	(84.0, 68.66666666666677)	(85.0, 24.333333333333314)	(86.0, 2.333333333333333)	(87.0, 0.0)	(88.0, 0.0)	(89.0, 0.0)	(90.0, 0.0)	(91.0, 0.3333333333333333)	(92.0, 0.3333333333333333)	(93.0, 0.3333333333333333)	(94.0, 1.6666666666666665)	(95.0, 4.0)	(96.0, 3.3333333333333335)	(97.0, 1.6666666666666665)	(98.0, 1.0)	(99.0, 1.3333333333333333)	(100.0, 0.0)
092023-BEL-CBC-T2-182-PAST_S32_R1_16S	(0.0, 0.0)	(1.0, 0.0)	(2.0, 0.0)	(3.0, 0.0)	(4.0, 0.0)	(5.0, 0.0)	(6.0, 0.0)	(7.0, 0.0)	(8.0, 0.0)	(9.0, 0.0)	(10.0, 0.0)	(11.0, 0.0)	(12.0, 0.0)	(13.0, 0.0)	(14.0, 0.0)	(15.0, 0.0)	(16.0, 0.0)	(17.0, 0.0)	(18.0, 0.0)	(19.0, 0.0)	(20.0, 0.0)	(21.0, 0.0)	(22.0, 0.0)	(23.0, 0.0)	(24.0, 0.0)	(25.0, 0.0)	(26.0, 0.3333333333333333)	(27.0, 1.0)	(28.0, 19.666666666666664)	(29.0, 253.6666666666695)	(30.0, 1407.3333333332926)	(31.0, 2150.9999999998604)	(32.0, 309.3333333333332)	(33.0, 42.66666666666669)	(34.0, 28.999999999999964)	(35.0, 21.99999999999999)	(36.0, 19.0)	(37.0, 16.333333333333343)	(38.0, 60.00000000000015)	(39.0, 381.6666666666624)	(40.0, 3793.000000000607)	(41.0, 104135.33333296237)	(42.0, 66261.33333351351)	(43.0, 26707.333333307695)	(44.0, 17462.66666667466)	(45.0, 2758.0000000001364)	(46.0, 1509.6666666666026)	(47.0, 3219.3333333336795)	(48.0, 14147.00000000785)	(49.0, 10727.00000000163)	(50.0, 5743.33333333258)	(51.0, 4849.00000000006)	(52.0, 6930.9999999981665)	(53.0, 10874.000000001897)	(54.0, 30496.666666627243)	(55.0, 24538.333333315586)	(56.0, 8740.33333333135)	(57.0, 3720.666666667241)	(58.0, 961.6666666667061)	(59.0, 197.33333333333456)	(60.0, 60.333333333333485)	(61.0, 23.66666666666665)	(62.0, 8.666666666666664)	(63.0, 3.666666666666667)	(64.0, 2.6666666666666665)	(65.0, 6.999999999999997)	(66.0, 8.999999999999998)	(67.0, 15.666666666666677)	(68.0, 13.33333333333334)	(69.0, 19.0)	(70.0, 28.999999999999964)	(71.0, 54.00000000000011)	(72.0, 81.99999999999991)	(73.0, 134.33333333333277)	(74.0, 175.33333333333394)	(75.0, 119.33333333333272)	(76.0, 44.33333333333337)	(77.0, 17.000000000000007)	(78.0, 19.999999999999996)	(79.0, 39.0)	(80.0, 76.33333333333333)	(81.0, 110.33333333333285)	(82.0, 202.66666666666805)	(83.0, 413.6666666666606)	(84.0, 1781.999999999874)	(85.0, 5555.999999999417)	(86.0, 1927.9999999998408)	(87.0, 3.3333333333333335)	(88.0, 0.3333333333333333)	(89.0, 0.0)	(90.0, 0.0)	(91.0, 0.0)	(92.0, 0.0)	(93.0, 0.0)	(94.0, 0.6666666666666666)	(95.0, 1.6666666666666665)	(96.0, 1.0)	(97.0, 0.6666666666666666)	(98.0, 0.6666666666666666)	(99.0, 0.6666666666666666)	(100.0, 1.5)
092023-BEL-CBC-T3-176-MCAV_S34_R1_16S	(0.0, 0.0)	(1.0, 0.0)	(2.0, 0.0)	(3.0, 0.0)	(4.0, 0.0)	(5.0, 0.0)	(6.0, 0.0)	(7.0, 0.0)	(8.0, 0.0)	(9.0, 0.0)	(10.0, 0.0)	(11.0, 0.0)	(12.0, 0.0)	(13.0, 0.0)	(14.0, 0.0)	(15.0, 0.0)	(16.0, 0.0)	(17.0, 0.0)	(18.0, 0.0)	(19.0, 0.0)	(20.0, 0.0)	(21.0, 0.0)	(22.0, 0.0)	(23.0, 0.0)	(24.0, 0.0)	(25.0, 0.0)	(26.0, 3.0)	(27.0, 16.666666666666675)	(28.0, 1364.6666666666356)	(29.0, 68529.3333334805)	(30.0, 104475.33333295742)	(31.0, 22436.999999989897)	(32.0, 1408.3333333332923)	(33.0, 609.9999999999994)	(34.0, 342.3333333333313)	(35.0, 230.3333333333355)	(36.0, 156.00000000000006)	(37.0, 113.3333333333328)	(38.0, 100.66666666666632)	(39.0, 150.99999999999991)	(40.0, 226.3333333333354)	(41.0, 1052.00000000004)	(42.0, 4238.333333333949)	(43.0, 8205.999999997044)	(44.0, 7239.666666664552)	(45.0, 2135.66666666652)	(46.0, 1384.9999999999643)	(47.0, 1232.6666666666656)	(48.0, 1013.3333333333786)	(49.0, 1187.6666666666758)	(50.0, 1485.9999999999413)	(51.0, 1908.3333333331786)	(52.0, 2830.3333333335027)	(53.0, 4005.333333334037)	(54.0, 5209.333333333066)	(55.0, 5840.666666665825)	(56.0, 7892.3333333306255)	(57.0, 9672.666666666379)	(58.0, 5183.666666666422)	(59.0, 2303.333333333263)	(60.0, 808.0000000000219)	(61.0, 305.66666666666674)	(62.0, 118.66666666666606)	(63.0, 40.33333333333334)	(64.0, 11.66666666666667)	(65.0, 3.3333333333333335)	(66.0, 4.0)	(67.0, 8.33333333333333)	(68.0, 9.666666666666666)	(69.0, 13.666666666666673)	(70.0, 14.333333333333341)	(71.0, 11.66666666666667)	(72.0, 14.333333333333341)	(73.0, 12.333333333333337)	(74.0, 10.333333333333334)	(75.0, 14.666666666666675)	(76.0, 19.333333333333332)	(77.0, 12.666666666666671)	(78.0, 9.666666666666666)	(79.0, 7.666666666666663)	(80.0, 7.33333333333333)	(81.0, 9.666666666666666)	(82.0, 8.999999999999998)	(83.0, 8.33333333333333)	(84.0, 6.999999999999997)	(85.0, 3.0)	(86.0, 0.0)	(87.0, 0.0)	(88.0, 0.0)	(89.0, 0.0)	(90.0, 0.0)	(91.0, 0.3333333333333333)	(92.0, 0.3333333333333333)	(93.0, 0.3333333333333333)	(94.0, 1.0)	(95.0, 1.0)	(96.0, 2.6666666666666665)	(97.0, 1.6666666666666665)	(98.0, 0.3333333333333333)	(99.0, 1.3333333333333333)	(100.0, 1.0)
092023-BEL-CBC-T3-181-PAST_S37_R1_16S	(0.0, 0.0)	(1.0, 0.0)	(2.0, 0.0)	(3.0, 0.0)	(4.0, 0.0)	(5.0, 0.0)	(6.0, 0.0)	(7.0, 0.0)	(8.0, 0.0)	(9.0, 0.0)	(10.0, 0.0)	(11.0, 0.0)	(12.0, 0.0)	(13.0, 0.0)	(14.0, 0.0)	(15.0, 0.0)	(16.0, 0.0)	(17.0, 0.0)	(18.0, 0.0)	(19.0, 0.0)	(20.0, 0.0)	(21.0, 0.0)	(22.0, 0.0)	(23.0, 0.3333333333333333)	(24.0, 0.0)	(25.0, 0.0)	(26.0, 1.0)	(27.0, 1.9999999999999998)	(28.0, 16.666666666666675)	(29.0, 540.3333333333248)	(30.0, 1173.3333333333458)	(31.0, 694.000000000009)	(32.0, 138.3333333333329)	(33.0, 34.3333333333333)	(34.0, 22.33333333333332)	(35.0, 23.66666666666665)	(36.0, 30.999999999999957)	(37.0, 45.33333333333338)	(38.0, 340.33333333333144)	(39.0, 11148.000000002396)	(40.0, 40424.00000000802)	(41.0, 116075.33333278862)	(42.0, 64116.0000001804)	(43.0, 11551.333333336463)	(44.0, 10114.000000000515)	(45.0, 3871.6666666673095)	(46.0, 2233.6666666665647)	(47.0, 2826.0000000001673)	(48.0, 3389.6666666670903)	(49.0, 3021.666666666923)	(50.0, 3059.6666666669403)	(51.0, 3993.3333333340315)	(52.0, 5988.333333332357)	(53.0, 9264.666666665637)	(54.0, 9411.999999999238)	(55.0, 6298.333333332075)	(56.0, 4669.000000000224)	(57.0, 4648.333333333576)	(58.0, 20732.999999996096)	(59.0, 40698.33333334335)	(60.0, 15139.000000009655)	(61.0, 853.0000000000271)	(62.0, 78.99999999999996)	(63.0, 22.33333333333332)	(64.0, 16.666666666666675)	(65.0, 26.99999999999997)	(66.0, 28.3333333333333)	(67.0, 20.999999999999993)	(68.0, 17.66666666666667)	(69.0, 20.33333333333333)	(70.0, 21.99999999999999)	(71.0, 21.333333333333325)	(72.0, 19.999999999999996)	(73.0, 24.99999999999998)	(74.0, 30.333333333333293)	(75.0, 38.33333333333333)	(76.0, 46.00000000000005)	(77.0, 42.00000000000002)	(78.0, 43.333333333333364)	(79.0, 63.333333333333506)	(80.0, 110.9999999999995)	(81.0, 159.33333333333348)	(82.0, 220.00000000000188)	(83.0, 236.66666666666902)	(84.0, 141.66666666666632)	(85.0, 41.000000000000014)	(86.0, 3.3333333333333335)	(87.0, 0.3333333333333333)	(88.0, 0.0)	(89.0, 0.0)	(90.0, 0.0)	(91.0, 0.0)	(92.0, 0.6666666666666666)	(93.0, 1.0)	(94.0, 3.0)	(95.0, 4.999999999999999)	(96.0, 4.0)	(97.0, 1.0)	(98.0, 0.6666666666666666)	(99.0, 1.3333333333333333)	(100.0, 0.0)
092023-BEL-CBC-T4-93-PSTR_S6_R1_16S	(0.0, 0.0)	(1.0, 0.0)	(2.0, 0.0)	(3.0, 0.0)	(4.0, 0.0)	(5.0, 0.0)	(6.0, 0.0)	(7.0, 0.0)	(8.0, 0.0)	(9.0, 0.0)	(10.0, 0.0)	(11.0, 0.0)	(12.0, 0.0)	(13.0, 0.0)	(14.0, 0.0)	(15.0, 0.0)	(16.0, 0.0)	(17.0, 0.0)	(18.0, 0.0)	(19.0, 0.0)	(20.0, 0.0)	(21.0, 0.0)	(22.0, 0.0)	(23.0, 0.0)	(24.0, 0.0)	(25.0, 0.3333333333333333)	(26.0, 0.3333333333333333)	(27.0, 0.0)	(28.0, 6.333333333333331)	(29.0, 286.0000000000012)	(30.0, 1089.6666666666981)	(31.0, 1347.9999999999727)	(32.0, 308.33333333333326)	(33.0, 42.33333333333336)	(34.0, 18.000000000000004)	(35.0, 10.666666666666668)	(36.0, 7.9999999999999964)	(37.0, 9.666666666666666)	(38.0, 30.333333333333293)	(39.0, 180.66666666666742)	(40.0, 167.00000000000037)	(41.0, 419.33333333332695)	(42.0, 299.33333333333377)	(43.0, 175.0000000000006)	(44.0, 133.6666666666661)	(45.0, 58.33333333333347)	(46.0, 96.9999999999997)	(47.0, 142.9999999999997)	(48.0, 116.33333333333276)	(49.0, 192.33333333333442)	(50.0, 1329.6666666666436)	(51.0, 1055.6666666667059)	(52.0, 528.6666666666569)	(53.0, 580.6666666666628)	(54.0, 825.0000000000239)	(55.0, 866.0000000000285)	(56.0, 699.3333333333429)	(57.0, 643.3333333333366)	(58.0, 600.666666666665)	(59.0, 406.666666666661)	(60.0, 164.66666666666697)	(61.0, 79.33333333333329)	(62.0, 40.00000000000001)	(63.0, 19.0)	(64.0, 8.33333333333333)	(65.0, 10.666666666666668)	(66.0, 16.333333333333343)	(67.0, 18.666666666666668)	(68.0, 27.333333333333304)	(69.0, 29.99999999999996)	(70.0, 28.999999999999964)	(71.0, 46.66666666666672)	(72.0, 117.33333333333275)	(73.0, 293.6666666666674)	(74.0, 411.6666666666607)	(75.0, 250.6666666666694)	(76.0, 66.33333333333347)	(77.0, 8.33333333333333)	(78.0, 4.666666666666666)	(79.0, 9.666666666666666)	(80.0, 15.333333333333343)	(81.0, 24.99999999999998)	(82.0, 33.33333333333329)	(83.0, 44.66666666666671)	(84.0, 171.33333333333383)	(85.0, 502.66666666665554)	(86.0, 173.66666666666723)	(87.0, 0.6666666666666666)	(88.0, 0.0)	(89.0, 0.0)	(90.0, 0.0)	(91.0, 0.0)	(92.0, 0.0)	(93.0, 0.0)	(94.0, 0.0)	(95.0, 0.0)	(96.0, 0.0)	(97.0, 0.0)	(98.0, 0.0)	(99.0, 0.0)	(100.0, 0.0)
102019-BEL-CBC-T3-35-PSTR_S21_R1_16S	(0.0, 0.0)	(1.0, 0.0)	(2.0, 0.0)	(3.0, 0.0)	(4.0, 0.0)	(5.0, 0.0)	(6.0, 0.0)	(7.0, 0.0)	(8.0, 0.0)	(9.0, 0.0)	(10.0, 0.0)	(11.0, 0.0)	(12.0, 0.0)	(13.0, 0.0)	(14.0, 0.0)	(15.0, 0.0)	(16.0, 0.0)	(17.0, 0.0)	(18.0, 0.0)	(19.0, 0.0)	(20.0, 0.0)	(21.0, 0.0)	(22.0, 0.0)	(23.0, 0.0)	(24.0, 0.3333333333333333)	(25.0, 0.0)	(26.0, 0.3333333333333333)	(27.0, 1.3333333333333333)	(28.0, 31.66666666666662)	(29.0, 696.0000000000092)	(30.0, 81285.99999996154)	(31.0, 341473.9999984341)	(32.0, 127188.99999929356)	(33.0, 3912.000000000661)	(34.0, 1434.6666666666197)	(35.0, 690.3333333333419)	(36.0, 437.99999999999255)	(37.0, 279.3333333333349)	(38.0, 197.6666666666679)	(39.0, 294.66666666666737)	(40.0, 226.3333333333354)	(41.0, 282.66666666666805)	(42.0, 368.66666666666316)	(43.0, 4247.0000000006075)	(44.0, 4402.000000000467)	(45.0, 435.99999999999267)	(46.0, 160.66666666666686)	(47.0, 226.00000000000205)	(48.0, 311.6666666666664)	(49.0, 680.3333333333408)	(50.0, 1437.666666666619)	(51.0, 3256.000000000363)	(52.0, 6211.333333332154)	(53.0, 1812.3333333332005)	(54.0, 1612.9999999999125)	(55.0, 1044.6666666667084)	(56.0, 941.6666666667038)	(57.0, 648.6666666666705)	(58.0, 376.999999999996)	(59.0, 284.0000000000013)	(60.0, 174.66666666666725)	(61.0, 49.00000000000007)	(62.0, 14.666666666666675)	(63.0, 9.333333333333332)	(64.0, 9.333333333333332)	(65.0, 9.666666666666666)	(66.0, 11.000000000000002)	(67.0, 15.666666666666677)	(68.0, 16.333333333333343)	(69.0, 17.33333333333334)	(70.0, 19.666666666666664)	(71.0, 29.66666666666663)	(72.0, 63.333333333333506)	(73.0, 131.99999999999937)	(74.0, 171.00000000000048)	(75.0, 112.99999999999947)	(76.0, 43.00000000000003)	(77.0, 29.333333333333297)	(78.0, 49.33333333333341)	(79.0, 71.00000000000007)	(80.0, 145.3333333333331)	(81.0, 312.66666666666634)	(82.0, 565.3333333333277)	(83.0, 1220.6666666666683)	(84.0, 3418.6666666671035)	(85.0, 5396.333333332896)	(86.0, 1430.9999999999538)	(87.0, 4.333333333333333)	(88.0, 1.3333333333333333)	(89.0, 0.0)	(90.0, 0.0)	(91.0, 0.0)	(92.0, 0.0)	(93.0, 0.3333333333333333)	(94.0, 1.6666666666666665)	(95.0, 4.0)	(96.0, 4.666666666666666)	(97.0, 3.0)	(98.0, 1.6666666666666665)	(99.0, 0.6666666666666666)	(100.0, 0.5)
112023-BEL-CBC-T1-273-PAST_S29_R1_16S	(0.0, 0.0)	(1.0, 0.0)	(2.0, 0.0)	(3.0, 0.0)	(4.0, 0.0)	(5.0, 0.0)	(6.0, 0.0)	(7.0, 0.0)	(8.0, 0.0)	(9.0, 0.0)	(10.0, 0.0)	(11.0, 0.0)	(12.0, 0.0)	(13.0, 0.0)	(14.0, 0.0)	(15.0, 0.0)	(16.0, 0.0)	(17.0, 0.0)	(18.0, 0.0)	(19.0, 0.0)	(20.0, 0.0)	(21.0, 0.0)	(22.0, 0.0)	(23.0, 0.0)	(24.0, 0.3333333333333333)	(25.0, 0.6666666666666666)	(26.0, 0.6666666666666666)	(27.0, 0.0)	(28.0, 2.6666666666666665)	(29.0, 110.9999999999995)	(30.0, 1101.0000000000289)	(31.0, 1811.666666666534)	(32.0, 317.33333333333275)	(33.0, 60.00000000000015)	(34.0, 29.66666666666663)	(35.0, 18.333333333333336)	(36.0, 17.66666666666667)	(37.0, 17.000000000000007)	(38.0, 51.66666666666676)	(39.0, 320.6666666666659)	(40.0, 8250.666666663792)	(41.0, 230905.3333354759)	(42.0, 132776.99999928667)	(43.0, 12394.66666667133)	(44.0, 7896.666666663955)	(45.0, 2531.3333333333667)	(46.0, 4062.333333334063)	(47.0, 1638.9999999999065)	(48.0, 826.6666666666907)	(49.0, 726.0000000000126)	(50.0, 1102.6666666666952)	(51.0, 5059.666666666535)	(52.0, 13565.000000006792)	(53.0, 12341.000000004566)	(54.0, 14294.333333341452)	(55.0, 11633.666666669946)	(56.0, 3189.333333333666)	(57.0, 1276.6666666666556)	(58.0, 823.6666666666904)	(59.0, 463.66666666665776)	(60.0, 214.33333333333505)	(61.0, 86.33333333333319)	(62.0, 20.33333333333333)	(63.0, 5.999999999999998)	(64.0, 6.333333333333331)	(65.0, 12.000000000000004)	(66.0, 21.666666666666657)	(67.0, 35.66666666666664)	(68.0, 54.00000000000011)	(69.0, 70.00000000000009)	(70.0, 112.99999999999947)	(71.0, 251.3333333333361)	(72.0, 396.33333333332826)	(73.0, 311.3333333333331)	(74.0, 313.9999999999996)	(75.0, 225.6666666666687)	(76.0, 70.00000000000009)	(77.0, 20.33333333333333)	(78.0, 26.66666666666664)	(79.0, 53.66666666666677)	(80.0, 80.99999999999993)	(81.0, 129.66666666666598)	(82.0, 191.00000000000105)	(83.0, 384.66666666666225)	(84.0, 1712.6666666665565)	(85.0, 5364.666666666258)	(86.0, 1946.6666666665033)	(87.0, 4.666666666666666)	(88.0, 1.3333333333333333)	(89.0, 0.3333333333333333)	(90.0, 0.0)	(91.0, 0.3333333333333333)	(92.0, 0.3333333333333333)	(93.0, 1.3333333333333333)	(94.0, 1.6666666666666665)	(95.0, 3.3333333333333335)	(96.0, 4.0)	(97.0, 0.3333333333333333)	(98.0, 0.6666666666666666)	(99.0, 0.3333333333333333)	(100.0, 0.0)
112023-BEL-CBC-T1-277-OFAV-OANN_S23_R1_16S	(0.0, 0.0)	(1.0, 0.0)	(2.0, 0.0)	(3.0, 0.0)	(4.0, 0.0)	(5.0, 0.0)	(6.0, 0.0)	(7.0, 0.0)	(8.0, 0.0)	(9.0, 0.0)	(10.0, 0.0)	(11.0, 0.0)	(12.0, 0.0)	(13.0, 0.0)	(14.0, 0.0)	(15.0, 0.0)	(16.0, 0.0)	(17.0, 0.0)	(18.0, 0.0)	(19.0, 0.0)	(20.0, 0.0)	(21.0, 0.0)	(22.0, 0.0)	(23.0, 0.0)	(24.0, 0.0)	(25.0, 0.0)	(26.0, 1.0)	(27.0, 4.0)	(28.0, 19.333333333333332)	(29.0, 617.666666666667)	(30.0, 38650.66666666178)	(31.0, 72495.00000008947)	(32.0, 8449.666666664154)	(33.0, 775.3333333333516)	(34.0, 313.333333333333)	(35.0, 146.9999999999998)	(36.0, 101.33333333333297)	(37.0, 63.66666666666684)	(38.0, 59.66666666666681)	(39.0, 184.66666666666754)	(40.0, 152.3333333333333)	(41.0, 204.33333333333476)	(42.0, 328.66666666666544)	(43.0, 362.6666666666635)	(44.0, 578.9999999999959)	(45.0, 524.6666666666564)	(46.0, 848.6666666666932)	(47.0, 1568.6666666665892)	(48.0, 1846.3333333331927)	(49.0, 1332.6666666666429)	(50.0, 1527.3333333332653)	(51.0, 2116.999999999845)	(52.0, 2306.666666666598)	(53.0, 1923.6666666665085)	(54.0, 1848.3333333331923)	(55.0, 1767.3333333332107)	(56.0, 1168.0000000000136)	(57.0, 667.0000000000059)	(58.0, 410.33333333332746)	(59.0, 155.6666666666667)	(60.0, 131.99999999999937)	(61.0, 46.66666666666672)	(62.0, 8.999999999999998)	(63.0, 4.0)	(64.0, 2.333333333333333)	(65.0, 1.6666666666666665)	(66.0, 3.666666666666667)	(67.0, 5.999999999999998)	(68.0, 8.999999999999998)	(69.0, 11.000000000000002)	(70.0, 13.33333333333334)	(71.0, 19.333333333333332)	(72.0, 47.00000000000006)	(73.0, 100.66666666666632)	(74.0, 132.66666666666606)	(75.0, 72.00000000000006)	(76.0, 12.000000000000004)	(77.0, 5.999999999999998)	(78.0, 6.999999999999997)	(79.0, 10.0)	(80.0, 11.66666666666667)	(81.0, 14.666666666666675)	(82.0, 16.00000000000001)	(83.0, 29.99999999999996)	(84.0, 84.33333333333321)	(85.0, 123.66666666666599)	(86.0, 33.999999999999964)	(87.0, 0.3333333333333333)	(88.0, 0.3333333333333333)	(89.0, 0.0)	(90.0, 0.0)	(91.0, 0.3333333333333333)	(92.0, 0.0)	(93.0, 0.0)	(94.0, 1.0)	(95.0, 0.6666666666666666)	(96.0, 0.6666666666666666)	(97.0, 1.3333333333333333)	(98.0, 0.3333333333333333)	(99.0, 0.3333333333333333)	(100.0, 0.0)
112023-BEL-CBC-T1-278-PSTR_S14_R1_16S	(0.0, 0.0)	(1.0, 0.0)	(2.0, 0.0)	(3.0, 0.0)	(4.0, 0.0)	(5.0, 0.0)	(6.0, 0.0)	(7.0, 0.0)	(8.0, 0.0)	(9.0, 0.0)	(10.0, 0.0)	(11.0, 0.0)	(12.0, 0.0)	(13.0, 0.0)	(14.0, 0.0)	(15.0, 0.0)	(16.0, 0.0)	(17.0, 0.0)	(18.0, 0.0)	(19.0, 0.0)	(20.0, 0.0)	(21.0, 0.0)	(22.0, 0.0)	(23.0, 0.0)	(24.0, 0.0)	(25.0, 0.0)	(26.0, 0.0)	(27.0, 0.0)	(28.0, 6.666666666666664)	(29.0, 117.66666666666607)	(30.0, 11351.666666669433)	(31.0, 44424.33333337046)	(32.0, 14880.000000009184)	(33.0, 463.33333333332445)	(34.0, 179.0000000000007)	(35.0, 90.66666666666646)	(36.0, 56.33333333333346)	(37.0, 33.999999999999964)	(38.0, 37.99999999999999)	(39.0, 109.33333333333286)	(40.0, 150.66666666666657)	(41.0, 264.33333333333576)	(42.0, 163.3333333333336)	(43.0, 1084.0000000000327)	(44.0, 697.3333333333427)	(45.0, 279.6666666666682)	(46.0, 489.9999999999896)	(47.0, 308.6666666666666)	(48.0, 268.0000000000022)	(49.0, 190.33333333333437)	(50.0, 612.333333333333)	(51.0, 869.0000000000289)	(52.0, 837.3333333333586)	(53.0, 1066.6666666667033)	(54.0, 1890.9999999998493)	(55.0, 2097.3333333331693)	(56.0, 630.0000000000017)	(57.0, 290.6666666666676)	(58.0, 207.6666666666682)	(59.0, 203.33333333333474)	(60.0, 166.66666666666703)	(61.0, 58.33333333333347)	(62.0, 5.333333333333332)	(63.0, 3.0)	(64.0, 2.6666666666666665)	(65.0, 3.3333333333333335)	(66.0, 10.333333333333334)	(67.0, 18.000000000000004)	(68.0, 20.66666666666666)	(69.0, 24.666666666666647)	(70.0, 21.333333333333325)	(71.0, 27.999999999999968)	(72.0, 66.00000000000014)	(73.0, 188.00000000000097)	(74.0, 325.9999999999989)	(75.0, 212.333333333335)	(76.0, 57.333333333333464)	(77.0, 8.999999999999998)	(78.0, 8.666666666666664)	(79.0, 11.000000000000002)	(80.0, 21.666666666666657)	(81.0, 32.99999999999996)	(82.0, 33.33333333333329)	(83.0, 61.000000000000156)	(84.0, 296.66666666666725)	(85.0, 1263.6666666666586)	(86.0, 477.9999999999903)	(87.0, 1.9999999999999998)	(88.0, 0.0)	(89.0, 0.0)	(90.0, 0.0)	(91.0, 0.0)	(92.0, 0.0)	(93.0, 0.0)	(94.0, 0.0)	(95.0, 0.0)	(96.0, 0.0)	(97.0, 0.3333333333333333)	(98.0, 0.3333333333333333)	(99.0, 0.0)	(100.0, 0.0)
112023-BEL-CBC-T2-311-MCAV_S79_R1_16S	(0.0, 0.0)	(1.0, 0.0)	(2.0, 0.0)	(3.0, 0.0)	(4.0, 0.0)	(5.0, 0.0)	(6.0, 0.0)	(7.0, 0.0)	(8.0, 0.0)	(9.0, 0.0)	(10.0, 0.0)	(11.0, 0.0)	(12.0, 0.0)	(13.0, 0.0)	(14.0, 0.0)	(15.0, 0.0)	(16.0, 0.0)	(17.0, 0.0)	(18.0, 0.0)	(19.0, 0.0)	(20.0, 0.0)	(21.0, 0.0)	(22.0, 0.0)	(23.0, 0.0)	(24.0, 0.0)	(25.0, 0.0)	(26.0, 0.3333333333333333)	(27.0, 17.66666666666667)	(28.0, 7326.33333333114)	(29.0, 60625.66666682167)	(30.0, 59812.666666815756)	(31.0, 10171.000000000618)	(32.0, 657.6666666666715)	(33.0, 271.33333333333536)	(34.0, 147.33333333333314)	(35.0, 96.33333333333304)	(36.0, 65.33333333333348)	(37.0, 48.3333333333334)	(38.0, 59.33333333333348)	(39.0, 93.66666666666642)	(40.0, 108.33333333333287)	(41.0, 213.33333333333502)	(42.0, 290.00000000000097)	(43.0, 818.6666666666898)	(44.0, 663.0000000000055)	(45.0, 140.6666666666663)	(46.0, 140.33333333333294)	(47.0, 203.33333333333474)	(48.0, 152.99999999999997)	(49.0, 269.3333333333355)	(50.0, 864.0000000000283)	(51.0, 2859.0000000001824)	(52.0, 4534.0000000003465)	(53.0, 2556.0000000000446)	(54.0, 1422.6666666666224)	(55.0, 1030.6666666667115)	(56.0, 477.9999999999903)	(57.0, 340.99999999999807)	(58.0, 156.66666666666674)	(59.0, 56.66666666666679)	(60.0, 51.66666666666676)	(61.0, 53.0000000000001)	(62.0, 23.333333333333318)	(63.0, 5.999999999999998)	(64.0, 1.0)	(65.0, 0.3333333333333333)	(66.0, 0.0)	(67.0, 1.3333333333333333)	(68.0, 0.0)	(69.0, 0.6666666666666666)	(70.0, 1.3333333333333333)	(71.0, 0.6666666666666666)	(72.0, 0.3333333333333333)	(73.0, 1.0)	(74.0, 1.9999999999999998)	(75.0, 3.3333333333333335)	(76.0, 3.666666666666667)	(77.0, 5.333333333333332)	(78.0, 8.666666666666664)	(79.0, 4.666666666666666)	(80.0, 4.666666666666666)	(81.0, 1.9999999999999998)	(82.0, 2.333333333333333)	(83.0, 2.333333333333333)	(84.0, 3.0)	(85.0, 1.6666666666666665)	(86.0, 0.6666666666666666)	(87.0, 0.3333333333333333)	(88.0, 0.3333333333333333)	(89.0, 0.0)	(90.0, 0.0)	(91.0, 0.0)	(92.0, 0.0)	(93.0, 0.0)	(94.0, 0.6666666666666666)	(95.0, 0.6666666666666666)	(96.0, 0.3333333333333333)	(97.0, 1.3333333333333333)	(98.0, 0.6666666666666666)	(99.0, 0.3333333333333333)	(100.0, 0.5)
112023-BEL-CBC-T2-312-OFAV_S74_R1_16S	(0.0, 0.0)	(1.0, 0.0)	(2.0, 0.0)	(3.0, 0.0)	(4.0, 0.0)	(5.0, 0.0)	(6.0, 0.0)	(7.0, 0.0)	(8.0, 0.0)	(9.0, 0.0)	(10.0, 0.0)	(11.0, 0.0)	(12.0, 0.0)	(13.0, 0.0)	(14.0, 0.0)	(15.0, 0.0)	(16.0, 0.0)	(17.0, 0.0)	(18.0, 0.0)	(19.0, 0.0)	(20.0, 0.0)	(21.0, 0.0)	(22.0, 1.9999999999999998)	(23.0, 5.999999999999998)	(24.0, 11.000000000000002)	(25.0, 12.333333333333337)	(26.0, 14.333333333333341)	(27.0, 47.00000000000006)	(28.0, 750.3333333333487)	(29.0, 42107.00000002026)	(30.0, 98084.33333305042)	(31.0, 39726.00000000294)	(32.0, 3050.3333333336027)	(33.0, 570.999999999995)	(34.0, 290.3333333333343)	(35.0, 165.0000000000003)	(36.0, 92.3333333333331)	(37.0, 62.666666666666835)	(38.0, 63.00000000000017)	(39.0, 105.33333333333292)	(40.0, 251.66666666666944)	(41.0, 5598.666666666045)	(42.0, 13492.00000000666)	(43.0, 6870.666666664888)	(44.0, 1844.3333333331932)	(45.0, 1559.333333333258)	(46.0, 3277.333333333706)	(47.0, 5701.666666665951)	(48.0, 6479.999999998577)	(49.0, 4709.666666666853)	(50.0, 5182.666666666423)	(51.0, 15961.666666677818)	(52.0, 22162.666666657562)	(53.0, 18939.333333335955)	(54.0, 16014.000000011247)	(55.0, 10540.333333334624)	(56.0, 3756.3333333339237)	(57.0, 741.0000000000143)	(58.0, 271.6666666666687)	(59.0, 140.99999999999963)	(60.0, 75.33333333333334)	(61.0, 58.666666666666806)	(62.0, 34.99999999999997)	(63.0, 19.666666666666664)	(64.0, 11.66666666666667)	(65.0, 12.666666666666671)	(66.0, 13.000000000000005)	(67.0, 9.333333333333332)	(68.0, 9.666666666666666)	(69.0, 9.666666666666666)	(70.0, 11.000000000000002)	(71.0, 13.000000000000005)	(72.0, 17.33333333333334)	(73.0, 23.333333333333318)	(74.0, 29.99999999999996)	(75.0, 39.333333333333336)	(76.0, 34.3333333333333)	(77.0, 25.33333333333331)	(78.0, 13.000000000000005)	(79.0, 16.00000000000001)	(80.0, 18.666666666666668)	(81.0, 33.66666666666663)	(82.0, 73.33333333333337)	(83.0, 105.66666666666625)	(84.0, 69.0000000000001)	(85.0, 16.666666666666675)	(86.0, 1.6666666666666665)	(87.0, 0.3333333333333333)	(88.0, 0.3333333333333333)	(89.0, 0.0)	(90.0, 0.6666666666666666)	(91.0, 0.3333333333333333)	(92.0, 0.0)	(93.0, 0.3333333333333333)	(94.0, 1.3333333333333333)	(95.0, 2.6666666666666665)	(96.0, 1.9999999999999998)	(97.0, 1.3333333333333333)	(98.0, 2.333333333333333)	(99.0, 1.0)	(100.0, 0.5)
112023-BEL-CBC-T3-348-SSID_S85_R1_16S	(0.0, 0.0)	(1.0, 0.0)	(2.0, 0.0)	(3.0, 0.0)	(4.0, 0.0)	(5.0, 0.0)	(6.0, 0.0)	(7.0, 0.0)	(8.0, 0.0)	(9.0, 0.0)	(10.0, 0.0)	(11.0, 0.0)	(12.0, 0.0)	(13.0, 0.0)	(14.0, 0.0)	(15.0, 0.0)	(16.0, 0.0)	(17.0, 0.0)	(18.0, 0.0)	(19.0, 0.0)	(20.0, 0.0)	(21.0, 0.3333333333333333)	(22.0, 1.9999999999999998)	(23.0, 2.6666666666666665)	(24.0, 0.6666666666666666)	(25.0, 0.6666666666666666)	(26.0, 7.666666666666663)	(27.0, 11.333333333333336)	(28.0, 79.33333333333329)	(29.0, 1059.3333333333717)	(30.0, 2442.999999999993)	(31.0, 1669.333333333233)	(32.0, 399.3333333333281)	(33.0, 200.33333333333465)	(34.0, 250.00000000000273)	(35.0, 493.66666666665606)	(36.0, 751.3333333333488)	(37.0, 2308.6666666665988)	(38.0, 91396.9999998144)	(39.0, 202488.6666679822)	(40.0, 76919.66666669174)	(41.0, 6761.99999999832)	(42.0, 5115.666666666484)	(43.0, 9403.333333332555)	(44.0, 8239.666666663772)	(45.0, 9248.333333332273)	(46.0, 14570.00000000862)	(47.0, 12836.3333333388)	(48.0, 9830.666666666666)	(49.0, 7987.333333330539)	(50.0, 8980.66666666512)	(51.0, 12637.000000005104)	(52.0, 17398.33333334156)	(53.0, 22691.99999998897)	(54.0, 25333.333333312694)	(55.0, 21302.66666666069)	(56.0, 17465.66666667465)	(57.0, 15336.333333343347)	(58.0, 10485.666666667857)	(59.0, 5250.999999999694)	(60.0, 2149.333333333193)	(61.0, 792.0000000000201)	(62.0, 275.66666666666845)	(63.0, 92.66666666666643)	(64.0, 45.00000000000004)	(65.0, 27.999999999999968)	(66.0, 30.999999999999957)	(67.0, 40.00000000000001)	(68.0, 38.666666666666664)	(69.0, 29.66666666666663)	(70.0, 38.666666666666664)	(71.0, 39.0)	(72.0, 44.33333333333337)	(73.0, 77.99999999999997)	(74.0, 110.9999999999995)	(75.0, 121.99999999999935)	(76.0, 158.0000000000001)	(77.0, 241.33333333333582)	(78.0, 295.6666666666673)	(79.0, 256.3333333333362)	(80.0, 238.66666666666907)	(81.0, 367.99999999999653)	(82.0, 902.0000000000326)	(83.0, 1498.9999999999384)	(84.0, 1040.333333333376)	(85.0, 255.66666666666956)	(86.0, 15.000000000000009)	(87.0, 1.0)	(88.0, 1.3333333333333333)	(89.0, 0.6666666666666666)	(90.0, 0.0)	(91.0, 0.6666666666666666)	(92.0, 1.0)	(93.0, 1.9999999999999998)	(94.0, 4.0)	(95.0, 5.999999999999998)	(96.0, 6.666666666666664)	(97.0, 4.999999999999999)	(98.0, 3.666666666666667)	(99.0, 3.3333333333333335)	(100.0, 1.5)
112023-BEL-CBC-T3-350-OFAV_S93_R1_16S	(0.0, 0.0)	(1.0, 0.0)	(2.0, 0.0)	(3.0, 0.0)	(4.0, 0.0)	(5.0, 0.0)	(6.0, 0.0)	(7.0, 0.0)	(8.0, 0.0)	(9.0, 0.0)	(10.0, 0.0)	(11.0, 0.0)	(12.0, 0.0)	(13.0, 0.0)	(14.0, 0.0)	(15.0, 0.0)	(16.0, 0.0)	(17.0, 0.0)	(18.0, 0.0)	(19.0, 0.0)	(20.0, 0.0)	(21.0, 0.0)	(22.0, 1.3333333333333333)	(23.0, 8.33333333333333)	(24.0, 19.999999999999996)	(25.0, 36.66666666666665)	(26.0, 54.00000000000011)	(27.0, 144.99999999999974)	(28.0, 2462.3333333333353)	(29.0, 139725.66666615556)	(30.0, 333830.66666554566)	(31.0, 138613.99999945654)	(32.0, 9969.666666666919)	(33.0, 1707.6666666665576)	(34.0, 879.00000000003)	(35.0, 500.999999999989)	(36.0, 311.6666666666664)	(37.0, 221.0000000000019)	(38.0, 166.33333333333368)	(39.0, 159.66666666666683)	(40.0, 169.33333333333377)	(41.0, 566.3333333333278)	(42.0, 1100.6666666666956)	(43.0, 1306.3333333333155)	(44.0, 2069.66666666649)	(45.0, 2405.3333333333094)	(46.0, 2443.66666666666)	(47.0, 2492.333333333349)	(48.0, 2308.3333333332653)	(49.0, 2599.000000000064)	(50.0, 6200.99999999883)	(51.0, 12388.000000004651)	(52.0, 7518.999999997632)	(53.0, 3899.6666666673223)	(54.0, 4088.0000000007412)	(55.0, 3662.333333333881)	(56.0, 2577.3333333333876)	(57.0, 1875.9999999998527)	(58.0, 1331.3333333333098)	(59.0, 793.666666666687)	(60.0, 388.666666666662)	(61.0, 125.33333333333263)	(62.0, 46.333333333333385)	(63.0, 31.999999999999954)	(64.0, 22.666666666666654)	(65.0, 17.000000000000007)	(66.0, 14.000000000000007)	(67.0, 7.666666666666663)	(68.0, 5.333333333333332)	(69.0, 4.0)	(70.0, 7.33333333333333)	(71.0, 8.999999999999998)	(72.0, 14.666666666666675)	(73.0, 19.666666666666664)	(74.0, 19.999999999999996)	(75.0, 20.33333333333333)	(76.0, 16.00000000000001)	(77.0, 16.333333333333343)	(78.0, 12.333333333333337)	(79.0, 10.666666666666668)	(80.0, 13.33333333333334)	(81.0, 15.000000000000009)	(82.0, 16.333333333333343)	(83.0, 30.666666666666625)	(84.0, 28.666666666666632)	(85.0, 11.333333333333336)	(86.0, 2.333333333333333)	(87.0, 0.0)	(88.0, 1.0)	(89.0, 0.6666666666666666)	(90.0, 1.9999999999999998)	(91.0, 1.6666666666666665)	(92.0, 0.6666666666666666)	(93.0, 1.0)	(94.0, 3.0)	(95.0, 3.666666666666667)	(96.0, 2.6666666666666665)	(97.0, 3.0)	(98.0, 4.999999999999999)	(99.0, 5.666666666666665)	(100.0, 1.5)
112023-BEL-CBC-T3-356-MCAV_S49_R1_16S	(0.0, 0.0)	(1.0, 0.0)	(2.0, 0.0)	(3.0, 0.0)	(4.0, 0.0)	(5.0, 0.0)	(6.0, 0.0)	(7.0, 0.0)	(8.0, 0.0)	(9.0, 0.0)	(10.0, 0.0)	(11.0, 0.0)	(12.0, 0.0)	(13.0, 0.0)	(14.0, 0.0)	(15.0, 0.0)	(16.0, 0.0)	(17.0, 0.0)	(18.0, 0.0)	(19.0, 0.0)	(20.0, 0.0)	(21.0, 0.0)	(22.0, 0.0)	(23.0, 0.0)	(24.0, 0.3333333333333333)	(25.0, 0.6666666666666666)	(26.0, 3.0)	(27.0, 32.99999999999996)	(28.0, 2741.0000000001287)	(29.0, 128612.33333260618)	(30.0, 195948.66666779187)	(31.0, 42398.33333335572)	(32.0, 3004.333333333582)	(33.0, 1227.6666666666667)	(34.0, 633.3333333333354)	(35.0, 389.66666666666197)	(36.0, 248.66666666666936)	(37.0, 166.66666666666703)	(38.0, 190.00000000000102)	(39.0, 317.66666666666606)	(40.0, 240.3333333333358)	(41.0, 680.0000000000074)	(42.0, 2354.333333333286)	(43.0, 7060.666666664715)	(44.0, 8629.666666664481)	(45.0, 2242.6666666665687)	(46.0, 2199.666666666549)	(47.0, 3659.666666667213)	(48.0, 2911.000000000206)	(49.0, 1957.999999999834)	(50.0, 2247.666666666571)	(51.0, 5346.999999999607)	(52.0, 6771.333333331645)	(53.0, 3945.666666667343)	(54.0, 4829.666666666744)	(55.0, 4213.6666666673045)	(56.0, 1976.3333333331632)	(57.0, 1268.9999999999907)	(58.0, 788.0000000000197)	(59.0, 374.6666666666628)	(60.0, 174.00000000000057)	(61.0, 73.00000000000004)	(62.0, 26.99999999999997)	(63.0, 6.666666666666664)	(64.0, 4.0)	(65.0, 2.333333333333333)	(66.0, 0.6666666666666666)	(67.0, 1.6666666666666665)	(68.0, 3.666666666666667)	(69.0, 2.333333333333333)	(70.0, 7.666666666666663)	(71.0, 19.0)	(72.0, 40.66666666666668)	(73.0, 48.666666666666735)	(74.0, 33.999999999999964)	(75.0, 36.66666666666665)	(76.0, 53.66666666666677)	(77.0, 108.33333333333287)	(78.0, 175.0000000000006)	(79.0, 143.33333333333303)	(80.0, 51.33333333333342)	(81.0, 17.66666666666667)	(82.0, 16.666666666666675)	(83.0, 25.33333333333331)	(84.0, 27.333333333333304)	(85.0, 8.666666666666664)	(86.0, 1.0)	(87.0, 0.0)	(88.0, 0.0)	(89.0, 0.3333333333333333)	(90.0, 0.0)	(91.0, 0.0)	(92.0, 0.3333333333333333)	(93.0, 1.6666666666666665)	(94.0, 5.666666666666665)	(95.0, 5.333333333333332)	(96.0, 3.3333333333333335)	(97.0, 3.3333333333333335)	(98.0, 0.6666666666666666)	(99.0, 0.6666666666666666)	(100.0, 0.0)
112023-BEL-CBC-T3-358-SSID_S46_R1_16S	(0.0, 0.0)	(1.0, 0.0)	(2.0, 0.0)	(3.0, 0.0)	(4.0, 0.0)	(5.0, 0.0)	(6.0, 0.0)	(7.0, 0.0)	(8.0, 0.0)	(9.0, 0.0)	(10.0, 0.0)	(11.0, 0.0)	(12.0, 0.0)	(13.0, 0.0)	(14.0, 0.0)	(15.0, 0.0)	(16.0, 0.0)	(17.0, 0.0)	(18.0, 0.0)	(19.0, 0.0)	(20.0, 0.0)	(21.0, 0.0)	(22.0, 0.0)	(23.0, 0.0)	(24.0, 0.0)	(25.0, 0.0)	(26.0, 0.0)	(27.0, 5.999999999999998)	(28.0, 19.666666666666664)	(29.0, 571.3333333333284)	(30.0, 1328.6666666666438)	(31.0, 693.0000000000089)	(32.0, 141.33333333333297)	(33.0, 99.66666666666633)	(34.0, 108.33333333333287)	(35.0, 152.3333333333333)	(36.0, 204.00000000000142)	(37.0, 349.3333333333309)	(38.0, 21674.666666659337)	(39.0, 97697.99999972271)	(40.0, 52541.33333342952)	(41.0, 3988.0000000006958)	(42.0, 1677.6666666665644)	(43.0, 16514.000000011445)	(44.0, 24802.99999998129)	(45.0, 11919.000000003798)	(46.0, 12144.333333337541)	(47.0, 11774.333333336868)	(48.0, 9213.33333333221)	(49.0, 9163.666666665453)	(50.0, 12539.000000004926)	(51.0, 22340.666666656914)	(52.0, 25770.333333311104)	(53.0, 24608.33333331533)	(54.0, 28274.666666635327)	(55.0, 19883.999999999185)	(56.0, 11896.666666670424)	(57.0, 9116.999999998701)	(58.0, 5862.333333332472)	(59.0, 2832.3333333335036)	(60.0, 1076.3333333333678)	(61.0, 419.9999999999936)	(62.0, 218.00000000000182)	(63.0, 67.00000000000013)	(64.0, 27.999999999999968)	(65.0, 21.666666666666657)	(66.0, 16.00000000000001)	(67.0, 18.000000000000004)	(68.0, 19.333333333333332)	(69.0, 20.66666666666666)	(70.0, 28.666666666666632)	(71.0, 33.33333333333329)	(72.0, 46.66666666666672)	(73.0, 86.33333333333319)	(74.0, 143.99999999999972)	(75.0, 255.00000000000287)	(76.0, 322.6666666666658)	(77.0, 267.6666666666689)	(78.0, 181.66666666666745)	(79.0, 100.99999999999964)	(80.0, 85.66666666666653)	(81.0, 133.6666666666661)	(82.0, 175.33333333333394)	(83.0, 158.33333333333346)	(84.0, 78.3333333333333)	(85.0, 15.333333333333343)	(86.0, 1.0)	(87.0, 0.0)	(88.0, 0.0)	(89.0, 0.3333333333333333)	(90.0, 0.3333333333333333)	(91.0, 0.0)	(92.0, 0.0)	(93.0, 0.6666666666666666)	(94.0, 1.0)	(95.0, 3.0)	(96.0, 1.0)	(97.0, 1.3333333333333333)	(98.0, 0.3333333333333333)	(99.0, 0.3333333333333333)	(100.0, 0.5)
112023-BEL-CBC-T4-400-OFAV_S88_R1_16S	(0.0, 0.0)	(1.0, 0.0)	(2.0, 0.0)	(3.0, 0.0)	(4.0, 0.0)	(5.0, 0.0)	(6.0, 0.0)	(7.0, 0.0)	(8.0, 0.0)	(9.0, 0.0)	(10.0, 0.0)	(11.0, 0.0)	(12.0, 0.0)	(13.0, 0.0)	(14.0, 0.0)	(15.0, 0.0)	(16.0, 0.0)	(17.0, 0.0)	(18.0, 0.0)	(19.0, 0.0)	(20.0, 0.0)	(21.0, 0.0)	(22.0, 0.0)	(23.0, 1.6666666666666665)	(24.0, 1.3333333333333333)	(25.0, 3.666666666666667)	(26.0, 16.00000000000001)	(27.0, 70.66666666666674)	(28.0, 1686.9999999998956)	(29.0, 96354.3333330756)	(30.0, 232031.66666884202)	(31.0, 97380.33333306067)	(32.0, 7194.33333333126)	(33.0, 1369.3333333333012)	(34.0, 715.3333333333447)	(35.0, 369.6666666666631)	(36.0, 223.3333333333353)	(37.0, 162.6666666666669)	(38.0, 387.33333333332877)	(39.0, 811.0000000000223)	(40.0, 727.6666666666795)	(41.0, 972.6666666667073)	(42.0, 727.3333333333461)	(43.0, 1406.9999999999593)	(44.0, 1869.6666666665208)	(45.0, 1227.3333333333335)	(46.0, 709.3333333333441)	(47.0, 581.3333333333295)	(48.0, 1161.0000000000152)	(49.0, 2205.3333333332184)	(50.0, 3538.3333333338246)	(51.0, 8221.66666666374)	(52.0, 8352.333333330644)	(53.0, 4539.000000000342)	(54.0, 1834.6666666665287)	(55.0, 1535.6666666665967)	(56.0, 1164.666666666681)	(57.0, 487.6666666666564)	(58.0, 256.0000000000029)	(59.0, 194.00000000000114)	(60.0, 157.66666666666677)	(61.0, 60.00000000000015)	(62.0, 19.666666666666664)	(63.0, 17.33333333333334)	(64.0, 12.666666666666671)	(65.0, 10.333333333333334)	(66.0, 11.000000000000002)	(67.0, 9.333333333333332)	(68.0, 6.999999999999997)	(69.0, 5.333333333333332)	(70.0, 6.999999999999997)	(71.0, 10.666666666666668)	(72.0, 14.333333333333341)	(73.0, 23.333333333333318)	(74.0, 24.666666666666647)	(75.0, 30.999999999999957)	(76.0, 28.999999999999964)	(77.0, 21.333333333333325)	(78.0, 16.00000000000001)	(79.0, 18.000000000000004)	(80.0, 21.333333333333325)	(81.0, 21.666666666666657)	(82.0, 31.999999999999954)	(83.0, 49.33333333333341)	(84.0, 40.00000000000001)	(85.0, 12.333333333333337)	(86.0, 1.6666666666666665)	(87.0, 1.0)	(88.0, 1.3333333333333333)	(89.0, 1.6666666666666665)	(90.0, 1.3333333333333333)	(91.0, 0.0)	(92.0, 0.0)	(93.0, 1.0)	(94.0, 3.0)	(95.0, 3.666666666666667)	(96.0, 6.666666666666664)	(97.0, 4.0)	(98.0, 2.333333333333333)	(99.0, 1.9999999999999998)	(100.0, 0.5)
122022-BEL-CBC-T1-123-OANN_S30_R1_16S	(0.0, 0.0)	(1.0, 0.0)	(2.0, 0.0)	(3.0, 0.0)	(4.0, 0.0)	(5.0, 0.0)	(6.0, 0.0)	(7.0, 0.0)	(8.0, 0.0)	(9.0, 0.0)	(10.0, 0.0)	(11.0, 0.0)	(12.0, 0.0)	(13.0, 0.0)	(14.0, 0.0)	(15.0, 0.0)	(16.0, 0.0)	(17.0, 0.0)	(18.0, 0.0)	(19.0, 0.0)	(20.0, 0.0)	(21.0, 0.0)	(22.0, 0.0)	(23.0, 0.3333333333333333)	(24.0, 6.333333333333331)	(25.0, 16.00000000000001)	(26.0, 17.000000000000007)	(27.0, 31.33333333333329)	(28.0, 119.66666666666605)	(29.0, 932.3333333333694)	(30.0, 174807.0000005099)	(31.0, 328095.6666658795)	(32.0, 30407.666666627567)	(33.0, 3037.6666666669303)	(34.0, 1213.0000000000034)	(35.0, 624.3333333333344)	(36.0, 361.66666666666356)	(37.0, 210.33333333333493)	(38.0, 169.00000000000043)	(39.0, 288.0000000000011)	(40.0, 341.3333333333314)	(41.0, 3316.00000000039)	(42.0, 2145.333333333191)	(43.0, 803.6666666666881)	(44.0, 966.6666666667066)	(45.0, 477.9999999999903)	(46.0, 511.3333333333217)	(47.0, 11998.333333337276)	(48.0, 18645.666666670357)	(49.0, 11134.666666669038)	(50.0, 6765.3333333316505)	(51.0, 5091.333333333173)	(52.0, 9153.999999998769)	(53.0, 5521.333333332782)	(54.0, 6422.333333331962)	(55.0, 3638.6666666672036)	(56.0, 934.666666666703)	(57.0, 965.0000000000398)	(58.0, 667.0000000000059)	(59.0, 741.0000000000143)	(60.0, 1269.9999999999905)	(61.0, 615.3333333333334)	(62.0, 36.999999999999986)	(63.0, 15.333333333333343)	(64.0, 11.66666666666667)	(65.0, 18.000000000000004)	(66.0, 17.33333333333334)	(67.0, 24.99999999999998)	(68.0, 28.666666666666632)	(69.0, 25.666666666666643)	(70.0, 30.333333333333293)	(71.0, 49.66666666666674)	(72.0, 116.33333333333276)	(73.0, 264.00000000000244)	(74.0, 375.33333333332945)	(75.0, 257.33333333333616)	(76.0, 83.99999999999989)	(77.0, 26.66666666666664)	(78.0, 33.66666666666663)	(79.0, 55.33333333333345)	(80.0, 102.99999999999962)	(81.0, 167.3333333333337)	(82.0, 309.6666666666665)	(83.0, 593.6666666666642)	(84.0, 2575.66666666672)	(85.0, 7799.666666664043)	(86.0, 2646.6666666667525)	(87.0, 7.33333333333333)	(88.0, 0.3333333333333333)	(89.0, 0.6666666666666666)	(90.0, 0.6666666666666666)	(91.0, 0.3333333333333333)	(92.0, 0.0)	(93.0, 0.6666666666666666)	(94.0, 4.333333333333333)	(95.0, 4.666666666666666)	(96.0, 4.333333333333333)	(97.0, 3.666666666666667)	(98.0, 1.0)	(99.0, 0.3333333333333333)	(100.0, 0.0)
122022-BEL-CBC-T1-151-MCAV_S62_R1_16S	(0.0, 0.0)	(1.0, 0.0)	(2.0, 0.0)	(3.0, 0.0)	(4.0, 0.0)	(5.0, 0.0)	(6.0, 0.0)	(7.0, 0.0)	(8.0, 0.0)	(9.0, 0.0)	(10.0, 0.0)	(11.0, 0.0)	(12.0, 0.0)	(13.0, 0.0)	(14.0, 0.0)	(15.0, 0.0)	(16.0, 0.0)	(17.0, 0.0)	(18.0, 0.0)	(19.0, 0.0)	(20.0, 0.0)	(21.0, 0.0)	(22.0, 0.0)	(23.0, 0.0)	(24.0, 0.0)	(25.0, 0.3333333333333333)	(26.0, 0.3333333333333333)	(27.0, 0.6666666666666666)	(28.0, 106.99999999999956)	(29.0, 5143.999999999792)	(30.0, 7953.33333333057)	(31.0, 2072.6666666664914)	(32.0, 196.66666666666788)	(33.0, 60.333333333333485)	(34.0, 34.3333333333333)	(35.0, 21.333333333333325)	(36.0, 13.33333333333334)	(37.0, 14.333333333333341)	(38.0, 232.00000000000222)	(39.0, 727.6666666666795)	(40.0, 451.33333333332513)	(41.0, 199.33333333333462)	(42.0, 235.666666666669)	(43.0, 806.0000000000217)	(44.0, 693.0000000000089)	(45.0, 135.9999999999995)	(46.0, 142.333333333333)	(47.0, 406.9999999999943)	(48.0, 808.3333333333553)	(49.0, 7275.999999997853)	(50.0, 12185.66666667095)	(51.0, 5013.666666666577)	(52.0, 3196.333333333669)	(53.0, 3688.0000000005593)	(54.0, 7604.333333330887)	(55.0, 9382.666666665851)	(56.0, 3779.333333333934)	(57.0, 2877.6666666668575)	(58.0, 1617.3333333332448)	(59.0, 195.66666666666785)	(60.0, 69.0000000000001)	(61.0, 218.33333333333516)	(62.0, 114.66666666666612)	(63.0, 7.9999999999999964)	(64.0, 0.6666666666666666)	(65.0, 1.6666666666666665)	(66.0, 1.9999999999999998)	(67.0, 3.0)	(68.0, 1.9999999999999998)	(69.0, 2.6666666666666665)	(70.0, 9.666666666666666)	(71.0, 14.333333333333341)	(72.0, 26.66666666666664)	(73.0, 43.00000000000003)	(74.0, 59.00000000000014)	(75.0, 89.66666666666647)	(76.0, 97.66666666666636)	(77.0, 59.00000000000014)	(78.0, 45.666666666666714)	(79.0, 75.66666666666667)	(80.0, 136.99999999999952)	(81.0, 234.00000000000227)	(82.0, 343.6666666666646)	(83.0, 346.3333333333311)	(84.0, 185.33333333333422)	(85.0, 35.33333333333331)	(86.0, 2.333333333333333)	(87.0, 0.0)	(88.0, 0.0)	(89.0, 0.0)	(90.0, 0.0)	(91.0, 0.0)	(92.0, 0.0)	(93.0, 0.0)	(94.0, 0.0)	(95.0, 0.0)	(96.0, 0.3333333333333333)	(97.0, 0.3333333333333333)	(98.0, 0.3333333333333333)	(99.0, 0.6666666666666666)	(100.0, 0.0)
122022-BEL-CBC-T2-100-PAST_S15_R1_16S	(0.0, 0.0)	(1.0, 0.0)	(2.0, 0.0)	(3.0, 0.0)	(4.0, 0.0)	(5.0, 0.0)	(6.0, 0.0)	(7.0, 0.0)	(8.0, 0.0)	(9.0, 0.0)	(10.0, 0.0)	(11.0, 0.0)	(12.0, 0.0)	(13.0, 0.0)	(14.0, 0.0)	(15.0, 0.0)	(16.0, 0.0)	(17.0, 0.0)	(18.0, 0.0)	(19.0, 0.0)	(20.0, 0.0)	(21.0, 0.0)	(22.0, 0.0)	(23.0, 0.0)	(24.0, 0.0)	(25.0, 0.0)	(26.0, 0.3333333333333333)	(27.0, 0.6666666666666666)	(28.0, 2.6666666666666665)	(29.0, 94.33333333333307)	(30.0, 441.666666666659)	(31.0, 500.33333333332234)	(32.0, 125.66666666666596)	(33.0, 13.666666666666673)	(34.0, 14.333333333333341)	(35.0, 13.666666666666673)	(36.0, 8.33333333333333)	(37.0, 11.333333333333336)	(38.0, 91.99999999999977)	(39.0, 355.9999999999972)	(40.0, 71044.00000011058)	(41.0, 136252.99999938783)	(42.0, 13226.666666672843)	(43.0, 5691.66666666596)	(44.0, 3878.6666666673127)	(45.0, 992.6666666667096)	(46.0, 1653.3333333332366)	(47.0, 3772.6666666672645)	(48.0, 3543.6666666671604)	(49.0, 3287.000000000377)	(50.0, 3212.000000000343)	(51.0, 4212.666666667305)	(52.0, 6580.999999998485)	(53.0, 15081.333333342884)	(54.0, 17508.33333334116)	(55.0, 11214.666666669184)	(56.0, 8640.999999997835)	(57.0, 8461.666666664176)	(58.0, 5278.666666666336)	(59.0, 3388.66666666709)	(60.0, 2073.666666666492)	(61.0, 802.666666666688)	(62.0, 349.3333333333309)	(63.0, 174.00000000000057)	(64.0, 46.333333333333385)	(65.0, 19.333333333333332)	(66.0, 25.33333333333331)	(67.0, 36.66666666666665)	(68.0, 53.66666666666677)	(69.0, 64.00000000000017)	(70.0, 50.333333333333414)	(71.0, 62.666666666666835)	(72.0, 134.99999999999946)	(73.0, 366.9999999999966)	(74.0, 701.3333333333431)	(75.0, 519.6666666666558)	(76.0, 148.33333333333317)	(77.0, 16.00000000000001)	(78.0, 11.66666666666667)	(79.0, 28.999999999999964)	(80.0, 52.666666666666764)	(81.0, 57.6666666666668)	(82.0, 68.33333333333344)	(83.0, 140.6666666666663)	(84.0, 681.6666666666742)	(85.0, 3027.0000000002588)	(86.0, 1176.333333333345)	(87.0, 2.333333333333333)	(88.0, 0.3333333333333333)	(89.0, 0.3333333333333333)	(90.0, 0.0)	(91.0, 0.0)	(92.0, 0.0)	(93.0, 0.0)	(94.0, 0.3333333333333333)	(95.0, 1.6666666666666665)	(96.0, 3.666666666666667)	(97.0, 1.0)	(98.0, 0.3333333333333333)	(99.0, 0.3333333333333333)	(100.0, 0.5)
122022-BEL-CBC-T2-83-PAST_S75_R1_16S	(0.0, 0.0)	(1.0, 0.0)	(2.0, 0.0)	(3.0, 0.0)	(4.0, 0.0)	(5.0, 0.0)	(6.0, 0.0)	(7.0, 0.0)	(8.0, 0.0)	(9.0, 0.0)	(10.0, 0.0)	(11.0, 0.0)	(12.0, 0.0)	(13.0, 0.0)	(14.0, 0.0)	(15.0, 0.0)	(16.0, 0.0)	(17.0, 0.0)	(18.0, 0.0)	(19.0, 0.0)	(20.0, 0.0)	(21.0, 0.0)	(22.0, 0.0)	(23.0, 0.0)	(24.0, 0.0)	(25.0, 0.0)	(26.0, 3.3333333333333335)	(27.0, 176.6666666666673)	(28.0, 578.9999999999959)	(29.0, 563.9999999999942)	(30.0, 379.3333333333292)	(31.0, 136.33333333333283)	(32.0, 34.666666666666636)	(33.0, 19.333333333333332)	(34.0, 34.3333333333333)	(35.0, 33.999999999999964)	(36.0, 35.66666666666664)	(37.0, 404.3333333333278)	(38.0, 2312.333333333267)	(39.0, 2881.333333333526)	(40.0, 26845.333333307193)	(41.0, 60123.00000015135)	(42.0, 26497.999999975124)	(43.0, 10165.333333333941)	(44.0, 12754.000000005317)	(45.0, 6393.999999998655)	(46.0, 3426.00000000044)	(47.0, 5131.333333333137)	(48.0, 6380.666666665334)	(49.0, 3108.6666666669626)	(50.0, 1753.9999999998804)	(51.0, 2659.0000000000914)	(52.0, 4054.000000000726)	(53.0, 5653.999999999328)	(54.0, 6679.666666665062)	(55.0, 5963.999999999046)	(56.0, 4618.333333333603)	(57.0, 3330.0000000003965)	(58.0, 2241.333333333235)	(59.0, 1936.9999999998388)	(60.0, 8782.333333331426)	(61.0, 16517.333333344766)	(62.0, 6341.666666665369)	(63.0, 392.9999999999951)	(64.0, 15.666666666666677)	(65.0, 5.333333333333332)	(66.0, 7.9999999999999964)	(67.0, 10.0)	(68.0, 8.999999999999998)	(69.0, 10.0)	(70.0, 10.0)	(71.0, 7.33333333333333)	(72.0, 7.666666666666663)	(73.0, 6.333333333333331)	(74.0, 14.333333333333341)	(75.0, 18.666666666666668)	(76.0, 19.333333333333332)	(77.0, 17.66666666666667)	(78.0, 15.000000000000009)	(79.0, 12.333333333333337)	(80.0, 17.33333333333334)	(81.0, 24.333333333333314)	(82.0, 32.333333333333286)	(83.0, 30.666666666666625)	(84.0, 16.666666666666675)	(85.0, 3.3333333333333335)	(86.0, 1.6666666666666665)	(87.0, 1.9999999999999998)	(88.0, 3.3333333333333335)	(89.0, 4.999999999999999)	(90.0, 3.666666666666667)	(91.0, 0.0)	(92.0, 0.0)	(93.0, 0.6666666666666666)	(94.0, 1.6666666666666665)	(95.0, 1.9999999999999998)	(96.0, 1.9999999999999998)	(97.0, 1.6666666666666665)	(98.0, 0.3333333333333333)	(99.0, 0.3333333333333333)	(100.0, 0.0)
122022-BEL-CBC-T2-88-MCAV_S89_R1_16S	(0.0, 0.0)	(1.0, 0.0)	(2.0, 0.0)	(3.0, 0.0)	(4.0, 0.0)	(5.0, 0.0)	(6.0, 0.0)	(7.0, 0.0)	(8.0, 0.0)	(9.0, 0.0)	(10.0, 0.0)	(11.0, 0.0)	(12.0, 0.0)	(13.0, 0.0)	(14.0, 0.0)	(15.0, 0.0)	(16.0, 0.0)	(17.0, 0.0)	(18.0, 0.0)	(19.0, 0.0)	(20.0, 0.0)	(21.0, 0.0)	(22.0, 0.0)	(23.0, 0.0)	(24.0, 0.0)	(25.0, 0.6666666666666666)	(26.0, 1.6666666666666665)	(27.0, 32.333333333333286)	(28.0, 10528.000000001268)	(29.0, 81921.66666661896)	(30.0, 78975.3333333285)	(31.0, 13877.333333340694)	(32.0, 1179.6666666666777)	(33.0, 490.99999999998954)	(34.0, 279.6666666666682)	(35.0, 189.000000000001)	(36.0, 135.3333333333328)	(37.0, 83.99999999999989)	(38.0, 59.33333333333348)	(39.0, 59.66666666666681)	(40.0, 232.33333333333556)	(41.0, 1531.9999999999309)	(42.0, 3119.0000000003006)	(43.0, 6311.999999998729)	(44.0, 5553.666666666086)	(45.0, 1826.9999999998638)	(46.0, 1811.3333333332007)	(47.0, 2404.6666666666424)	(48.0, 2232.666666666564)	(49.0, 2190.9999999998786)	(50.0, 2834.3333333335045)	(51.0, 3347.0000000004043)	(52.0, 4720.000000000177)	(53.0, 7768.666666664071)	(54.0, 9144.666666665418)	(55.0, 5299.333333332984)	(56.0, 2830.3333333335027)	(57.0, 2063.333333333154)	(58.0, 1244.3333333333296)	(59.0, 730.6666666666798)	(60.0, 292.33333333333417)	(61.0, 59.00000000000014)	(62.0, 20.33333333333333)	(63.0, 4.0)	(64.0, 0.3333333333333333)	(65.0, 0.6666666666666666)	(66.0, 1.0)	(67.0, 1.3333333333333333)	(68.0, 1.3333333333333333)	(69.0, 1.0)	(70.0, 2.6666666666666665)	(71.0, 3.666666666666667)	(72.0, 6.666666666666664)	(73.0, 15.333333333333343)	(74.0, 33.33333333333329)	(75.0, 80.33333333333327)	(76.0, 126.99999999999928)	(77.0, 131.99999999999937)	(78.0, 118.33333333333273)	(79.0, 116.66666666666609)	(80.0, 138.99999999999957)	(81.0, 374.99999999999613)	(82.0, 1292.666666666652)	(83.0, 2527.6666666666983)	(84.0, 1767.666666666544)	(85.0, 397.9999999999948)	(86.0, 19.666666666666664)	(87.0, 1.6666666666666665)	(88.0, 2.333333333333333)	(89.0, 3.666666666666667)	(90.0, 5.333333333333332)	(91.0, 1.0)	(92.0, 0.0)	(93.0, 0.0)	(94.0, 0.6666666666666666)	(95.0, 1.3333333333333333)	(96.0, 1.3333333333333333)	(97.0, 2.333333333333333)	(98.0, 1.6666666666666665)	(99.0, 0.6666666666666666)	(100.0, 0.0)
122022-BEL-CBC-T2-90-SSID_S64_R1_16S	(0.0, 0.0)	(1.0, 0.0)	(2.0, 0.0)	(3.0, 0.0)	(4.0, 0.0)	(5.0, 0.0)	(6.0, 0.0)	(7.0, 0.0)	(8.0, 0.0)	(9.0, 0.0)	(10.0, 0.0)	(11.0, 0.0)	(12.0, 0.0)	(13.0, 0.0)	(14.0, 0.0)	(15.0, 0.0)	(16.0, 0.0)	(17.0, 0.0)	(18.0, 0.0)	(19.0, 0.0)	(20.0, 0.0)	(21.0, 0.0)	(22.0, 0.0)	(23.0, 0.0)	(24.0, 0.3333333333333333)	(25.0, 0.0)	(26.0, 0.0)	(27.0, 0.3333333333333333)	(28.0, 34.99999999999997)	(29.0, 558.9999999999936)	(30.0, 1480.6666666666092)	(31.0, 929.3333333333691)	(32.0, 106.66666666666623)	(33.0, 33.999999999999964)	(34.0, 30.666666666666625)	(35.0, 52.00000000000009)	(36.0, 98.66666666666634)	(37.0, 1543.3333333332616)	(38.0, 78164.3333333403)	(39.0, 171006.66666706596)	(40.0, 62103.666666832425)	(41.0, 4416.333333333787)	(42.0, 6551.999999998511)	(43.0, 26188.666666642916)	(44.0, 20931.999999995372)	(45.0, 4508.333333333703)	(46.0, 2630.000000000078)	(47.0, 2764.000000000139)	(48.0, 2453.6666666666647)	(49.0, 2714.33333333345)	(50.0, 4603.000000000284)	(51.0, 7639.999999997522)	(52.0, 10981.333333335426)	(53.0, 13450.66666667325)	(54.0, 14059.666666674359)	(55.0, 8462.999999997512)	(56.0, 4410.000000000459)	(57.0, 3318.000000000391)	(58.0, 1800.9999999998697)	(59.0, 886.3333333333642)	(60.0, 500.66666666665566)	(61.0, 283.00000000000136)	(62.0, 137.33333333333286)	(63.0, 91.66666666666644)	(64.0, 72.66666666666671)	(65.0, 68.66666666666677)	(66.0, 88.99999999999982)	(67.0, 117.33333333333275)	(68.0, 140.6666666666663)	(69.0, 173.00000000000054)	(70.0, 186.6666666666676)	(71.0, 190.33333333333437)	(72.0, 201.33333333333468)	(73.0, 210.0000000000016)	(74.0, 273.66666666666856)	(75.0, 391.66666666666185)	(76.0, 590.9999999999973)	(77.0, 824.3333333333571)	(78.0, 1217.0000000000025)	(79.0, 1863.9999999998554)	(80.0, 2841.000000000174)	(81.0, 4223.666666667295)	(82.0, 4894.333333333352)	(83.0, 3650.3333333338755)	(84.0, 1445.333333333284)	(85.0, 246.6666666666693)	(86.0, 13.000000000000005)	(87.0, 1.3333333333333333)	(88.0, 0.6666666666666666)	(89.0, 0.6666666666666666)	(90.0, 0.3333333333333333)	(91.0, 0.3333333333333333)	(92.0, 0.6666666666666666)	(93.0, 1.3333333333333333)	(94.0, 1.9999999999999998)	(95.0, 1.9999999999999998)	(96.0, 3.3333333333333335)	(97.0, 3.0)	(98.0, 2.333333333333333)	(99.0, 3.0)	(100.0, 1.0)
122022-BEL-CBC-T2-93-OFAV_S9_R1_16S	(0.0, 0.0)	(1.0, 0.0)	(2.0, 0.0)	(3.0, 0.0)	(4.0, 0.0)	(5.0, 0.0)	(6.0, 0.0)	(7.0, 0.0)	(8.0, 0.0)	(9.0, 0.0)	(10.0, 0.0)	(11.0, 0.0)	(12.0, 0.0)	(13.0, 0.0)	(14.0, 0.0)	(15.0, 0.0)	(16.0, 0.0)	(17.0, 0.0)	(18.0, 0.0)	(19.0, 0.0)	(20.0, 0.0)	(21.0, 0.0)	(22.0, 1.0)	(23.0, 0.3333333333333333)	(24.0, 7.666666666666663)	(25.0, 15.666666666666677)	(26.0, 25.33333333333331)	(27.0, 33.999999999999964)	(28.0, 89.66666666666647)	(29.0, 491.33333333332286)	(30.0, 50144.333333412076)	(31.0, 97149.33333306403)	(32.0, 10618.6666666681)	(33.0, 1041.3333333333758)	(34.0, 421.99999999999346)	(35.0, 198.66666666666794)	(36.0, 116.66666666666609)	(37.0, 85.66666666666653)	(38.0, 75.66666666666667)	(39.0, 118.33333333333273)	(40.0, 122.33333333333267)	(41.0, 161.33333333333354)	(42.0, 553.9999999999931)	(43.0, 878.3333333333633)	(44.0, 658.6666666666716)	(45.0, 136.66666666666617)	(46.0, 211.00000000000162)	(47.0, 2587.6666666667256)	(48.0, 3565.6666666671704)	(49.0, 2122.666666666514)	(50.0, 975.6666666667077)	(51.0, 1122.3333333333574)	(52.0, 865.3333333333618)	(53.0, 708.6666666666773)	(54.0, 1128.333333333356)	(55.0, 1186.666666666676)	(56.0, 754.3333333333492)	(57.0, 435.66666666665935)	(58.0, 123.33333333333266)	(59.0, 56.33333333333346)	(60.0, 69.33333333333343)	(61.0, 31.33333333333329)	(62.0, 4.999999999999999)	(63.0, 3.0)	(64.0, 4.0)	(65.0, 11.000000000000002)	(66.0, 12.666666666666671)	(67.0, 27.999999999999968)	(68.0, 31.33333333333329)	(69.0, 31.999999999999954)	(70.0, 34.99999999999997)	(71.0, 54.66666666666678)	(72.0, 116.66666666666609)	(73.0, 295.333333333334)	(74.0, 552.999999999993)	(75.0, 398.99999999999477)	(76.0, 119.66666666666605)	(77.0, 18.000000000000004)	(78.0, 12.000000000000004)	(79.0, 17.33333333333334)	(80.0, 25.999999999999975)	(81.0, 36.66666666666665)	(82.0, 68.33333333333344)	(83.0, 136.66666666666617)	(84.0, 691.333333333342)	(85.0, 2643.3333333334176)	(86.0, 988.0000000000424)	(87.0, 1.3333333333333333)	(88.0, 0.3333333333333333)	(89.0, 0.6666666666666666)	(90.0, 0.0)	(91.0, 0.0)	(92.0, 0.0)	(93.0, 0.0)	(94.0, 0.0)	(95.0, 0.6666666666666666)	(96.0, 1.0)	(97.0, 0.6666666666666666)	(98.0, 0.3333333333333333)	(99.0, 0.3333333333333333)	(100.0, 0.0)
122022-BEL-CBC-T2-94-PAST_S16_R1_16S	(0.0, 0.0)	(1.0, 0.0)	(2.0, 0.0)	(3.0, 0.0)	(4.0, 0.0)	(5.0, 0.0)	(6.0, 0.0)	(7.0, 0.0)	(8.0, 0.0)	(9.0, 0.0)	(10.0, 0.0)	(11.0, 0.0)	(12.0, 0.0)	(13.0, 0.0)	(14.0, 0.0)	(15.0, 0.0)	(16.0, 0.0)	(17.0, 0.0)	(18.0, 0.0)	(19.0, 0.0)	(20.0, 0.0)	(21.0, 0.0)	(22.0, 0.0)	(23.0, 0.0)	(24.0, 0.0)	(25.0, 0.0)	(26.0, 0.3333333333333333)	(27.0, 10.333333333333334)	(28.0, 17.66666666666667)	(29.0, 147.6666666666665)	(30.0, 532.3333333333239)	(31.0, 735.0000000000136)	(32.0, 189.33333333333434)	(33.0, 35.66666666666664)	(34.0, 24.666666666666647)	(35.0, 11.66666666666667)	(36.0, 10.333333333333334)	(37.0, 17.000000000000007)	(38.0, 43.6666666666667)	(39.0, 164.66666666666697)	(40.0, 1781.999999999874)	(41.0, 45044.666666708305)	(42.0, 27106.666666639576)	(43.0, 10056.333333333743)	(44.0, 5639.666666666008)	(45.0, 1867.9999999998545)	(46.0, 1466.6666666666124)	(47.0, 2280.3333333332525)	(48.0, 1989.3333333331602)	(49.0, 1407.3333333332926)	(50.0, 1159.0000000000157)	(51.0, 1497.9999999999386)	(52.0, 2518.0000000000273)	(53.0, 5788.999999999205)	(54.0, 11621.33333333659)	(55.0, 20394.666666663994)	(56.0, 22625.99999998921)	(57.0, 4560.666666666989)	(58.0, 4627.333333333595)	(59.0, 61395.666666827274)	(60.0, 98751.33333304072)	(61.0, 34342.66666663044)	(62.0, 495.66666666665594)	(63.0, 83.99999999999989)	(64.0, 25.999999999999975)	(65.0, 29.99999999999996)	(66.0, 56.66666666666679)	(67.0, 68.33333333333344)	(68.0, 72.66666666666671)	(69.0, 73.6666666666667)	(70.0, 66.00000000000014)	(71.0, 90.33333333333313)	(72.0, 207.0000000000015)	(73.0, 571.6666666666617)	(74.0, 1018.3333333333792)	(75.0, 742.6666666666812)	(76.0, 217.66666666666848)	(77.0, 33.999999999999964)	(78.0, 21.666666666666657)	(79.0, 28.666666666666632)	(80.0, 49.00000000000007)	(81.0, 70.33333333333341)	(82.0, 87.99999999999983)	(83.0, 154.33333333333334)	(84.0, 795.0000000000205)	(85.0, 3608.3333333338564)	(86.0, 1465.9999999999459)	(87.0, 4.333333333333333)	(88.0, 1.9999999999999998)	(89.0, 0.6666666666666666)	(90.0, 0.0)	(91.0, 0.0)	(92.0, 0.0)	(93.0, 0.3333333333333333)	(94.0, 1.3333333333333333)	(95.0, 2.333333333333333)	(96.0, 2.6666666666666665)	(97.0, 1.9999999999999998)	(98.0, 0.6666666666666666)	(99.0, 0.3333333333333333)	(100.0, 0.0)
122022-BEL-CBC-T4-34-PSTR_S25_R1_16S	(0.0, 0.0)	(1.0, 0.0)	(2.0, 0.0)	(3.0, 0.0)	(4.0, 0.0)	(5.0, 0.0)	(6.0, 0.0)	(7.0, 0.0)	(8.0, 0.0)	(9.0, 0.0)	(10.0, 0.0)	(11.0, 0.0)	(12.0, 0.0)	(13.0, 0.0)	(14.0, 0.0)	(15.0, 0.0)	(16.0, 0.0)	(17.0, 0.0)	(18.0, 0.0)	(19.0, 0.0)	(20.0, 0.0)	(21.0, 0.0)	(22.0, 0.0)	(23.0, 0.0)	(24.0, 0.0)	(25.0, 0.0)	(26.0, 0.0)	(27.0, 0.0)	(28.0, 10.0)	(29.0, 237.66666666666904)	(30.0, 963.6666666667063)	(31.0, 1198.6666666666733)	(32.0, 180.00000000000074)	(33.0, 34.3333333333333)	(34.0, 16.333333333333343)	(35.0, 5.333333333333332)	(36.0, 4.666666666666666)	(37.0, 4.666666666666666)	(38.0, 26.333333333333307)	(39.0, 142.66666666666634)	(40.0, 100.99999999999964)	(41.0, 406.9999999999943)	(42.0, 288.6666666666677)	(43.0, 123.99999999999932)	(44.0, 83.99999999999989)	(45.0, 21.99999999999999)	(46.0, 21.99999999999999)	(47.0, 38.33333333333333)	(48.0, 69.0000000000001)	(49.0, 69.66666666666676)	(50.0, 835.6666666666918)	(51.0, 1438.3333333332855)	(52.0, 1126.3333333333564)	(53.0, 1356.6666666666374)	(54.0, 244.00000000000256)	(55.0, 611.9999999999997)	(56.0, 325.9999999999989)	(57.0, 36.66666666666665)	(58.0, 13.666666666666673)	(59.0, 3.3333333333333335)	(60.0, 2.6666666666666665)	(61.0, 6.666666666666664)	(62.0, 28.666666666666632)	(63.0, 6.333333333333331)	(64.0, 1.3333333333333333)	(65.0, 4.666666666666666)	(66.0, 9.333333333333332)	(67.0, 14.000000000000007)	(68.0, 15.666666666666677)	(69.0, 14.666666666666675)	(70.0, 18.333333333333336)	(71.0, 26.66666666666664)	(72.0, 57.6666666666668)	(73.0, 136.33333333333283)	(74.0, 193.6666666666678)	(75.0, 119.99999999999937)	(76.0, 36.333333333333314)	(77.0, 15.666666666666677)	(78.0, 28.999999999999964)	(79.0, 51.33333333333342)	(80.0, 83.66666666666656)	(81.0, 129.99999999999932)	(82.0, 251.3333333333361)	(83.0, 583.9999999999965)	(84.0, 2436.9999999999905)	(85.0, 5324.333333332961)	(86.0, 1456.6666666666147)	(87.0, 6.333333333333331)	(88.0, 1.6666666666666665)	(89.0, 1.0)	(90.0, 0.0)	(91.0, 0.0)	(92.0, 0.0)	(93.0, 0.0)	(94.0, 0.0)	(95.0, 0.3333333333333333)	(96.0, 0.3333333333333333)	(97.0, 0.0)	(98.0, 0.0)	(99.0, 0.0)	(100.0, 0.0)
122023-BEL-CBC-T1-509-MCAV_S26_R1_16S	(0.0, 0.0)	(1.0, 0.0)	(2.0, 0.0)	(3.0, 0.0)	(4.0, 0.0)	(5.0, 0.0)	(6.0, 0.0)	(7.0, 0.0)	(8.0, 0.0)	(9.0, 0.0)	(10.0, 0.0)	(11.0, 0.0)	(12.0, 0.0)	(13.0, 0.0)	(14.0, 0.0)	(15.0, 0.0)	(16.0, 0.0)	(17.0, 0.0)	(18.0, 0.0)	(19.0, 0.0)	(20.0, 0.0)	(21.0, 0.0)	(22.0, 0.0)	(23.0, 0.0)	(24.0, 0.0)	(25.0, 0.0)	(26.0, 0.0)	(27.0, 1.3333333333333333)	(28.0, 94.99999999999973)	(29.0, 11252.333333335919)	(30.0, 46144.00000004964)	(31.0, 20450.999999997122)	(32.0, 1613.3333333332457)	(33.0, 436.6666666666593)	(34.0, 199.66666666666796)	(35.0, 103.33333333333294)	(36.0, 64.3333333333335)	(37.0, 47.66666666666673)	(38.0, 53.66666666666677)	(39.0, 140.33333333333294)	(40.0, 140.6666666666663)	(41.0, 583.6666666666631)	(42.0, 450.6666666666585)	(43.0, 479.66666666665685)	(44.0, 543.3333333333252)	(45.0, 154.66666666666669)	(46.0, 585.6666666666633)	(47.0, 1909.6666666665117)	(48.0, 1668.6666666665665)	(49.0, 462.6666666666578)	(50.0, 262.6666666666692)	(51.0, 331.9999999999986)	(52.0, 642.6666666666698)	(53.0, 538.3333333333246)	(54.0, 337.3333333333316)	(55.0, 307.3333333333333)	(56.0, 262.00000000000256)	(57.0, 248.00000000000267)	(58.0, 154.33333333333334)	(59.0, 94.33333333333307)	(60.0, 44.33333333333337)	(61.0, 17.33333333333334)	(62.0, 4.999999999999999)	(63.0, 2.333333333333333)	(64.0, 3.666666666666667)	(65.0, 5.666666666666665)	(66.0, 7.33333333333333)	(67.0, 12.666666666666671)	(68.0, 16.00000000000001)	(69.0, 23.333333333333318)	(70.0, 33.66666666666663)	(71.0, 64.66666666666683)	(72.0, 121.66666666666602)	(73.0, 184.00000000000085)	(74.0, 182.33333333333414)	(75.0, 93.99999999999974)	(76.0, 26.66666666666664)	(77.0, 12.333333333333337)	(78.0, 19.999999999999996)	(79.0, 27.333333333333304)	(80.0, 19.333333333333332)	(81.0, 21.666666666666657)	(82.0, 48.3333333333334)	(83.0, 117.66666666666607)	(84.0, 229.33333333333547)	(85.0, 199.66666666666796)	(86.0, 39.66666666666667)	(87.0, 0.3333333333333333)	(88.0, 0.6666666666666666)	(89.0, 0.3333333333333333)	(90.0, 0.0)	(91.0, 0.0)	(92.0, 0.0)	(93.0, 0.0)	(94.0, 0.3333333333333333)	(95.0, 0.6666666666666666)	(96.0, 0.3333333333333333)	(97.0, 0.0)	(98.0, 0.0)	(99.0, 0.0)	(100.0, 0.0)
122023-BEL-CBC-T2-514-SSID_S81_R1_16S	(0.0, 0.0)	(1.0, 0.0)	(2.0, 0.0)	(3.0, 0.0)	(4.0, 0.0)	(5.0, 0.0)	(6.0, 0.0)	(7.0, 0.0)	(8.0, 0.0)	(9.0, 0.0)	(10.0, 0.0)	(11.0, 0.0)	(12.0, 0.0)	(13.0, 0.0)	(14.0, 0.0)	(15.0, 0.0)	(16.0, 0.0)	(17.0, 0.0)	(18.0, 0.0)	(19.0, 0.0)	(20.0, 0.0)	(21.0, 0.0)	(22.0, 0.0)	(23.0, 0.6666666666666666)	(24.0, 0.0)	(25.0, 0.3333333333333333)	(26.0, 1.0)	(27.0, 1.3333333333333333)	(28.0, 20.66666666666666)	(29.0, 822.0000000000235)	(30.0, 2178.6666666665396)	(31.0, 1271.99999999999)	(32.0, 247.333333333336)	(33.0, 100.99999999999964)	(34.0, 89.33333333333314)	(35.0, 73.00000000000004)	(36.0, 116.66666666666609)	(37.0, 1918.3333333331764)	(38.0, 63143.00000017332)	(39.0, 137532.3333327584)	(40.0, 53054.666666766585)	(41.0, 4579.000000000306)	(42.0, 2838.3333333335063)	(43.0, 7849.999999997331)	(44.0, 6819.333333331601)	(45.0, 2963.6666666668966)	(46.0, 2999.3333333335795)	(47.0, 2951.000000000224)	(48.0, 2193.333333333213)	(49.0, 1852.999999999858)	(50.0, 2303.99999999993)	(51.0, 3663.000000000548)	(52.0, 4593.666666666959)	(53.0, 4425.333333333779)	(54.0, 5025.666666666566)	(55.0, 4731.3333333335)	(56.0, 3939.333333334007)	(57.0, 3263.3333333336996)	(58.0, 2345.999999999949)	(59.0, 1516.3333333332678)	(60.0, 801.3333333333545)	(61.0, 348.6666666666643)	(62.0, 120.99999999999936)	(63.0, 35.33333333333331)	(64.0, 19.999999999999996)	(65.0, 18.333333333333336)	(66.0, 23.999999999999982)	(67.0, 34.3333333333333)	(68.0, 34.666666666666636)	(69.0, 26.333333333333307)	(70.0, 21.666666666666657)	(71.0, 23.333333333333318)	(72.0, 35.66666666666664)	(73.0, 56.33333333333346)	(74.0, 85.99999999999986)	(75.0, 139.9999999999996)	(76.0, 219.00000000000185)	(77.0, 354.66666666666396)	(78.0, 464.3333333333244)	(79.0, 435.66666666665935)	(80.0, 355.3333333333306)	(81.0, 594.9999999999977)	(82.0, 1283.666666666654)	(83.0, 1726.33333333322)	(84.0, 997.3333333333768)	(85.0, 190.00000000000102)	(86.0, 11.333333333333336)	(87.0, 1.9999999999999998)	(88.0, 1.9999999999999998)	(89.0, 3.0)	(90.0, 2.333333333333333)	(91.0, 0.0)	(92.0, 0.0)	(93.0, 0.6666666666666666)	(94.0, 1.0)	(95.0, 2.333333333333333)	(96.0, 3.0)	(97.0, 1.3333333333333333)	(98.0, 1.9999999999999998)	(99.0, 1.9999999999999998)	(100.0, 1.0)
122023-BEL-CBC-T2-516-MCAV_S20_R1_16S	(0.0, 0.0)	(1.0, 0.0)	(2.0, 0.0)	(3.0, 0.0)	(4.0, 0.0)	(5.0, 0.0)	(6.0, 0.0)	(7.0, 0.0)	(8.0, 0.0)	(9.0, 0.0)	(10.0, 0.0)	(11.0, 0.0)	(12.0, 0.0)	(13.0, 0.0)	(14.0, 0.0)	(15.0, 0.0)	(16.0, 0.0)	(17.0, 0.0)	(18.0, 0.0)	(19.0, 0.0)	(20.0, 0.0)	(21.0, 0.0)	(22.0, 0.0)	(23.0, 0.0)	(24.0, 0.3333333333333333)	(25.0, 0.0)	(26.0, 0.0)	(27.0, 8.33333333333333)	(28.0, 158.6666666666668)	(29.0, 56150.333333455776)	(30.0, 246548.00000259784)	(31.0, 97495.333333059)	(32.0, 3775.666666667266)	(33.0, 1269.6666666666572)	(34.0, 633.3333333333354)	(35.0, 372.66666666666293)	(36.0, 250.6666666666694)	(37.0, 143.99999999999972)	(38.0, 132.33333333333272)	(39.0, 248.33333333333601)	(40.0, 170.66666666666714)	(41.0, 369.9999999999964)	(42.0, 819.6666666666899)	(43.0, 1099.0000000000293)	(44.0, 1425.999999999955)	(45.0, 287.00000000000114)	(46.0, 465.66666666665765)	(47.0, 1426.3333333332882)	(48.0, 1448.3333333332832)	(49.0, 795.3333333333538)	(50.0, 1137.0000000000207)	(51.0, 929.3333333333691)	(52.0, 2825.3333333335004)	(53.0, 3078.000000000282)	(54.0, 1837.9999999998613)	(55.0, 660.3333333333385)	(56.0, 401.9999999999946)	(57.0, 299.00000000000045)	(58.0, 259.00000000000273)	(59.0, 184.00000000000085)	(60.0, 92.99999999999976)	(61.0, 37.99999999999999)	(62.0, 22.666666666666654)	(63.0, 6.666666666666664)	(64.0, 6.999999999999997)	(65.0, 5.666666666666665)	(66.0, 6.999999999999997)	(67.0, 7.666666666666663)	(68.0, 10.333333333333334)	(69.0, 13.666666666666673)	(70.0, 21.99999999999999)	(71.0, 33.999999999999964)	(72.0, 76.33333333333333)	(73.0, 139.33333333333292)	(74.0, 167.00000000000037)	(75.0, 91.33333333333312)	(76.0, 26.333333333333307)	(77.0, 17.000000000000007)	(78.0, 23.999999999999982)	(79.0, 35.66666666666664)	(80.0, 40.33333333333334)	(81.0, 63.00000000000017)	(82.0, 107.33333333333289)	(83.0, 221.0000000000019)	(84.0, 569.6666666666615)	(85.0, 847.3333333333597)	(86.0, 227.00000000000207)	(87.0, 0.6666666666666666)	(88.0, 0.0)	(89.0, 0.0)	(90.0, 0.0)	(91.0, 0.0)	(92.0, 0.0)	(93.0, 1.0)	(94.0, 3.666666666666667)	(95.0, 5.333333333333332)	(96.0, 1.9999999999999998)	(97.0, 0.6666666666666666)	(98.0, 1.3333333333333333)	(99.0, 0.6666666666666666)	(100.0, 0.0)
122023-BEL-CBC-T2-520-PAST_S2_R1_16S	(0.0, 0.0)	(1.0, 0.0)	(2.0, 0.0)	(3.0, 0.0)	(4.0, 0.0)	(5.0, 0.0)	(6.0, 0.0)	(7.0, 0.0)	(8.0, 0.0)	(9.0, 0.0)	(10.0, 0.0)	(11.0, 0.0)	(12.0, 0.0)	(13.0, 0.0)	(14.0, 0.0)	(15.0, 0.0)	(16.0, 0.0)	(17.0, 0.0)	(18.0, 0.0)	(19.0, 0.0)	(20.0, 0.0)	(21.0, 0.0)	(22.0, 0.0)	(23.0, 0.0)	(24.0, 0.0)	(25.0, 0.3333333333333333)	(26.0, 0.3333333333333333)	(27.0, 1.3333333333333333)	(28.0, 11.000000000000002)	(29.0, 438.33333333332587)	(30.0, 1399.3333333332944)	(31.0, 1260.6666666666592)	(32.0, 250.6666666666694)	(33.0, 43.333333333333364)	(34.0, 43.6666666666667)	(35.0, 60.66666666666682)	(36.0, 73.33333333333337)	(37.0, 66.00000000000014)	(38.0, 84.99999999999987)	(39.0, 334.6666666666651)	(40.0, 7983.666666663876)	(41.0, 213256.33333496226)	(42.0, 111526.33333285482)	(43.0, 6449.999999998604)	(44.0, 4174.000000000674)	(45.0, 2131.6666666665183)	(46.0, 3844.6666666672972)	(47.0, 5023.333333333235)	(48.0, 5185.9999999997535)	(49.0, 4540.666666667007)	(50.0, 4364.000000000501)	(51.0, 5406.3333333328865)	(52.0, 8951.999999998401)	(53.0, 33831.999999960055)	(54.0, 33383.999999956795)	(55.0, 14949.666666675977)	(56.0, 10092.000000000475)	(57.0, 7851.666666663996)	(58.0, 5880.333333332455)	(59.0, 2714.33333333345)	(60.0, 1204.3333333333387)	(61.0, 425.6666666666599)	(62.0, 127.66666666666593)	(63.0, 24.99999999999998)	(64.0, 12.666666666666671)	(65.0, 19.333333333333332)	(66.0, 24.333333333333314)	(67.0, 37.99999999999999)	(68.0, 54.00000000000011)	(69.0, 85.99999999999986)	(70.0, 169.00000000000043)	(71.0, 326.33333333333223)	(72.0, 471.333333333324)	(73.0, 425.3333333333266)	(74.0, 451.99999999999176)	(75.0, 285.6666666666679)	(76.0, 75.66666666666667)	(77.0, 32.333333333333286)	(78.0, 51.000000000000085)	(79.0, 78.3333333333333)	(80.0, 135.3333333333328)	(81.0, 250.6666666666694)	(82.0, 434.3333333333261)	(83.0, 873.0000000000293)	(84.0, 3536.666666667157)	(85.0, 10003.66666666698)	(86.0, 3269.000000000369)	(87.0, 8.666666666666664)	(88.0, 1.3333333333333333)	(89.0, 0.3333333333333333)	(90.0, 0.0)	(91.0, 0.3333333333333333)	(92.0, 0.3333333333333333)	(93.0, 0.3333333333333333)	(94.0, 1.9999999999999998)	(95.0, 2.6666666666666665)	(96.0, 3.0)	(97.0, 1.0)	(98.0, 0.6666666666666666)	(99.0, 0.6666666666666666)	(100.0, 0.0)
122023-BEL-CBC-T2-521-OFAV_S90_R1_16S	(0.0, 0.0)	(1.0, 0.0)	(2.0, 0.0)	(3.0, 0.0)	(4.0, 0.0)	(5.0, 0.0)	(6.0, 0.0)	(7.0, 0.0)	(8.0, 0.0)	(9.0, 0.0)	(10.0, 0.0)	(11.0, 0.0)	(12.0, 0.0)	(13.0, 0.0)	(14.0, 0.0)	(15.0, 0.0)	(16.0, 0.0)	(17.0, 0.0)	(18.0, 0.0)	(19.0, 0.0)	(20.0, 0.0)	(21.0, 0.0)	(22.0, 1.0)	(23.0, 4.666666666666666)	(24.0, 7.33333333333333)	(25.0, 14.333333333333341)	(26.0, 25.999999999999975)	(27.0, 77.33333333333331)	(28.0, 1516.666666666601)	(29.0, 88269.66666652658)	(30.0, 210222.0000015406)	(31.0, 87155.99999987612)	(32.0, 6550.333333331846)	(33.0, 1206.6666666666715)	(34.0, 577.6666666666624)	(35.0, 327.9999999999988)	(36.0, 190.6666666666677)	(37.0, 138.66666666666623)	(38.0, 103.9999999999996)	(39.0, 95.99999999999972)	(40.0, 73.33333333333337)	(41.0, 98.66666666666634)	(42.0, 129.99999999999932)	(43.0, 330.333333333332)	(44.0, 433.66666666665947)	(45.0, 259.33333333333604)	(46.0, 217.66666666666848)	(47.0, 395.6666666666616)	(48.0, 773.3333333333513)	(49.0, 1163.333333333348)	(50.0, 1105.3333333333612)	(51.0, 1697.9999999998931)	(52.0, 1833.666666666529)	(53.0, 1380.666666666632)	(54.0, 497.3333333333225)	(55.0, 432.6666666666595)	(56.0, 399.6666666666614)	(57.0, 152.66666666666663)	(58.0, 72.33333333333339)	(59.0, 44.000000000000036)	(60.0, 27.666666666666636)	(61.0, 14.666666666666675)	(62.0, 12.333333333333337)	(63.0, 8.999999999999998)	(64.0, 13.000000000000005)	(65.0, 13.000000000000005)	(66.0, 13.000000000000005)	(67.0, 14.333333333333341)	(68.0, 10.0)	(69.0, 6.999999999999997)	(70.0, 5.999999999999998)	(71.0, 8.666666666666664)	(72.0, 9.333333333333332)	(73.0, 11.333333333333336)	(74.0, 19.0)	(75.0, 18.000000000000004)	(76.0, 23.333333333333318)	(77.0, 22.666666666666654)	(78.0, 16.00000000000001)	(79.0, 9.333333333333332)	(80.0, 8.666666666666664)	(81.0, 10.0)	(82.0, 17.66666666666667)	(83.0, 31.66666666666662)	(84.0, 25.33333333333331)	(85.0, 10.333333333333334)	(86.0, 4.666666666666666)	(87.0, 2.6666666666666665)	(88.0, 4.0)	(89.0, 7.33333333333333)	(90.0, 4.666666666666666)	(91.0, 0.6666666666666666)	(92.0, 0.3333333333333333)	(93.0, 1.0)	(94.0, 3.0)	(95.0, 2.6666666666666665)	(96.0, 2.333333333333333)	(97.0, 2.6666666666666665)	(98.0, 1.0)	(99.0, 0.6666666666666666)	(100.0, 0.5)
122023-BEL-CBC-T3-527-OFAV_S78_R1_16S	(0.0, 0.0)	(1.0, 0.0)	(2.0, 0.0)	(3.0, 0.0)	(4.0, 0.0)	(5.0, 0.0)	(6.0, 0.0)	(7.0, 0.0)	(8.0, 0.0)	(9.0, 0.0)	(10.0, 0.0)	(11.0, 0.0)	(12.0, 0.0)	(13.0, 0.0)	(14.0, 0.0)	(15.0, 0.0)	(16.0, 0.0)	(17.0, 0.0)	(18.0, 0.0)	(19.0, 0.0)	(20.0, 0.0)	(21.0, 0.0)	(22.0, 0.0)	(23.0, 0.3333333333333333)	(24.0, 1.0)	(25.0, 2.333333333333333)	(26.0, 5.666666666666665)	(27.0, 30.999999999999957)	(28.0, 1352.9999999999716)	(29.0, 79595.6666666528)	(30.0, 185906.33333416627)	(31.0, 74887.33333338799)	(32.0, 5271.999999999675)	(33.0, 929.6666666667024)	(34.0, 485.6666666666565)	(35.0, 274.6666666666685)	(36.0, 160.3333333333335)	(37.0, 111.99999999999949)	(38.0, 114.33333333333279)	(39.0, 121.66666666666602)	(40.0, 174.00000000000057)	(41.0, 2287.3333333332557)	(42.0, 7955.666666663901)	(43.0, 8074.999999997126)	(44.0, 7475.666666664338)	(45.0, 5218.9999999997235)	(46.0, 3708.6666666672354)	(47.0, 9602.333333332917)	(48.0, 13095.000000005937)	(49.0, 19606.33333333353)	(50.0, 21748.666666659068)	(51.0, 13251.666666672889)	(52.0, 5422.999999999538)	(53.0, 6220.333333332146)	(54.0, 14002.333333340921)	(55.0, 10769.33333333504)	(56.0, 3732.0000000005793)	(57.0, 2957.666666666894)	(58.0, 1336.666666666642)	(59.0, 293.3333333333341)	(60.0, 105.33333333333292)	(61.0, 44.66666666666671)	(62.0, 15.333333333333343)	(63.0, 7.666666666666663)	(64.0, 2.333333333333333)	(65.0, 2.333333333333333)	(66.0, 1.6666666666666665)	(67.0, 1.9999999999999998)	(68.0, 2.6666666666666665)	(69.0, 0.6666666666666666)	(70.0, 0.6666666666666666)	(71.0, 2.333333333333333)	(72.0, 4.666666666666666)	(73.0, 7.9999999999999964)	(74.0, 7.33333333333333)	(75.0, 14.333333333333341)	(76.0, 14.333333333333341)	(77.0, 11.66666666666667)	(78.0, 10.0)	(79.0, 4.999999999999999)	(80.0, 3.3333333333333335)	(81.0, 3.666666666666667)	(82.0, 6.999999999999997)	(83.0, 12.666666666666671)	(84.0, 8.33333333333333)	(85.0, 1.9999999999999998)	(86.0, 1.6666666666666665)	(87.0, 1.6666666666666665)	(88.0, 1.3333333333333333)	(89.0, 1.9999999999999998)	(90.0, 1.0)	(91.0, 0.0)	(92.0, 0.3333333333333333)	(93.0, 1.3333333333333333)	(94.0, 4.0)	(95.0, 4.333333333333333)	(96.0, 3.3333333333333335)	(97.0, 3.666666666666667)	(98.0, 1.0)	(99.0, 2.333333333333333)	(100.0, 1.0)
122023-BEL-CBC-T3-534-SSID_S27_R1_16S	(0.0, 0.0)	(1.0, 0.0)	(2.0, 0.0)	(3.0, 0.0)	(4.0, 0.0)	(5.0, 0.0)	(6.0, 0.0)	(7.0, 0.0)	(8.0, 0.0)	(9.0, 0.0)	(10.0, 0.0)	(11.0, 0.0)	(12.0, 0.0)	(13.0, 0.0)	(14.0, 0.0)	(15.0, 0.0)	(16.0, 0.0)	(17.0, 0.0)	(18.0, 0.0)	(19.0, 0.0)	(20.0, 0.0)	(21.0, 0.0)	(22.0, 0.0)	(23.0, 0.0)	(24.0, 0.0)	(25.0, 0.0)	(26.0, 0.0)	(27.0, 0.3333333333333333)	(28.0, 4.666666666666666)	(29.0, 138.66666666666623)	(30.0, 717.333333333345)	(31.0, 923.3333333333684)	(32.0, 169.6666666666671)	(33.0, 42.66666666666669)	(34.0, 27.999999999999968)	(35.0, 35.66666666666664)	(36.0, 31.33333333333329)	(37.0, 30.333333333333293)	(38.0, 310.9999999999998)	(39.0, 4312.3333333338815)	(40.0, 2529.3333333333658)	(41.0, 691.6666666666754)	(42.0, 1897.9999999998477)	(43.0, 9106.333333332015)	(44.0, 5215.999999999726)	(45.0, 715.0000000000114)	(46.0, 1243.9999999999964)	(47.0, 2191.6666666665456)	(48.0, 1648.9999999999043)	(49.0, 1399.6666666666276)	(50.0, 1393.9999999999623)	(51.0, 1340.3333333333078)	(52.0, 2894.3333333335318)	(53.0, 2723.0000000001205)	(54.0, 2273.9999999999163)	(55.0, 1941.9999999998377)	(56.0, 1632.999999999908)	(57.0, 1364.9999999999688)	(58.0, 852.3333333333603)	(59.0, 434.3333333333261)	(60.0, 205.00000000000145)	(61.0, 82.33333333333324)	(62.0, 18.666666666666668)	(63.0, 3.666666666666667)	(64.0, 1.9999999999999998)	(65.0, 3.666666666666667)	(66.0, 4.999999999999999)	(67.0, 4.666666666666666)	(68.0, 4.999999999999999)	(69.0, 8.999999999999998)	(70.0, 11.66666666666667)	(71.0, 17.33333333333334)	(72.0, 34.99999999999997)	(73.0, 83.99999999999989)	(74.0, 116.66666666666609)	(75.0, 61.66666666666683)	(76.0, 23.999999999999982)	(77.0, 11.333333333333336)	(78.0, 19.666666666666664)	(79.0, 28.999999999999964)	(80.0, 27.666666666666636)	(81.0, 43.6666666666667)	(82.0, 85.99999999999986)	(83.0, 198.66666666666794)	(84.0, 794.3333333333537)	(85.0, 1633.3333333332412)	(86.0, 448.9999999999919)	(87.0, 1.6666666666666665)	(88.0, 0.0)	(89.0, 0.0)	(90.0, 0.0)	(91.0, 0.0)	(92.0, 0.0)	(93.0, 0.0)	(94.0, 0.0)	(95.0, 0.0)	(96.0, 0.0)	(97.0, 0.3333333333333333)	(98.0, 0.0)	(99.0, 0.0)	(100.0, 0.0)
122023-BEL-CBC-T4-536-PSTR_S50_R1_16S	(0.0, 0.0)	(1.0, 0.0)	(2.0, 0.0)	(3.0, 0.0)	(4.0, 0.0)	(5.0, 0.0)	(6.0, 0.0)	(7.0, 0.0)	(8.0, 0.0)	(9.0, 0.0)	(10.0, 0.0)	(11.0, 0.0)	(12.0, 0.0)	(13.0, 0.0)	(14.0, 0.0)	(15.0, 0.0)	(16.0, 0.0)	(17.0, 0.0)	(18.0, 0.0)	(19.0, 0.0)	(20.0, 0.0)	(21.0, 0.0)	(22.0, 0.0)	(23.0, 0.0)	(24.0, 0.3333333333333333)	(25.0, 0.3333333333333333)	(26.0, 0.3333333333333333)	(27.0, 7.33333333333333)	(28.0, 72.00000000000006)	(29.0, 4211.00000000064)	(30.0, 162278.66666681194)	(31.0, 237184.666668992)	(32.0, 47957.333333396164)	(33.0, 2907.000000000204)	(34.0, 1235.666666666665)	(35.0, 715.3333333333447)	(36.0, 486.66666666665645)	(37.0, 319.33333333333263)	(38.0, 277.0000000000017)	(39.0, 390.9999999999952)	(40.0, 364.9999999999967)	(41.0, 597.9999999999981)	(42.0, 1427.333333333288)	(43.0, 2956.6666666668934)	(44.0, 3023.3333333335904)	(45.0, 3783.333333333936)	(46.0, 6405.666666665311)	(47.0, 6075.333333332278)	(48.0, 6539.999999998522)	(49.0, 6017.999999998997)	(50.0, 5839.333333332493)	(51.0, 5260.666666666352)	(52.0, 7060.999999998048)	(53.0, 11209.33333333584)	(54.0, 14240.666666674688)	(55.0, 12464.333333338123)	(56.0, 10193.666666667326)	(57.0, 8439.666666664136)	(58.0, 5945.666666665729)	(59.0, 3378.6666666670853)	(60.0, 1463.666666666613)	(61.0, 554.3333333333264)	(62.0, 141.33333333333297)	(63.0, 33.66666666666663)	(64.0, 20.999999999999993)	(65.0, 10.666666666666668)	(66.0, 9.333333333333332)	(67.0, 7.666666666666663)	(68.0, 6.333333333333331)	(69.0, 6.999999999999997)	(70.0, 10.333333333333334)	(71.0, 22.33333333333332)	(72.0, 55.000000000000114)	(73.0, 89.66666666666647)	(74.0, 59.66666666666681)	(75.0, 72.33333333333339)	(76.0, 111.33333333333283)	(77.0, 127.99999999999926)	(78.0, 99.99999999999966)	(79.0, 64.00000000000017)	(80.0, 65.00000000000016)	(81.0, 84.66666666666654)	(82.0, 192.00000000000108)	(83.0, 531.9999999999906)	(84.0, 631.0000000000018)	(85.0, 221.0000000000019)	(86.0, 20.33333333333333)	(87.0, 1.0)	(88.0, 0.0)	(89.0, 0.0)	(90.0, 0.0)	(91.0, 0.0)	(92.0, 0.3333333333333333)	(93.0, 0.6666666666666666)	(94.0, 3.3333333333333335)	(95.0, 3.3333333333333335)	(96.0, 4.333333333333333)	(97.0, 3.0)	(98.0, 1.3333333333333333)	(99.0, 1.3333333333333333)	(100.0, 1.0)
Negative_S96_R1_16S	(0.0, 0.0)	(1.0, 0.0)	(2.0, 0.0)	(3.0, 0.0)	(4.0, 0.0)	(5.0, 0.0)	(6.0, 0.0)	(7.0, 0.0)	(8.0, 0.0)	(9.0, 0.0)	(10.0, 0.0)	(11.0, 0.0)	(12.0, 0.0)	(13.0, 0.0)	(14.0, 0.0)	(15.0, 0.0)	(16.0, 0.0)	(17.0, 0.0)	(18.0, 0.0)	(19.0, 0.0)	(20.0, 0.0)	(21.0, 0.0)	(22.0, 0.0)	(23.0, 0.0)	(24.0, 0.0)	(25.0, 0.0)	(26.0, 0.0)	(27.0, 1.0)	(28.0, 55.000000000000114)	(29.0, 766.3333333333505)	(30.0, 1396.6666666666283)	(31.0, 660.3333333333385)	(32.0, 106.66666666666623)	(33.0, 37.33333333333332)	(34.0, 19.0)	(35.0, 8.999999999999998)	(36.0, 4.333333333333333)	(37.0, 17.33333333333334)	(38.0, 28.3333333333333)	(39.0, 69.33333333333343)	(40.0, 36.999999999999986)	(41.0, 48.666666666666735)	(42.0, 44.000000000000036)	(43.0, 51.66666666666676)	(44.0, 63.333333333333506)	(45.0, 58.000000000000135)	(46.0, 15.000000000000009)	(47.0, 15.333333333333343)	(48.0, 16.333333333333343)	(49.0, 108.6666666666662)	(50.0, 786.3333333333528)	(51.0, 628.6666666666682)	(52.0, 472.33333333332394)	(53.0, 719.3333333333452)	(54.0, 198.3333333333346)	(55.0, 1191.0000000000084)	(56.0, 559.6666666666604)	(57.0, 28.3333333333333)	(58.0, 9.666666666666666)	(59.0, 13.666666666666673)	(60.0, 40.00000000000001)	(61.0, 19.0)	(62.0, 7.666666666666663)	(63.0, 12.000000000000004)	(64.0, 1.6666666666666665)	(65.0, 2.6666666666666665)	(66.0, 6.333333333333331)	(67.0, 7.33333333333333)	(68.0, 12.000000000000004)	(69.0, 17.33333333333334)	(70.0, 8.999999999999998)	(71.0, 13.33333333333334)	(72.0, 30.333333333333293)	(73.0, 109.99999999999952)	(74.0, 190.00000000000102)	(75.0, 137.99999999999955)	(76.0, 40.33333333333334)	(77.0, 6.999999999999997)	(78.0, 4.0)	(79.0, 4.999999999999999)	(80.0, 10.333333333333334)	(81.0, 15.000000000000009)	(82.0, 17.000000000000007)	(83.0, 25.999999999999975)	(84.0, 136.99999999999952)	(85.0, 636.0000000000024)	(86.0, 218.00000000000182)	(87.0, 0.6666666666666666)	(88.0, 0.0)	(89.0, 0.0)	(90.0, 0.0)	(91.0, 0.0)	(92.0, 0.0)	(93.0, 0.0)	(94.0, 0.0)	(95.0, 0.0)	(96.0, 0.0)	(97.0, 0.0)	(98.0, 0.0)	(99.0, 0.0)	(100.0, 0.0)
Undetermined_S0_R1_16S	(0.0, 0.0)	(1.0, 0.3333333333333333)	(2.0, 0.6666666666666666)	(3.0, 2.333333333333333)	(4.0, 10.333333333333334)	(5.0, 22.33333333333332)	(6.0, 27.333333333333304)	(7.0, 34.666666666666636)	(8.0, 94.6666666666664)	(9.0, 232.33333333333556)	(10.0, 522.6666666666562)	(11.0, 828.3333333333576)	(12.0, 959.6666666667059)	(13.0, 873.6666666666961)	(14.0, 974.3333333333742)	(15.0, 1300.9999999999834)	(16.0, 1296.9999999999843)	(17.0, 986.6666666667089)	(18.0, 877.0000000000298)	(19.0, 991.3333333333761)	(20.0, 1060.0000000000382)	(21.0, 979.0000000000414)	(22.0, 860.3333333333612)	(23.0, 711.0000000000109)	(24.0, 608.3333333333326)	(25.0, 507.66666666665526)	(26.0, 477.33333333332365)	(27.0, 542.3333333333251)	(28.0, 2131.9999999998518)	(29.0, 33428.33333329045)	(30.0, 87457.99999987172)	(31.0, 67587.66666682754)	(32.0, 22211.999999990716)	(33.0, 13229.666666672849)	(34.0, 8051.666666663814)	(35.0, 4310.666666667216)	(36.0, 5310.99999999964)	(37.0, 7398.666666664408)	(38.0, 15945.66666667779)	(39.0, 45556.66666671203)	(40.0, 72685.66666675336)	(41.0, 88754.99999985285)	(42.0, 99045.33333303644)	(43.0, 129831.9999992551)	(44.0, 154495.99999991877)	(45.0, 135209.99999935747)	(46.0, 118251.33333275696)	(47.0, 103235.33333297547)	(48.0, 69826.66666679496)	(49.0, 54457.33333344346)	(50.0, 48749.00000006859)	(51.0, 34426.66666663105)	(52.0, 20998.333333328465)	(53.0, 18641.66666667037)	(54.0, 17587.333333340874)	(55.0, 15272.333333343231)	(56.0, 13505.333333340017)	(57.0, 10699.666666668247)	(58.0, 6917.999999998178)	(59.0, 5230.3333333330465)	(60.0, 3945.3333333340097)	(61.0, 2329.333333333275)	(62.0, 1347.9999999999727)	(63.0, 895.0000000000318)	(64.0, 750.3333333333487)	(65.0, 670.666666666673)	(66.0, 618.6666666666671)	(67.0, 606.6666666666657)	(68.0, 588.6666666666637)	(69.0, 582.3333333333296)	(70.0, 646.6666666666703)	(71.0, 704.6666666666769)	(72.0, 827.6666666666908)	(73.0, 1093.333333333364)	(74.0, 1340.666666666641)	(75.0, 1222.6666666666679)	(76.0, 792.0000000000201)	(77.0, 490.3333333333229)	(78.0, 357.9999999999971)	(79.0, 315.6666666666662)	(80.0, 299.00000000000045)	(81.0, 345.9999999999978)	(82.0, 444.66666666665884)	(83.0, 571.9999999999951)	(84.0, 697.6666666666761)	(85.0, 956.3333333333721)	(86.0, 379.3333333333292)	(87.0, 34.3333333333333)	(88.0, 17.66666666666667)	(89.0, 23.333333333333318)	(90.0, 25.666666666666643)	(91.0, 17.66666666666667)	(92.0, 20.999999999999993)	(93.0, 61.000000000000156)	(94.0, 166.00000000000034)	(95.0, 246.33333333333596)	(96.0, 306.00000000000006)	(97.0, 296.0000000000006)	(98.0, 163.3333333333336)	(99.0, 71.3333333333334)	(100.0, 166.5)
